id,matchId,matchPeriod,minute,second,matchTimestamp,videoTimestamp,relatedEventId,shot,groundDuel,aerialDuel,infraction,carry,type.primary,type.secondary,location.x,location.y,team.id,team.name,team.formation,opponentTeam.id,opponentTeam.name,opponentTeam.formation,player.id,player.name,player.position,pass.accurate,pass.angle,pass.height,pass.length,pass.recipient.id,pass.recipient.name,pass.recipient.position,pass.endLocation.x,pass.endLocation.y,possession.id,possession.duration,possession.types,possession.eventsNumber,possession.eventIndex,possession.startLocation.x,possession.startLocation.y,possession.endLocation.x,possession.endLocation.y,possession.team.id,possession.team.name,possession.team.formation,possession.attack,pass,possession.attack.withShot,possession.attack.withShotOnGoal,possession.attack.withGoal,possession.attack.flank,possession.attack.xg,groundDuel.opponent.id,groundDuel.opponent.name,groundDuel.opponent.position,groundDuel.duelType,groundDuel.keptPossession,groundDuel.progressedWithBall,groundDuel.stoppedProgress,groundDuel.recoveredPossession,groundDuel.takeOn,groundDuel.side,groundDuel.relatedDuelId,infraction.yellowCard,infraction.redCard,infraction.type,infraction.opponent.id,infraction.opponent.name,infraction.opponent.position,possession,carry.progression,carry.endLocation.x,carry.endLocation.y,shot.bodyPart,shot.isGoal,shot.onTarget,shot.goalZone,shot.xg,shot.postShotXg,shot.goalkeeperActionId,shot.goalkeeper.id,shot.goalkeeper.name,shot.goalkeeper,aerialDuel.opponent.id,aerialDuel.opponent.name,aerialDuel.opponent.position,aerialDuel.opponent.height,aerialDuel.firstTouch,aerialDuel.height,aerialDuel.relatedDuelId,infraction.opponent,location
2761771415,5678949,1H,0,1,00:00:01.911,4.911881,2761771417.0,,,,,,pass,"['back_pass', 'short_or_medium_pass']",50.0,50.0,7055,Eskilsminne,4-2-3-1,6849,Jönköpings Södra,4-2-3-1,338669,C. Ljungberg,AMF,True,-165.0,,23.0,566323.0,F. Velander,LCB,29.0,41.0,2761771415.0,6.8131735,[],5.0,0.0,50.0,50.0,74.0,100.0,7055.0,Eskilsminne,4-2-3-1,,,,,,,,,,,,,,,,,,,,,,,,,,,,,,,,,,,,,,,,,,,,,,,
2761771417,5678949,1H,0,4,00:00:04.761,7.761229,2761771423.0,,,,,,pass,"['forward_pass', 'long_pass', 'pass_to_final_third', 'progressive_pass']",29.0,41.0,7055,Eskilsminne,4-2-3-1,6849,Jönköpings Södra,4-2-3-1,566323,F. Velander,LCB,True,37.0,high,52.0,989683.0,H. Lindahl,RAMF,68.0,87.0,2761771415.0,6.8131735,[],5.0,1.0,50.0,50.0,74.0,100.0,7055.0,Eskilsminne,4-2-3-1,,,,,,,,,,,,,,,,,,,,,,,,,,,,,,,,,,,,,,,,,,,,,,,
2761771377,5678949,1H,0,7,00:00:07.472,10.472422,2761771378.0,,,,,,duel,['loose_ball_duel'],32.0,13.0,6849,Jönköpings Södra,4-2-3-1,7055,Eskilsminne,4-2-3-1,692804,O. Almström,LB,,,,,,,,,,2761771415.0,6.8131735,[],5.0,2.0,50.0,50.0,74.0,100.0,7055.0,Eskilsminne,4-2-3-1,,,,,,,,,,,,,,,,,,,,,,,,,,,,,,,,,,,,,,,,,,,,,,,
2761771423,5678949,1H,0,7,00:00:07.472,10.472422,2761771378.0,,,,,,duel,['loose_ball_duel'],68.0,87.0,7055,Eskilsminne,4-2-3-1,6849,Jönköpings Södra,4-2-3-1,989683,H. Lindahl,RAMF,,,,,,,,,,2761771415.0,6.8131735,[],5.0,3.0,50.0,50.0,74.0,100.0,7055.0,Eskilsminne,4-2-3-1,,,,,,,,,,,,,,,,,,,,,,,,,,,,,,,,,,,,,,,,,,,,,,,
2761771376,5678949,1H,0,9,00:00:09.977,12.977687,,,,,,,game_interruption,['ball_out'],26.0,0.0,6849,Jönköpings Södra,4-2-3-1,7055,Eskilsminne,4-2-3-1,0,,,,,,,,,,,,2761771415.0,6.8131735,[],5.0,4.0,50.0,50.0,74.0,100.0,7055.0,Eskilsminne,4-2-3-1,,,,,,,,,,,,,,,,,,,,,,,,,,,,,,,,,,,,,,,,,,,,,,,
2761771378,5678949,1H,0,16,00:00:16.769,19.769069,2761771379.0,,,,,,throw_in,[],29.0,0.0,6849,Jönköpings Södra,4-2-3-1,7055,Eskilsminne,4-2-3-1,692804,O. Almström,LB,True,16.0,,37.0,1060411.0,A. Kiwarkis,LAMF,63.0,15.0,2761771378.0,9.6329445,"['attack', 'throw_in']",7.0,0.0,29.0,0.0,73.0,8.0,6849.0,Jönköpings Södra,4-2-3-1,,,False,False,False,left,0.0,,,,,,,,,,,,,,,,,,,,,,,,,,,,,,,,,,,,,,,,
2761771379,5678949,1H,0,17,00:00:17.284,20.284447,2761771380.0,,,,,,duel,['loose_ball_duel'],63.0,15.0,6849,Jönköpings Södra,4-2-3-1,7055,Eskilsminne,4-2-3-1,1060411,A. Kiwarkis,LAMF,,,,,,,,,,2761771378.0,9.6329445,"['attack', 'throw_in']",7.0,1.0,29.0,0.0,73.0,8.0,6849.0,Jönköpings Södra,4-2-3-1,,,False,False,False,left,0.0,,,,,,,,,,,,,,,,,,,,,,,,,,,,,,,,,,,,,,,,
2761771426,5678949,1H,0,17,00:00:17.284,20.284447,2761771380.0,,,,,,duel,['loose_ball_duel'],37.0,85.0,7055,Eskilsminne,4-2-3-1,6849,Jönköpings Södra,4-2-3-1,813232,J. Albin,RB,,,,,,,,,,2761771378.0,9.6329445,"['attack', 'throw_in']",7.0,2.0,29.0,0.0,73.0,8.0,6849.0,Jönköpings Södra,4-2-3-1,,,False,False,False,left,0.0,,,,,,,,,,,,,,,,,,,,,,,,,,,,,,,,,,,,,,,,
2761771380,5678949,1H,0,18,00:00:18.164,21.164368,2761771381.0,,,,,,pass,"['forward_pass', 'head_pass', 'pass_to_final_third', 'short_or_medium_pass']",66.0,11.0,6849,Jönköpings Södra,4-2-3-1,7055,Eskilsminne,4-2-3-1,1060411,A. Kiwarkis,LAMF,True,-16.0,high,7.0,615327.0,I. Ellbring,AMF,72.0,8.0,2761771378.0,9.6329445,"['attack', 'throw_in']",7.0,3.0,29.0,0.0,73.0,8.0,6849.0,Jönköpings Södra,4-2-3-1,,,False,False,False,left,0.0,,,,,,,,,,,,,,,,,,,,,,,,,,,,,,,,,,,,,,,,
2761771381,5678949,1H,0,24,00:00:24.367,27.367836,2761771431.0,,,,,,duel,"['foul_suffered', 'ground_duel', 'offensive_duel']",72.0,8.0,6849,Jönköpings Södra,4-2-3-1,7055,Eskilsminne,4-2-3-1,615327,I. Ellbring,AMF,,,,,,,,,,2761771378.0,9.6329445,"['attack', 'throw_in']",7.0,4.0,29.0,0.0,73.0,8.0,6849.0,Jönköpings Södra,4-2-3-1,,,False,False,False,left,0.0,813232.0,J. Albin,RB,offensive_duel,True,True,,,False,,2761771429.0,,,,,,,,,,,,,,,,,,,,,,,,,,,,,
2761771429,5678949,1H,0,24,00:00:24.367,27.367836,2761771431.0,,,,,,duel,"['defensive_duel', 'ground_duel']",28.0,92.0,7055,Eskilsminne,4-2-3-1,6849,Jönköpings Södra,4-2-3-1,813232,J. Albin,RB,,,,,,,,,,2761771378.0,9.6329445,"['attack', 'throw_in']",7.0,5.0,29.0,0.0,73.0,8.0,6849.0,Jönköpings Södra,4-2-3-1,,,False,False,False,left,0.0,615327.0,I. Ellbring,AMF,defensive_duel,,,False,False,False,,2761771381.0,,,,,,,,,,,,,,,,,,,,,,,,,,,,,
2761771431,5678949,1H,0,28,00:00:28.436,31.436191,2761771381.0,,,,,,infraction,['foul'],27.0,92.0,7055,Eskilsminne,4-2-3-1,6849,Jönköpings Södra,4-2-3-1,813232,J. Albin,RB,,,,,,,,,,2761771378.0,9.6329445,"['attack', 'throw_in']",7.0,6.0,29.0,0.0,73.0,8.0,6849.0,Jönköpings Södra,4-2-3-1,,,False,False,False,left,0.0,,,,,,,,,,,,False,False,regular_foul,615327.0,I. Ellbring,AMF,,,,,,,,,,,,,,,,,,,,,,,
2761771382,5678949,1H,0,53,00:00:53.920,56.92024,2761771436.0,,,,,,free_kick,['free_kick_cross'],75.0,11.0,6849,Jönköpings Södra,4-2-3-1,7055,Eskilsminne,4-2-3-1,615327,I. Ellbring,AMF,False,67.0,high,25.0,813232.0,J. Albin,RB,85.0,44.0,2761771382.0,20.147479,"['set_piece_attack', 'free_kick', 'free_kick_cross']",10.0,0.0,75.0,11.0,36.0,28.0,6849.0,Jönköpings Södra,4-2-3-1,,,,,,,,,,,,,,,,,,,,,,,,,,,,,,,,,,,,,,,,,,,,,,,
2761771436,5678949,1H,0,55,00:00:55.586,58.586782,2761771383.0,,,,,,interception,"['head_pass', 'loss']",15.0,56.0,7055,Eskilsminne,4-2-3-1,6849,Jönköpings Södra,4-2-3-1,813232,J. Albin,RB,,,,,,,,,,2761771382.0,20.147479,"['set_piece_attack', 'free_kick', 'free_kick_cross']",10.0,1.0,75.0,11.0,36.0,28.0,6849.0,Jönköpings Södra,4-2-3-1,,,,,,,,,,,,,,,,,,,,,,,,,,,,,,,,,,,,,,,,,,,,,,,
2761771383,5678949,1H,1,0,00:01:00.343,63.343171,2761771384.0,,,,,,pass,"['back_pass', 'recovery', 'counterpressing_recovery', 'short_or_medium_pass']",52.0,44.0,6849,Jönköpings Södra,4-2-3-1,7055,Eskilsminne,4-2-3-1,558236,L. Eek,LCB,True,163.0,,31.0,899727.0,A. Eriksson,GK,24.0,57.0,2761771382.0,20.147479,"['set_piece_attack', 'free_kick', 'free_kick_cross']",10.0,2.0,75.0,11.0,36.0,28.0,6849.0,Jönköpings Södra,4-2-3-1,,,,,,,,,,,,,,,,,,,,,,,,,,,,,,,,,,,,,,,,,,,,,,,
2761771384,5678949,1H,1,6,00:01:06.966,69.966294,2761771443.0,,,,,,pass,"['forward_pass', 'long_pass', 'loss', 'pass_to_final_third']",24.0,57.0,6849,Jönköpings Södra,4-2-3-1,7055,Eskilsminne,4-2-3-1,899727,A. Eriksson,GK,False,-13.0,high,48.0,739449.0,L. Larsen,RCB,69.0,41.0,2761771382.0,20.147479,"['set_piece_attack', 'free_kick', 'free_kick_cross']",10.0,3.0,75.0,11.0,36.0,28.0,6849.0,Jönköpings Södra,4-2-3-1,,,,,,,,,,,,,,,,,,,,,,,,,,,,,,,,,,,,,,,,,,,,,,,
2761771443,5678949,1H,1,10,00:01:10.090,73.090774,2761773423.0,,,,,,pass,"['forward_pass', 'head_pass', 'progressive_pass', 'recovery', 'short_or_medium_pass']",31.0,59.0,7055,Eskilsminne,4-2-3-1,6849,Jönköpings Södra,4-2-3-1,739449,L. Larsen,RCB,True,13.0,high,23.0,0.0,,,52.0,66.0,2761771382.0,20.147479,"['set_piece_attack', 'free_kick', 'free_kick_cross']",10.0,4.0,75.0,11.0,36.0,28.0,6849.0,Jönköpings Södra,4-2-3-1,,,,,,,,,,,,,,,,,,,,,,,,,,,,,,,,,,,,,,,,,,,,,,,
2761771385,5678949,1H,1,12,00:01:12.356,75.356466,2761771449.0,,,,,,duel,['loose_ball_duel'],48.0,34.0,6849,Jönköpings Södra,4-2-3-1,7055,Eskilsminne,4-2-3-1,51679,J. Drott,LDMF,,,,,,,,,,2761771382.0,20.147479,"['set_piece_attack', 'free_kick', 'free_kick_cross']",10.0,5.0,75.0,11.0,36.0,28.0,6849.0,Jönköpings Södra,4-2-3-1,,,,,,,,,,,,,,,,,,,,,,,,,,,,,,,,,,,,,,,,,,,,,,,
2761773423,5678949,1H,1,12,00:01:12.356,75.356466,2761771449.0,,,,,,duel,['loose_ball_duel'],52.0,66.0,7055,Eskilsminne,4-2-3-1,6849,Jönköpings Södra,4-2-3-1,0,,,,,,,,,,,,2761771382.0,20.147479,"['set_piece_attack', 'free_kick', 'free_kick_cross']",10.0,6.0,75.0,11.0,36.0,28.0,6849.0,Jönköpings Södra,4-2-3-1,,,,,,,,,,,,,,,,,,,,,,,,,,,,,,,,,,,,,,,,,,,,,,,
2761771449,5678949,1H,1,12,00:01:12.639,75.639868,2761771386.0,,,,,,pass,"['forward_pass', 'head_pass', 'loss', 'pass_to_final_third', 'short_or_medium_pass']",53.0,66.0,7055,Eskilsminne,4-2-3-1,6849,Jönköpings Södra,4-2-3-1,338669,C. Ljungberg,AMF,False,12.0,high,15.0,558236.0,L. Eek,LCB,67.0,70.0,2761771382.0,20.147479,"['set_piece_attack', 'free_kick', 'free_kick_cross']",10.0,7.0,75.0,11.0,36.0,28.0,6849.0,Jönköpings Södra,4-2-3-1,,,,,,,,,,,,,,,,,,,,,,,,,,,,,,,,,,,,,,,,,,,,,,,
2761771386,5678949,1H,1,14,00:01:14.024,77.024093,2761771454.0,,,,,,pass,"['forward_pass', 'loss', 'progressive_pass', 'short_or_medium_pass']",33.0,30.0,6849,Jönköpings Södra,4-2-3-1,7055,Eskilsminne,4-2-3-1,558236,L. Eek,LCB,False,-18.0,,3.0,807610.0,T. Bermudez,CF,36.0,28.0,2761771382.0,20.147479,"['set_piece_attack', 'free_kick', 'free_kick_cross']",10.0,8.0,75.0,11.0,36.0,28.0,6849.0,Jönköpings Södra,4-2-3-1,,,,,,,,,,,,,,,,,,,,,,,,,,,,,,,,,,,,,,,,,,,,,,,
2761771454,5678949,1H,1,14,00:01:14.111,77.111345,2761771456.0,,,,,,interception,"['recovery', 'counterpressing_recovery']",64.0,72.0,7055,Eskilsminne,4-2-3-1,6849,Jönköpings Södra,4-2-3-1,807610,T. Bermudez,CF,,,,,,,,,,2761771382.0,20.147479,"['set_piece_attack', 'free_kick', 'free_kick_cross']",10.0,9.0,75.0,11.0,36.0,28.0,6849.0,Jönköpings Södra,4-2-3-1,,,,,,,,,,,,,,,,,,,,,,,,,,,,,,,,,,,,,,,,,,,,,,,
2761771456,5678949,1H,1,16,00:01:16.335,79.3353,2761771387.0,,,,,,touch,[],57.0,93.0,7055,Eskilsminne,4-2-3-1,6849,Jönköpings Södra,4-2-3-1,989683,H. Lindahl,RAMF,,,,,,,,,,,,,,,,,,,,,,,,,,,,,,,,,,,,,,,,,,,,,,,,,,,,,,,,,,,,,,,,,,,,
2761771387,5678949,1H,1,17,00:01:17.916,80.916962,,,,,,,game_interruption,['ball_out'],44.0,0.0,6849,Jönköpings Södra,4-2-3-1,7055,Eskilsminne,4-2-3-1,0,,,,,,,,,,,,,,,,,,,,,,,,,,,,,,,,,,,,,,,,,,,,,,,,,,,,,,,,,,,,,,,,,,,,,,
2761771388,5678949,1H,1,20,00:01:20.229,83.229028,2761771389.0,,,,,,throw_in,[],35.0,0.0,6849,Jönköpings Södra,4-2-3-1,7055,Eskilsminne,4-2-3-1,692804,O. Almström,LB,True,76.0,,13.0,51679.0,J. Drott,LDMF,38.0,18.0,2761771388.0,18.305425,['throw_in'],10.0,0.0,35.0,0.0,57.0,75.0,6849.0,Jönköpings Södra,4-2-3-1,,,,,,,,,,,,,,,,,,,,,,,,,,,,,,,,,,,,,,,,,,,,,,,
2761771389,5678949,1H,1,20,00:01:20.838,83.83805,2761771390.0,,,,,,pass,"['back_pass', 'short_or_medium_pass']",38.0,18.0,6849,Jönköpings Södra,4-2-3-1,7055,Eskilsminne,4-2-3-1,51679,J. Drott,LDMF,True,-139.0,,11.0,692804.0,O. Almström,LB,30.0,8.0,2761771388.0,18.305425,['throw_in'],10.0,1.0,35.0,0.0,57.0,75.0,6849.0,Jönköpings Södra,4-2-3-1,,,,,,,,,,,,,,,,,,,,,,,,,,,,,,,,,,,,,,,,,,,,,,,
2761771390,5678949,1H,1,22,00:01:22.614,85.614795,2761771391.0,,,,,,pass,"['lateral_pass', 'short_or_medium_pass']",30.0,8.0,6849,Jönköpings Södra,4-2-3-1,7055,Eskilsminne,4-2-3-1,692804,O. Almström,LB,True,52.0,,17.0,51679.0,J. Drott,LDMF,40.0,27.0,2761771388.0,18.305425,['throw_in'],10.0,2.0,35.0,0.0,57.0,75.0,6849.0,Jönköpings Södra,4-2-3-1,,,,,,,,,,,,,,,,,,,,,,,,,,,,,,,,,,,,,,,,,,,,,,,
2761771391,5678949,1H,1,23,00:01:23.941,86.941673,2761771392.0,,,,,,pass,"['lateral_pass', 'short_or_medium_pass']",40.0,27.0,6849,Jönköpings Södra,4-2-3-1,7055,Eskilsminne,4-2-3-1,51679,J. Drott,LDMF,True,-72.0,,13.0,615327.0,I. Ellbring,AMF,44.0,9.0,2761771388.0,18.305425,['throw_in'],10.0,3.0,35.0,0.0,57.0,75.0,6849.0,Jönköpings Södra,4-2-3-1,,,,,,,,,,,,,,,,,,,,,,,,,,,,,,,,,,,,,,,,,,,,,,,
2761771392,5678949,1H,1,25,00:01:25.861,88.861253,2761771393.0,,,,,,pass,['short_or_medium_pass'],44.0,9.0,6849,Jönköpings Södra,4-2-3-1,7055,Eskilsminne,4-2-3-1,615327,I. Ellbring,AMF,True,117.0,,6.0,692804.0,O. Almström,LB,41.0,17.0,2761771388.0,18.305425,['throw_in'],10.0,4.0,35.0,0.0,57.0,75.0,6849.0,Jönköpings Södra,4-2-3-1,,,,,,,,,,,,,,,,,,,,,,,,,,,,,,,,,,,,,,,,,,,,,,,
2761771393,5678949,1H,1,28,00:01:28.369,91.369646,2761771460.0,,,,,,pass,"['forward_pass', 'loss', 'short_or_medium_pass']",41.0,17.0,6849,Jönköpings Södra,4-2-3-1,7055,Eskilsminne,4-2-3-1,692804,O. Almström,LB,False,-27.0,,7.0,989683.0,H. Lindahl,RAMF,47.0,13.0,2761771388.0,18.305425,['throw_in'],10.0,5.0,35.0,0.0,57.0,75.0,6849.0,Jönköpings Södra,4-2-3-1,,,,,,,,,,,,,,,,,,,,,,,,,,,,,,,,,,,,,,,,,,,,,,,
2761771460,5678949,1H,1,28,00:01:28.658,91.658619,2761771394.0,,,,,,interception,"['loss', 'recovery']",53.0,87.0,7055,Eskilsminne,4-2-3-1,6849,Jönköpings Södra,4-2-3-1,989683,H. Lindahl,RAMF,,,,,,,,,,2761771388.0,18.305425,['throw_in'],10.0,6.0,35.0,0.0,57.0,75.0,6849.0,Jönköpings Södra,4-2-3-1,,,,,,,,,,,,,,,,,,,,,,,,,,,,,,,,,,,,,,,,,,,,,,,
2761771394,5678949,1H,1,32,00:01:32.595,95.595715,2761771395.0,,,,,,pass,"['lateral_pass', 'recovery', 'counterpressing_recovery', 'short_or_medium_pass']",28.0,65.0,6849,Jönköpings Södra,4-2-3-1,7055,Eskilsminne,4-2-3-1,613701,H. Lyck,RCB,True,90.0,,14.0,73.0,M. Johansson,RB,28.0,85.0,2761771388.0,18.305425,['throw_in'],10.0,7.0,35.0,0.0,57.0,75.0,6849.0,Jönköpings Södra,4-2-3-1,,,,,,,,,,,,,,,,,,,,,,,,,,,,,,,,,,,,,,,,,,,,,,,
2761771395,5678949,1H,1,36,00:01:36.844,99.844891,2761771396.0,,,,,,pass,"['forward_pass', 'progressive_pass', 'short_or_medium_pass']",28.0,85.0,6849,Jönköpings Södra,4-2-3-1,7055,Eskilsminne,4-2-3-1,73,M. Johansson,RB,True,-13.0,,31.0,1060409.0,L. Lyck,CF,57.0,75.0,2761771388.0,18.305425,['throw_in'],10.0,8.0,35.0,0.0,57.0,75.0,6849.0,Jönköpings Södra,4-2-3-1,,,,,,,,,,,,,,,,,,,,,,,,,,,,,,,,,,,,,,,,,,,,,,,
2761771396,5678949,1H,1,38,00:01:38.534,101.534453,2761771469.0,,,,,,duel,"['ground_duel', 'linkup_play', 'loss', 'offensive_duel']",57.0,75.0,6849,Jönköpings Södra,4-2-3-1,7055,Eskilsminne,4-2-3-1,1060409,L. Lyck,CF,,,,,,,,,,2761771388.0,18.305425,['throw_in'],10.0,9.0,35.0,0.0,57.0,75.0,6849.0,Jönköpings Södra,4-2-3-1,,,,,,,,566323.0,F. Velander,LCB,offensive_duel,False,False,,,False,,2761771466.0,,,,,,,,,,,,,,,,,,,,,,,,,,,,,
2761771466,5678949,1H,1,38,00:01:38.534,101.534453,2761771469.0,,,,,,duel,"['defensive_duel', 'ground_duel', 'recovery']",43.0,25.0,7055,Eskilsminne,4-2-3-1,6849,Jönköpings Södra,4-2-3-1,566323,F. Velander,LCB,,,,,,,,,,2761771466.0,20.252588,['transition_medium'],6.0,0.0,43.0,25.0,85.0,4.0,7055.0,Eskilsminne,4-2-3-1,,,,,,,,1060409.0,L. Lyck,CF,defensive_duel,,,True,True,False,,2761771396.0,,,,,,,,,,,,,,,,,,,,,,,,,,,,,
2761771469,5678949,1H,1,40,00:01:40.493,103.493033,2761771471.0,,,,,,pass,['short_or_medium_pass'],54.0,19.0,7055,Eskilsminne,4-2-3-1,6849,Jönköpings Södra,4-2-3-1,517376,H. Norrby,LDMF,True,-73.0,,10.0,51079.0,L. Ohlander,LB,57.0,5.0,2761771466.0,20.252588,['transition_medium'],6.0,1.0,43.0,25.0,85.0,4.0,7055.0,Eskilsminne,4-2-3-1,,,,,,,,,,,,,,,,,,,,,,,,,,,,,,,,,,,,,,,,,,,,,,,
2761771471,5678949,1H,1,43,00:01:43.011,106.011892,2761771473.0,,,,,,pass,"['back_pass', 'short_or_medium_pass']",57.0,5.0,7055,Eskilsminne,4-2-3-1,6849,Jönköpings Södra,4-2-3-1,51079,L. Ohlander,LB,True,160.0,,26.0,566323.0,F. Velander,LCB,33.0,17.0,2761771466.0,20.252588,['transition_medium'],6.0,2.0,43.0,25.0,85.0,4.0,7055.0,Eskilsminne,4-2-3-1,,,,,,,,,,,,,,,,,,,,,,,,,,,,,,,,,,,,,,,,,,,,,,,
2761771473,5678949,1H,1,45,00:01:45.960,108.960055,2761771474.0,,,,,,pass,"['lateral_pass', 'short_or_medium_pass']",33.0,17.0,7055,Eskilsminne,4-2-3-1,6849,Jönköpings Södra,4-2-3-1,566323,F. Velander,LCB,True,110.0,,27.0,739449.0,L. Larsen,RCB,25.0,54.0,2761771466.0,20.252588,['transition_medium'],6.0,3.0,43.0,25.0,85.0,4.0,7055.0,Eskilsminne,4-2-3-1,,,,,,,,,,,,,,,,,,,,,,,,,,,,,,,,,,,,,,,,,,,,,,,
2761771474,5678949,1H,1,50,00:01:50.950,113.950606,2761771478.0,,,,,,pass,"['lateral_pass', 'short_or_medium_pass']",25.0,54.0,7055,Eskilsminne,4-2-3-1,6849,Jönköpings Södra,4-2-3-1,739449,L. Larsen,RCB,True,-75.0,,34.0,51079.0,L. Ohlander,LB,33.0,5.0,2761771466.0,20.252588,['transition_medium'],6.0,4.0,43.0,25.0,85.0,4.0,7055.0,Eskilsminne,4-2-3-1,,,,,,,,,,,,,,,,,,,,,,,,,,,,,,,,,,,,,,,,,,,,,,,
2761771478,5678949,1H,1,55,00:01:55.567,118.567415,2761771398.0,,,,,,pass,"['forward_pass', 'long_pass', 'loss', 'pass_to_final_third']",33.0,5.0,7055,Eskilsminne,4-2-3-1,6849,Jönköpings Södra,4-2-3-1,51079,L. Ohlander,LB,False,0.0,high,55.0,558236.0,L. Eek,LCB,85.0,4.0,2761771466.0,20.252588,['transition_medium'],6.0,5.0,43.0,25.0,85.0,4.0,7055.0,Eskilsminne,4-2-3-1,,,,,,,,,,,,,,,,,,,,,,,,,,,,,,,,,,,,,,,,,,,,,,,
2761771398,5678949,1H,2,1,00:02:01.966,124.966407,2761771484.0,,,,,,pass,"['forward_pass', 'long_pass', 'loss', 'pass_to_final_third']",15.0,96.0,6849,Jönköpings Södra,4-2-3-1,7055,Eskilsminne,4-2-3-1,558236,L. Eek,LCB,False,0.0,high,69.0,566323.0,F. Velander,LCB,81.0,96.0,2761771398.0,12.477643,['transition_low'],5.0,0.0,15.0,96.0,56.0,78.0,6849.0,Jönköpings Södra,4-2-3-1,,,,,,,,,,,,,,,,,,,,,,,,,,,,,,,,,,,,,,,,,,,,,,,
2761771484,5678949,1H,2,11,00:02:11.003,134.003886,2761771399.0,,,,,,pass,"['forward_pass', 'long_pass', 'loss', 'progressive_pass']",19.0,4.0,7055,Eskilsminne,4-2-3-1,6849,Jönköpings Södra,4-2-3-1,566323,F. Velander,LCB,False,27.0,high,42.0,613701.0,H. Lyck,RCB,54.0,33.0,2761771398.0,12.477643,['transition_low'],5.0,1.0,15.0,96.0,56.0,78.0,6849.0,Jönköpings Södra,4-2-3-1,,,,,,,,,,,,,,,,,,,,,,,,,,,,,,,,,,,,,,,,,,,,,,,
2761771399,5678949,1H,2,13,00:02:13.083,136.083891,2761771400.0,,,,,,touch,['carry'],46.0,67.0,6849,Jönköpings Södra,4-2-3-1,7055,Eskilsminne,4-2-3-1,613701,H. Lyck,RCB,,,,,,,,,,2761771398.0,12.477643,['transition_low'],5.0,2.0,15.0,96.0,56.0,78.0,6849.0,Jönköpings Södra,4-2-3-1,,,,,,,,,,,,,,,,,,,,,,,,,,7.897,56.0,78.0,,,,,,,,,,,,,,,,,,,
2761771400,5678949,1H,2,14,00:02:14.444,137.44405,2761771401.0,,,,,,duel,"['ground_duel', 'loss', 'offensive_duel', 'sliding_tackle']",56.0,78.0,6849,Jönköpings Södra,4-2-3-1,7055,Eskilsminne,4-2-3-1,613701,H. Lyck,RCB,,,,,,,,,,2761771398.0,12.477643,['transition_low'],5.0,3.0,15.0,96.0,56.0,78.0,6849.0,Jönköpings Södra,4-2-3-1,,,,,,,,989684.0,M. Larsson,LAMF,offensive_duel,False,False,,,False,,2761771494.0,,,,,,,,,,,,,,,,,,,,,,,,,,,,,
2761771494,5678949,1H,2,14,00:02:14.444,137.44405,2761771401.0,,,,,,duel,"['defensive_duel', 'foul_suffered', 'ground_duel', 'loss', 'recovery', 'counterpressing_recovery']",44.0,22.0,7055,Eskilsminne,4-2-3-1,6849,Jönköpings Södra,4-2-3-1,989684,M. Larsson,LAMF,,,,,,,,,,2761771398.0,12.477643,['transition_low'],5.0,4.0,15.0,96.0,56.0,78.0,6849.0,Jönköpings Södra,4-2-3-1,,,,,,,,613701.0,H. Lyck,RCB,defensive_duel,,,True,True,False,,2761771400.0,,,,,,,,,,,,,,,,,,,,,,,,,,,,,
2761771401,5678949,1H,2,15,00:02:15.424,138.424179,2761771494.0,,,,,,infraction,['foul'],58.0,76.0,6849,Jönköpings Södra,4-2-3-1,7055,Eskilsminne,4-2-3-1,613701,H. Lyck,RCB,,,,,,,,,,,,,,,,,,,,,,,,,,,,,,,,,,,,,,,,False,False,regular_foul,989684.0,M. Larsson,LAMF,,,,,,,,,,,,,,,,,,,,,,,
2761771496,5678949,1H,2,29,00:02:29.822,152.82215,2761771497.0,,,,,,free_kick,[],43.0,25.0,7055,Eskilsminne,4-2-3-1,6849,Jönköpings Södra,4-2-3-1,0,,,True,-28.0,,15.0,517376.0,H. Norrby,LDMF,55.0,14.0,2761771496.0,8.4737225,"['set_piece_attack', 'free_kick']",6.0,0.0,43.0,25.0,35.0,22.0,7055.0,Eskilsminne,4-2-3-1,,,,,,,,,,,,,,,,,,,,,,,,,,,,,,,,,,,,,,,,,,,,,,,
2761771497,5678949,1H,2,33,00:02:33.367,156.367926,2761771498.0,,,,,,pass,"['back_pass', 'short_or_medium_pass']",55.0,14.0,7055,Eskilsminne,4-2-3-1,6849,Jönköpings Södra,4-2-3-1,517376,H. Norrby,LDMF,True,-166.0,,16.0,51079.0,L. Ohlander,LB,40.0,9.0,2761771496.0,8.4737225,"['set_piece_attack', 'free_kick']",6.0,1.0,43.0,25.0,35.0,22.0,7055.0,Eskilsminne,4-2-3-1,,,,,,,,,,,,,,,,,,,,,,,,,,,,,,,,,,,,,,,,,,,,,,,
2761771498,5678949,1H,2,35,00:02:35.350,158.350604,2761771499.0,,,,,,pass,['short_or_medium_pass'],40.0,9.0,7055,Eskilsminne,4-2-3-1,6849,Jönköpings Södra,4-2-3-1,51079,L. Ohlander,LB,True,124.0,,7.0,566323.0,F. Velander,LCB,36.0,18.0,2761771496.0,8.4737225,"['set_piece_attack', 'free_kick']",6.0,2.0,43.0,25.0,35.0,22.0,7055.0,Eskilsminne,4-2-3-1,,,,,,,,,,,,,,,,,,,,,,,,,,,,,,,,,,,,,,,,,,,,,,,
2761771402,5678949,1H,2,37,00:02:37.450,160.450989,2761771403.0,,,,,,duel,"['defensive_duel', 'ground_duel']",64.0,82.0,6849,Jönköpings Södra,4-2-3-1,7055,Eskilsminne,4-2-3-1,1060409,L. Lyck,CF,,,,,,,,,,2761771496.0,8.4737225,"['set_piece_attack', 'free_kick']",6.0,3.0,43.0,25.0,35.0,22.0,7055.0,Eskilsminne,4-2-3-1,,,,,,,,566323.0,F. Velander,LCB,defensive_duel,,,False,False,False,,2761771499.0,,,,,,,,,,,,,,,,,,,,,,,,,,,,,
2761771499,5678949,1H,2,37,00:02:37.450,160.450989,2761771403.0,,,,,,duel,"['foul_suffered', 'ground_duel', 'offensive_duel']",36.0,18.0,7055,Eskilsminne,4-2-3-1,6849,Jönköpings Södra,4-2-3-1,566323,F. Velander,LCB,,,,,,,,,,2761771496.0,8.4737225,"['set_piece_attack', 'free_kick']",6.0,4.0,43.0,25.0,35.0,22.0,7055.0,Eskilsminne,4-2-3-1,,,,,,,,1060409.0,L. Lyck,CF,offensive_duel,True,True,,,False,,2761771402.0,,,,,,,,,,,,,,,,,,,,,,,,,,,,,
2761771403,5678949,1H,2,39,00:02:39.140,162.140756,2761771499.0,,,,,,infraction,['foul'],65.0,78.0,6849,Jönköpings Södra,4-2-3-1,7055,Eskilsminne,4-2-3-1,1060409,L. Lyck,CF,,,,,,,,,,2761771496.0,8.4737225,"['set_piece_attack', 'free_kick']",6.0,5.0,43.0,25.0,35.0,22.0,7055.0,Eskilsminne,4-2-3-1,,,,,,,,,,,,,,,,,,,False,False,regular_foul,566323.0,F. Velander,LCB,,,,,,,,,,,,,,,,,,,,,,,
2761771500,5678949,1H,2,52,00:02:52.978,175.97828,2761771501.0,,,,,,free_kick,[],35.0,22.0,7055,Eskilsminne,4-2-3-1,6849,Jönköpings Södra,4-2-3-1,566323,F. Velander,LCB,True,60.0,,42.0,338669.0,C. Ljungberg,AMF,55.0,76.0,2761771500.0,8.2830875,"['set_piece_attack', 'attack', 'free_kick']",7.0,0.0,35.0,22.0,92.0,60.0,7055.0,Eskilsminne,4-2-3-1,,,True,True,True,center,0.2573,,,,,,,,,,,,,,,,,,,,,,,,,,,,,,,,,,,,,,,,
2761771501,5678949,1H,2,55,00:02:55.550,178.550898,2761771404.0,,,,,,pass,"['forward_pass', 'loss', 'progressive_run', 'carry', 'short_or_medium_pass']",55.0,76.0,7055,Eskilsminne,4-2-3-1,6849,Jönköpings Södra,4-2-3-1,338669,C. Ljungberg,AMF,False,-45.0,,4.0,51679.0,J. Drott,LDMF,58.0,72.0,2761771500.0,8.2830875,"['set_piece_attack', 'attack', 'free_kick']",7.0,1.0,35.0,22.0,92.0,60.0,7055.0,Eskilsminne,4-2-3-1,,,True,True,True,center,0.2573,,,,,,,,,,,,,,,,,,,-12.26,76.0,63.0,,,,,,,,,,,,,,,,,,,
2761771404,5678949,1H,2,55,00:02:55.690,178.690697,2761771505.0,,,,,,touch,['loss'],42.0,28.0,6849,Jönköpings Södra,4-2-3-1,7055,Eskilsminne,4-2-3-1,51679,J. Drott,LDMF,,,,,,,,,,2761771500.0,8.2830875,"['set_piece_attack', 'attack', 'free_kick']",7.0,2.0,35.0,22.0,92.0,60.0,7055.0,Eskilsminne,4-2-3-1,,,True,True,True,center,0.2573,,,,,,,,,,,,,,,,,,,,,,,,,,,,,,,,,,,,,,,,
2761771502,5678949,1H,2,56,00:02:56.831,179.831165,2761771505.0,,,,,,touch,[],59.0,67.0,7055,Eskilsminne,4-2-3-1,6849,Jönköpings Södra,4-2-3-1,338669,C. Ljungberg,AMF,,,,,,,,,,2761771500.0,8.2830875,"['set_piece_attack', 'attack', 'free_kick']",7.0,3.0,35.0,22.0,92.0,60.0,7055.0,Eskilsminne,4-2-3-1,,,True,True,True,center,0.2573,,,,,,,,,,,,,,,,,,,,,,,,,,,,,,,,,,,,,,,,
2761771505,5678949,1H,3,0,00:03:00.365,183.365356,2761771405.0,,,,,,pass,"['assist', 'forward_pass', 'key_pass', 'pass_to_penalty_area', 'short_or_medium_pass', 'shot_assist', 'smart_pass', 'through_pass']",76.0,63.0,7055,Eskilsminne,4-2-3-1,6849,Jönköpings Södra,4-2-3-1,338669,C. Ljungberg,AMF,True,6.0,,10.0,558236.0,L. Eek,LCB,85.0,65.0,2761771500.0,8.2830875,"['set_piece_attack', 'attack', 'free_kick']",7.0,4.0,35.0,22.0,92.0,60.0,7055.0,Eskilsminne,4-2-3-1,,,True,True,True,center,0.2573,,,,,,,,,,,,,,,,,,,,,,,,,,,,,,,,,,,,,,,,
2761771405,5678949,1H,3,0,00:03:00.688,183.68813,2761771506.0,,,,,,touch,[],15.0,35.0,6849,Jönköpings Södra,4-2-3-1,7055,Eskilsminne,4-2-3-1,558236,L. Eek,LCB,,,,,,,,,,2761771500.0,8.2830875,"['set_piece_attack', 'attack', 'free_kick']",7.0,5.0,35.0,22.0,92.0,60.0,7055.0,Eskilsminne,4-2-3-1,,,True,True,True,center,0.2573,,,,,,,,,,,,,,,,,,,,,,,,,,,,,,,,,,,,,,,,
2761771506,5678949,1H,3,1,00:03:01.834,184.834605,,,,,,,shot,"['goal', 'opportunity', 'touch_in_box']",92.0,60.0,7055,Eskilsminne,4-2-3-1,6849,Jönköpings Södra,4-2-3-1,807610,T. Bermudez,CF,,,,,,,,,,2761771500.0,8.2830875,"['set_piece_attack', 'attack', 'free_kick']",7.0,6.0,35.0,22.0,92.0,60.0,7055.0,Eskilsminne,4-2-3-1,,,True,True,True,center,0.2573,,,,,,,,,,,,,,,,,,,,,,right_foot,True,True,gb,0.2573,0.2197,2761771406.0,899727.0,A. Eriksson,,,,,,,,,,
2761771406,5678949,1H,3,3,00:03:03.100,186.100598,2761771506.0,,,,,,shot_against,['conceded_goal'],6.0,42.0,6849,Jönköpings Södra,4-2-3-1,7055,Eskilsminne,4-2-3-1,899727,A. Eriksson,GK,,,,,,,,,,,,,,,,,,,,,,,,,,,,,,,,,,,,,,,,,,,,,,,,,,,,,,,,,,,,,,,,,,,,
2761771407,5678949,1H,4,4,00:04:04.015,247.015555,2761771408.0,,,,,,pass,"['back_pass', 'short_or_medium_pass']",50.0,50.0,6849,Jönköpings Södra,4-2-3-1,7055,Eskilsminne,4-2-3-1,1060409,L. Lyck,CF,True,165.0,,15.0,258063.0,S. Crona,RDMF,36.0,56.0,2761771407.0,11.6529855,[],7.0,0.0,50.0,50.0,41.0,100.0,6849.0,Jönköpings Södra,4-2-3-1,,,,,,,,,,,,,,,,,,,,,,,,,,,,,,,,,,,,,,,,,,,,,,,
2761771408,5678949,1H,4,6,00:04:06.498,249.498557,2761771409.0,,,,,,pass,"['lateral_pass', 'short_or_medium_pass']",36.0,56.0,6849,Jönköpings Södra,4-2-3-1,7055,Eskilsminne,4-2-3-1,258063,S. Crona,RDMF,True,105.0,,23.0,73.0,M. Johansson,RB,30.0,88.0,2761771407.0,11.6529855,[],7.0,1.0,50.0,50.0,41.0,100.0,6849.0,Jönköpings Södra,4-2-3-1,,,,,,,,,,,,,,,,,,,,,,,,,,,,,,,,,,,,,,,,,,,,,,,
2761771409,5678949,1H,4,9,00:04:09.811,252.811849,2761771410.0,,,,,,pass,['short_or_medium_pass'],30.0,88.0,6849,Jönköpings Södra,4-2-3-1,7055,Eskilsminne,4-2-3-1,73,M. Johansson,RB,True,-70.0,,12.0,258063.0,S. Crona,RDMF,34.0,72.0,2761771407.0,11.6529855,[],7.0,2.0,50.0,50.0,41.0,100.0,6849.0,Jönköpings Södra,4-2-3-1,,,,,,,,,,,,,,,,,,,,,,,,,,,,,,,,,,,,,,,,,,,,,,,
2761771410,5678949,1H,4,11,00:04:11.870,254.870761,2761771411.0,,,,,,pass,"['lateral_pass', 'short_or_medium_pass']",34.0,72.0,6849,Jönköpings Södra,4-2-3-1,7055,Eskilsminne,4-2-3-1,258063,S. Crona,RDMF,True,127.0,,15.0,73.0,M. Johansson,RB,26.0,90.0,2761771407.0,11.6529855,[],7.0,3.0,50.0,50.0,41.0,100.0,6849.0,Jönköpings Södra,4-2-3-1,,,,,,,,,,,,,,,,,,,,,,,,,,,,,,,,,,,,,,,,,,,,,,,
2761771411,5678949,1H,4,14,00:04:14.155,257.155619,2761771412.0,,,,,,pass,"['forward_pass', 'short_or_medium_pass']",26.0,90.0,6849,Jönköpings Södra,4-2-3-1,7055,Eskilsminne,4-2-3-1,73,M. Johansson,RB,True,22.0,,10.0,615327.0,I. Ellbring,AMF,35.0,95.0,2761771407.0,11.6529855,[],7.0,4.0,50.0,50.0,41.0,100.0,6849.0,Jönköpings Södra,4-2-3-1,,,,,,,,,,,,,,,,,,,,,,,,,,,,,,,,,,,,,,,,,,,,,,,
2761771412,5678949,1H,4,14,00:04:14.720,257.720441,2761771413.0,,,,,,touch,[],35.0,95.0,6849,Jönköpings Södra,4-2-3-1,7055,Eskilsminne,4-2-3-1,615327,I. Ellbring,AMF,,,,,,,,,,2761771407.0,11.6529855,[],7.0,5.0,50.0,50.0,41.0,100.0,6849.0,Jönköpings Södra,4-2-3-1,,,,,,,,,,,,,,,,,,,,,,,,,,,,,,,,,,,,,,,,,,,,,,,
2761771413,5678949,1H,4,16,00:04:16.616,259.61664,,,,,,,game_interruption,['ball_out'],41.0,100.0,6849,Jönköpings Södra,4-2-3-1,7055,Eskilsminne,4-2-3-1,0,,,,,,,,,,,,2761771407.0,11.6529855,[],7.0,6.0,50.0,50.0,41.0,100.0,6849.0,Jönköpings Södra,4-2-3-1,,,,,,,,,,,,,,,,,,,,,,,,,,,,,,,,,,,,,,,,,,,,,,,
2761771515,5678949,1H,4,21,00:04:21.990,264.99091,2761771517.0,,,,,,throw_in,[],54.0,0.0,7055,Eskilsminne,4-2-3-1,6849,Jönköpings Södra,4-2-3-1,51079,L. Ohlander,LB,True,94.0,,13.0,517376.0,H. Norrby,LDMF,53.0,19.0,2761771515.0,15.2341365,"['attack', 'throw_in']",7.0,0.0,54.0,0.0,78.0,69.0,7055.0,Eskilsminne,4-2-3-1,,,False,False,False,right,0.0,,,,,,,,,,,,,,,,,,,,,,,,,,,,,,,,,,,,,,,,
2761771517,5678949,1H,4,24,00:04:24.380,267.380444,2761771518.0,,,,,,pass,"['lateral_pass', 'progressive_pass', 'short_or_medium_pass']",53.0,19.0,7055,Eskilsminne,4-2-3-1,6849,Jönköpings Södra,4-2-3-1,517376,H. Norrby,LDMF,True,72.0,,27.0,338669.0,C. Ljungberg,AMF,61.0,56.0,2761771515.0,15.2341365,"['attack', 'throw_in']",7.0,1.0,54.0,0.0,78.0,69.0,7055.0,Eskilsminne,4-2-3-1,,,False,False,False,right,0.0,,,,,,,,,,,,,,,,,,,,,,,,,,,,,,,,,,,,,,,,
2761771518,5678949,1H,4,26,00:04:26.565,269.565678,2761771521.0,,,,,,pass,"['lateral_pass', 'short_or_medium_pass']",61.0,56.0,7055,Eskilsminne,4-2-3-1,6849,Jönköpings Södra,4-2-3-1,338669,C. Ljungberg,AMF,True,106.0,,19.0,813232.0,J. Albin,RB,56.0,83.0,2761771515.0,15.2341365,"['attack', 'throw_in']",7.0,2.0,54.0,0.0,78.0,69.0,7055.0,Eskilsminne,4-2-3-1,,,False,False,False,right,0.0,,,,,,,,,,,,,,,,,,,,,,,,,,,,,,,,,,,,,,,,
2761771521,5678949,1H,4,28,00:04:28.008,271.008526,2761771523.0,,,,,,touch,"['progressive_run', 'carry']",56.0,83.0,7055,Eskilsminne,4-2-3-1,6849,Jönköpings Södra,4-2-3-1,813232,J. Albin,RB,,,,,,,,,,2761771515.0,15.2341365,"['attack', 'throw_in']",7.0,3.0,54.0,0.0,78.0,69.0,7055.0,Eskilsminne,4-2-3-1,,,False,False,False,right,0.0,,,,,,,,,,,,,,,,,,,12.58,69.0,81.0,,,,,,,,,,,,,,,,,,,
2761771523,5678949,1H,4,31,00:04:31.494,274.494997,2761771525.0,,,,,,pass,"['back_pass', 'short_or_medium_pass']",69.0,81.0,7055,Eskilsminne,4-2-3-1,6849,Jönköpings Södra,4-2-3-1,813232,J. Albin,RB,True,-174.0,,30.0,739449.0,L. Larsen,RCB,41.0,77.0,2761771515.0,15.2341365,"['attack', 'throw_in']",7.0,4.0,54.0,0.0,78.0,69.0,7055.0,Eskilsminne,4-2-3-1,,,False,False,False,right,0.0,,,,,,,,,,,,,,,,,,,,,,,,,,,,,,,,,,,,,,,,
2761771525,5678949,1H,4,35,00:04:35.230,278.230259,2761771526.0,,,,,,pass,"['forward_pass', 'pass_to_final_third', 'progressive_pass', 'short_or_medium_pass']",41.0,77.0,7055,Eskilsminne,4-2-3-1,6849,Jönköpings Södra,4-2-3-1,739449,L. Larsen,RCB,True,-26.0,,30.0,807610.0,T. Bermudez,CF,67.0,58.0,2761771515.0,15.2341365,"['attack', 'throw_in']",7.0,5.0,54.0,0.0,78.0,69.0,7055.0,Eskilsminne,4-2-3-1,,,False,False,False,right,0.0,,,,,,,,,,,,,,,,,,,,,,,,,,,,,,,,,,,,,,,,
2761771526,5678949,1H,4,36,00:04:36.334,279.334021,2761771416.0,,,,,,pass,"['forward_pass', 'loss', 'short_or_medium_pass']",67.0,58.0,7055,Eskilsminne,4-2-3-1,6849,Jönköpings Södra,4-2-3-1,807610,T. Bermudez,CF,False,34.0,,14.0,558236.0,L. Eek,LCB,78.0,69.0,2761771515.0,15.2341365,"['attack', 'throw_in']",7.0,6.0,54.0,0.0,78.0,69.0,7055.0,Eskilsminne,4-2-3-1,,,False,False,False,right,0.0,,,,,,,,,,,,,,,,,,,,,,,,,,,,,,,,,,,,,,,,
2761771416,5678949,1H,4,38,00:04:38.116,281.116072,2761771418.0,,,,,,pass,"['head_pass', 'lateral_pass', 'recovery', 'short_or_medium_pass']",22.0,31.0,6849,Jönköpings Södra,4-2-3-1,7055,Eskilsminne,4-2-3-1,558236,L. Eek,LCB,True,122.0,high,15.0,899727.0,A. Eriksson,GK,14.0,50.0,2761771416.0,18.593368,[],7.0,0.0,22.0,31.0,33.0,82.0,6849.0,Jönköpings Södra,4-2-3-1,,,,,,,,,,,,,,,,,,,,,,,,,,,,,,,,,,,,,,,,,,,,,,,
2761771418,5678949,1H,4,47,00:04:47.156,290.156471,2761771419.0,,,,,,pass,"['hand_pass', 'lateral_pass', 'short_or_medium_pass']",14.0,50.0,6849,Jönköpings Södra,4-2-3-1,7055,Eskilsminne,4-2-3-1,899727,A. Eriksson,GK,True,70.0,,32.0,73.0,M. Johansson,RB,25.0,94.0,2761771416.0,18.593368,[],7.0,1.0,22.0,31.0,33.0,82.0,6849.0,Jönköpings Södra,4-2-3-1,,,,,,,,,,,,,,,,,,,,,,,,,,,,,,,,,,,,,,,,,,,,,,,
2761771419,5678949,1H,4,51,00:04:51.838,294.838864,2761771420.0,,,,,,pass,"['forward_pass', 'short_or_medium_pass']",25.0,94.0,6849,Jönköpings Södra,4-2-3-1,7055,Eskilsminne,4-2-3-1,73,M. Johansson,RB,True,4.0,,13.0,615327.0,I. Ellbring,AMF,37.0,95.0,2761771416.0,18.593368,[],7.0,2.0,22.0,31.0,33.0,82.0,6849.0,Jönköpings Södra,4-2-3-1,,,,,,,,,,,,,,,,,,,,,,,,,,,,,,,,,,,,,,,,,,,,,,,
2761771420,5678949,1H,4,52,00:04:52.403,295.403545,2761771421.0,,,,,,pass,['short_or_medium_pass'],37.0,95.0,6849,Jönköpings Södra,4-2-3-1,7055,Eskilsminne,4-2-3-1,615327,I. Ellbring,AMF,True,-110.0,,12.0,73.0,M. Johansson,RB,33.0,79.0,2761771416.0,18.593368,[],7.0,3.0,22.0,31.0,33.0,82.0,6849.0,Jönköpings Södra,4-2-3-1,,,,,,,,,,,,,,,,,,,,,,,,,,,,,,,,,,,,,,,,,,,,,,,
2761771421,5678949,1H,4,53,00:04:53.688,296.688356,2761771530.0,,,,,,duel,"['dribble', 'foul_suffered', 'ground_duel', 'offensive_duel']",33.0,79.0,6849,Jönköpings Södra,4-2-3-1,7055,Eskilsminne,4-2-3-1,73,M. Johansson,RB,,,,,,,,,,2761771416.0,18.593368,[],7.0,4.0,22.0,31.0,33.0,82.0,6849.0,Jönköpings Södra,4-2-3-1,,,,,,,,517376.0,H. Norrby,LDMF,dribble,True,True,,,True,left,2761771529.0,,,,,,,,,,,,,,,,,,,,,,,,,,,,,
2761771529,5678949,1H,4,53,00:04:53.688,296.688356,2761771530.0,,,,,,duel,"['defensive_duel', 'dribbled_past_attempt', 'ground_duel', 'sliding_tackle']",67.0,21.0,7055,Eskilsminne,4-2-3-1,6849,Jönköpings Södra,4-2-3-1,517376,H. Norrby,LDMF,,,,,,,,,,2761771416.0,18.593368,[],7.0,5.0,22.0,31.0,33.0,82.0,6849.0,Jönköpings Södra,4-2-3-1,,,,,,,,73.0,M. Johansson,RB,defensive_duel,,,False,False,True,right,2761771421.0,,,,,,,,,,,,,,,,,,,,,,,,,,,,,
2761771530,5678949,1H,4,59,00:04:59.730,302.730524,2761771421.0,,,,,,infraction,['foul'],67.0,18.0,7055,Eskilsminne,4-2-3-1,6849,Jönköpings Södra,4-2-3-1,517376,H. Norrby,LDMF,,,,,,,,,,2761771416.0,18.593368,[],7.0,6.0,22.0,31.0,33.0,82.0,6849.0,Jönköpings Södra,4-2-3-1,,,,,,,,,,,,,,,,,,,False,False,regular_foul,73.0,M. Johansson,RB,,,,,,,,,,,,,,,,,,,,,,,
2761771422,5678949,1H,5,15,00:05:15.018,318.018924,2761771424.0,,,,,,free_kick,[],39.0,85.0,6849,Jönköpings Södra,4-2-3-1,7055,Eskilsminne,4-2-3-1,615327,I. Ellbring,AMF,True,0.0,,23.0,73.0,M. Johansson,RB,61.0,86.0,2761771422.0,21.633322,"['set_piece_attack', 'free_kick']",13.0,0.0,39.0,85.0,72.0,7.0,6849.0,Jönköpings Södra,4-2-3-1,,,,,,,,,,,,,,,,,,,,,,,,,,,,,,,,,,,,,,,,,,,,,,,
2761771424,5678949,1H,5,17,00:05:17.409,320.409116,2761771535.0,,,,,,pass,"['back_pass', 'loss', 'short_or_medium_pass']",61.0,86.0,6849,Jönköpings Södra,4-2-3-1,7055,Eskilsminne,4-2-3-1,73,M. Johansson,RB,False,180.0,,2.0,51079.0,L. Ohlander,LB,59.0,86.0,2761771422.0,21.633322,"['set_piece_attack', 'free_kick']",13.0,1.0,39.0,85.0,72.0,7.0,6849.0,Jönköpings Södra,4-2-3-1,,,,,,,,,,,,,,,,,,,,,,,,,,,,,,,,,,,,,,,,,,,,,,,
2761771535,5678949,1H,5,17,00:05:17.541,320.541574,2761771425.0,,,,,,interception,"['loss', 'recovery', 'counterpressing_recovery']",41.0,14.0,7055,Eskilsminne,4-2-3-1,6849,Jönköpings Södra,4-2-3-1,51079,L. Ohlander,LB,,,,,,,,,,2761771422.0,21.633322,"['set_piece_attack', 'free_kick']",13.0,2.0,39.0,85.0,72.0,7.0,6849.0,Jönköpings Södra,4-2-3-1,,,,,,,,,,,,,,,,,,,,,,,,,,,,,,,,,,,,,,,,,,,,,,,
2761771425,5678949,1H,5,18,00:05:18.869,321.869399,2761771538.0,,,,,,pass,"['loss', 'short_or_medium_pass']",71.0,79.0,6849,Jönköpings Södra,4-2-3-1,7055,Eskilsminne,4-2-3-1,615327,I. Ellbring,AMF,False,119.0,,10.0,493674.0,C. Seger,RDMF,67.0,92.0,2761771422.0,21.633322,"['set_piece_attack', 'free_kick']",13.0,3.0,39.0,85.0,72.0,7.0,6849.0,Jönköpings Södra,4-2-3-1,,,,,,,,,,,,,,,,,,,,,,,,,,,,,,,,,,,,,,,,,,,,,,,
2761771538,5678949,1H,5,20,00:05:20.314,323.314881,2761771541.0,,,,,,pass,"['back_pass', 'recovery', 'counterpressing_recovery', 'short_or_medium_pass']",33.0,8.0,7055,Eskilsminne,4-2-3-1,6849,Jönköpings Södra,4-2-3-1,493674,C. Seger,RDMF,True,176.0,,15.0,566323.0,F. Velander,LCB,19.0,9.0,2761771422.0,21.633322,"['set_piece_attack', 'free_kick']",13.0,4.0,39.0,85.0,72.0,7.0,6849.0,Jönköpings Södra,4-2-3-1,,,,,,,,,,,,,,,,,,,,,,,,,,,,,,,,,,,,,,,,,,,,,,,
2761771541,5678949,1H,5,21,00:05:21.220,324.220581,2761771427.0,,,,,,pass,"['forward_pass', 'long_pass', 'loss', 'progressive_pass']",19.0,9.0,7055,Eskilsminne,4-2-3-1,6849,Jönköpings Södra,4-2-3-1,566323,F. Velander,LCB,False,31.0,high,29.0,258063.0,S. Crona,RDMF,43.0,31.0,2761771422.0,21.633322,"['set_piece_attack', 'free_kick']",13.0,5.0,39.0,85.0,72.0,7.0,6849.0,Jönköpings Södra,4-2-3-1,,,,,,,,,,,,,,,,,,,,,,,,,,,,,,,,,,,,,,,,,,,,,,,
2761771427,5678949,1H,5,23,00:05:23.854,326.854708,2761771428.0,,,,,,pass,"['lateral_pass', 'recovery', 'counterpressing_recovery', 'short_or_medium_pass']",57.0,69.0,6849,Jönköpings Södra,4-2-3-1,7055,Eskilsminne,4-2-3-1,258063,S. Crona,RDMF,True,87.0,,17.0,73.0,M. Johansson,RB,58.0,94.0,2761771422.0,21.633322,"['set_piece_attack', 'free_kick']",13.0,6.0,39.0,85.0,72.0,7.0,6849.0,Jönköpings Södra,4-2-3-1,,,,,,,,,,,,,,,,,,,,,,,,,,,,,,,,,,,,,,,,,,,,,,,
2761771428,5678949,1H,5,25,00:05:25.975,328.975669,2761771430.0,,,,,,pass,"['back_pass', 'short_or_medium_pass']",58.0,94.0,6849,Jönköpings Södra,4-2-3-1,7055,Eskilsminne,4-2-3-1,73,M. Johansson,RB,True,-146.0,,21.0,613701.0,H. Lyck,RCB,41.0,77.0,2761771422.0,21.633322,"['set_piece_attack', 'free_kick']",13.0,7.0,39.0,85.0,72.0,7.0,6849.0,Jönköpings Södra,4-2-3-1,,,,,,,,,,,,,,,,,,,,,,,,,,,,,,,,,,,,,,,,,,,,,,,
2761771430,5678949,1H,5,27,00:05:27.436,330.436672,2761771432.0,,,,,,touch,['carry'],41.0,77.0,6849,Jönköpings Södra,4-2-3-1,7055,Eskilsminne,4-2-3-1,613701,H. Lyck,RCB,,,,,,,,,,2761771422.0,21.633322,"['set_piece_attack', 'free_kick']",13.0,8.0,39.0,85.0,72.0,7.0,6849.0,Jönköpings Södra,4-2-3-1,,,,,,,,,,,,,,,,,,,,,,,,,,6.827,45.0,53.0,,,,,,,,,,,,,,,,,,,
2761771432,5678949,1H,5,31,00:05:31.689,334.689982,2761771433.0,,,,,,pass,"['lateral_pass', 'short_or_medium_pass']",45.0,53.0,6849,Jönköpings Södra,4-2-3-1,7055,Eskilsminne,4-2-3-1,613701,H. Lyck,RCB,True,-100.0,,22.0,558236.0,L. Eek,LCB,41.0,21.0,2761771422.0,21.633322,"['set_piece_attack', 'free_kick']",13.0,9.0,39.0,85.0,72.0,7.0,6849.0,Jönköpings Södra,4-2-3-1,,,,,,,,,,,,,,,,,,,,,,,,,,,,,,,,,,,,,,,,,,,,,,,
2761771433,5678949,1H,5,33,00:05:33.460,336.460864,2761771434.0,,,,,,touch,['carry'],41.0,21.0,6849,Jönköpings Södra,4-2-3-1,7055,Eskilsminne,4-2-3-1,558236,L. Eek,LCB,,,,,,,,,,2761771422.0,21.633322,"['set_piece_attack', 'free_kick']",13.0,10.0,39.0,85.0,72.0,7.0,6849.0,Jönköpings Södra,4-2-3-1,,,,,,,,,,,,,,,,,,,,,,,,,,14.32,55.0,23.0,,,,,,,,,,,,,,,,,,,
2761771434,5678949,1H,5,35,00:05:35.182,338.182986,2761771435.0,,,,,,pass,"['forward_pass', 'pass_to_final_third', 'short_or_medium_pass']",55.0,23.0,6849,Jönköpings Södra,4-2-3-1,7055,Eskilsminne,4-2-3-1,558236,L. Eek,LCB,True,-31.0,,21.0,692804.0,O. Almström,LB,72.0,7.0,2761771422.0,21.633322,"['set_piece_attack', 'free_kick']",13.0,11.0,39.0,85.0,72.0,7.0,6849.0,Jönköpings Södra,4-2-3-1,,,,,,,,,,,,,,,,,,,,,,,,,,,,,,,,,,,,,,,,,,,,,,,
2761771435,5678949,1H,5,36,00:05:36.652,339.652246,2761771549.0,,,,,,duel,['loose_ball_duel'],72.0,7.0,6849,Jönköpings Södra,4-2-3-1,7055,Eskilsminne,4-2-3-1,692804,O. Almström,LB,,,,,,,,,,2761771422.0,21.633322,"['set_piece_attack', 'free_kick']",13.0,12.0,39.0,85.0,72.0,7.0,6849.0,Jönköpings Södra,4-2-3-1,,,,,,,,,,,,,,,,,,,,,,,,,,,,,,,,,,,,,,,,,,,,,,,
2761771547,5678949,1H,5,36,00:05:36.652,339.652246,2761771549.0,,,,,,duel,"['loose_ball_duel', 'recovery']",28.0,93.0,7055,Eskilsminne,4-2-3-1,6849,Jönköpings Södra,4-2-3-1,989683,H. Lindahl,RAMF,,,,,,,,,,2761771547.0,6.556888,['transition_low'],2.0,0.0,28.0,93.0,55.0,64.0,7055.0,Eskilsminne,4-2-3-1,,,,,,,,,,,,,,,,,,,,,,,,,,,,,,,,,,,,,,,,,,,,,,,
2761771549,5678949,1H,5,40,00:05:40.651,343.65141,2761771437.0,,,,,,pass,"['forward_pass', 'long_pass', 'loss', 'progressive_pass']",17.0,86.0,7055,Eskilsminne,4-2-3-1,6849,Jönköpings Södra,4-2-3-1,739449,L. Larsen,RCB,False,-19.0,high,43.0,613701.0,H. Lyck,RCB,55.0,64.0,2761771547.0,6.556888,['transition_low'],2.0,1.0,28.0,93.0,55.0,64.0,7055.0,Eskilsminne,4-2-3-1,,,,,,,,,,,,,,,,,,,,,,,,,,,,,,,,,,,,,,,,,,,,,,,
2761771437,5678949,1H,5,45,00:05:45.766,348.766858,2761771438.0,,,,,,pass,"['lateral_pass', 'recovery', 'carry', 'short_or_medium_pass']",45.0,36.0,6849,Jönköpings Södra,4-2-3-1,7055,Eskilsminne,4-2-3-1,613701,H. Lyck,RCB,True,93.0,,18.0,613701.0,H. Lyck,RCB,44.0,63.0,2761771437.0,9.9272395,['transition_medium'],5.0,0.0,45.0,36.0,92.0,65.0,6849.0,Jönköpings Södra,4-2-3-1,,,,,,,,,,,,,,,,,,,,,,,,,,-0.931,44.0,63.0,,,,,,,,,,,,,,,,,,,
2761771438,5678949,1H,5,48,00:05:48.333,351.333153,2761771439.0,,,,,,pass,"['forward_pass', 'short_or_medium_pass']",44.0,63.0,6849,Jönköpings Södra,4-2-3-1,7055,Eskilsminne,4-2-3-1,613701,H. Lyck,RCB,True,33.0,,20.0,615327.0,I. Ellbring,AMF,60.0,80.0,2761771437.0,9.9272395,['transition_medium'],5.0,1.0,45.0,36.0,92.0,65.0,6849.0,Jönköpings Södra,4-2-3-1,,,,,,,,,,,,,,,,,,,,,,,,,,,,,,,,,,,,,,,,,,,,,,,
2761771439,5678949,1H,5,51,00:05:51.696,354.696398,2761771440.0,,,,,,pass,"['forward_pass', 'pass_to_final_third', 'short_or_medium_pass']",60.0,80.0,6849,Jönköpings Södra,4-2-3-1,7055,Eskilsminne,4-2-3-1,615327,I. Ellbring,AMF,True,38.0,,17.0,951150.0,H. Israelsson,RAMF,73.0,95.0,2761771437.0,9.9272395,['transition_medium'],5.0,2.0,45.0,36.0,92.0,65.0,6849.0,Jönköpings Södra,4-2-3-1,,,,,,,,,,,,,,,,,,,,,,,,,,,,,,,,,,,,,,,,,,,,,,,
2761771440,5678949,1H,5,53,00:05:53.485,356.485738,2761771441.0,,,,,,touch,"['progressive_run', 'carry']",73.0,95.0,6849,Jönköpings Södra,4-2-3-1,7055,Eskilsminne,4-2-3-1,951150,H. Israelsson,RAMF,,,,,,,,,,2761771437.0,9.9272395,['transition_medium'],5.0,3.0,45.0,36.0,92.0,65.0,6849.0,Jönköpings Södra,4-2-3-1,,,,,,,,,,,,,,,,,,,,,,,,,,11.54,89.0,91.0,,,,,,,,,,,,,,,,,,,
2761771441,5678949,1H,5,55,00:05:55.406,358.406425,2761771554.0,,,,,,pass,"['cross', 'lateral_pass', 'loss', 'pass_to_penalty_area']",89.0,91.0,6849,Jönköpings Södra,4-2-3-1,7055,Eskilsminne,4-2-3-1,951150,H. Israelsson,RAMF,False,-77.0,low,18.0,566323.0,F. Velander,LCB,92.0,65.0,2761771437.0,9.9272395,['transition_medium'],5.0,4.0,45.0,36.0,92.0,65.0,6849.0,Jönköpings Södra,4-2-3-1,,,,,,,,,,,,,,,,,,,,,,,,,,,,,,,,,,,,,,,,,,,,,,,
2761771554,5678949,1H,5,55,00:05:55.981,358.98177,2761771557.0,,,,,,interception,['recovery'],8.0,35.0,7055,Eskilsminne,4-2-3-1,6849,Jönköpings Södra,4-2-3-1,566323,F. Velander,LCB,,,,,,,,,,2761771554.0,5.3261275,['transition_low'],3.0,0.0,8.0,35.0,29.0,25.0,7055.0,Eskilsminne,4-2-3-1,,,,,,,,,,,,,,,,,,,,,,,,,,,,,,,,,,,,,,,,,,,,,,,
2761771557,5678949,1H,5,57,00:05:57.508,360.508187,2761771558.0,,,,,,pass,"['forward_pass', 'short_or_medium_pass']",13.0,18.0,7055,Eskilsminne,4-2-3-1,6849,Jönköpings Södra,4-2-3-1,51079,L. Ohlander,LB,True,40.0,,8.0,493674.0,C. Seger,RDMF,19.0,25.0,2761771554.0,5.3261275,['transition_low'],3.0,1.0,8.0,35.0,29.0,25.0,7055.0,Eskilsminne,4-2-3-1,,,,,,,,,,,,,,,,,,,,,,,,,,,,,,,,,,,,,,,,,,,,,,,
2761771558,5678949,1H,5,59,00:05:59.701,362.70143,2761771442.0,,,,,,pass,"['forward_pass', 'loss', 'progressive_pass', 'short_or_medium_pass']",19.0,25.0,7055,Eskilsminne,4-2-3-1,6849,Jönköpings Södra,4-2-3-1,493674,C. Seger,RDMF,False,0.0,,11.0,51679.0,J. Drott,LDMF,29.0,25.0,2761771554.0,5.3261275,['transition_low'],3.0,2.0,8.0,35.0,29.0,25.0,7055.0,Eskilsminne,4-2-3-1,,,,,,,,,,,,,,,,,,,,,,,,,,,,,,,,,,,,,,,,,,,,,,,
2761771442,5678949,1H,6,2,00:06:02.914,365.914365,2761771444.0,,,,,,interception,"['lateral_pass', 'pass', 'recovery', 'short_or_medium_pass']",71.0,75.0,6849,Jönköpings Södra,4-2-3-1,7055,Eskilsminne,4-2-3-1,51679,J. Drott,LDMF,True,48.0,,14.0,615327.0,I. Ellbring,AMF,80.0,90.0,2761771442.0,52.445518,"['attack', 'transition_high']",26.0,0.0,71.0,75.0,86.0,34.0,6849.0,Jönköpings Södra,4-2-3-1,,,False,False,False,right,0.0,,,,,,,,,,,,,,,,,,,,,,,,,,,,,,,,,,,,,,,,
2761771444,5678949,1H,6,4,00:06:04.807,367.80793,2761771445.0,,,,,,duel,"['dribble', 'ground_duel', 'offensive_duel']",80.0,90.0,6849,Jönköpings Södra,4-2-3-1,7055,Eskilsminne,4-2-3-1,615327,I. Ellbring,AMF,,,,,,,,,,2761771442.0,52.445518,"['attack', 'transition_high']",26.0,1.0,71.0,75.0,86.0,34.0,6849.0,Jönköpings Södra,4-2-3-1,,,False,False,False,right,0.0,51079.0,L. Ohlander,LB,dribble,True,True,,,False,left,2761771560.0,,,,,,,,,,,,,,,,,,,,,,,,,,,,,
2761771560,5678949,1H,6,4,00:06:04.807,367.80793,2761771445.0,,,,,,duel,"['defensive_duel', 'ground_duel']",20.0,10.0,7055,Eskilsminne,4-2-3-1,6849,Jönköpings Södra,4-2-3-1,51079,L. Ohlander,LB,,,,,,,,,,2761771442.0,52.445518,"['attack', 'transition_high']",26.0,2.0,71.0,75.0,86.0,34.0,6849.0,Jönköpings Södra,4-2-3-1,,,False,False,False,right,0.0,615327.0,I. Ellbring,AMF,defensive_duel,,,False,False,False,right,2761771444.0,,,,,,,,,,,,,,,,,,,,,,,,,,,,,
2761771445,5678949,1H,6,5,00:06:05.952,368.952508,,,,,,,pass,"['cross', 'cross_blocked']",82.0,88.0,6849,Jönköpings Södra,4-2-3-1,7055,Eskilsminne,4-2-3-1,615327,I. Ellbring,AMF,False,23.0,blocked,21.0,0.0,,,100.0,100.0,2761771442.0,52.445518,"['attack', 'transition_high']",26.0,3.0,71.0,75.0,86.0,34.0,6849.0,Jönköpings Södra,4-2-3-1,,,False,False,False,right,0.0,,,,,,,,,,,,,,,,,,,,,,,,,,,,,,,,,,,,,,,,
2761771561,5678949,1H,6,6,00:06:06.603,369.603764,2761771446.0,,,,,,interception,"['loss', 'recovery', 'counterpressing_recovery']",16.0,17.0,7055,Eskilsminne,4-2-3-1,6849,Jönköpings Södra,4-2-3-1,51079,L. Ohlander,LB,,,,,,,,,,2761771442.0,52.445518,"['attack', 'transition_high']",26.0,4.0,71.0,75.0,86.0,34.0,6849.0,Jönköpings Södra,4-2-3-1,,,False,False,False,right,0.0,,,,,,,,,,,,,,,,,,,,,,,,,,,,,,,,,,,,,,,,
2761771446,5678949,1H,6,9,00:06:09.188,372.188364,2761771447.0,,,,,,pass,"['lateral_pass', 'recovery', 'counterpressing_recovery', 'short_or_medium_pass']",70.0,72.0,6849,Jönköpings Södra,4-2-3-1,7055,Eskilsminne,4-2-3-1,258063,S. Crona,RDMF,True,60.0,,14.0,615327.0,I. Ellbring,AMF,77.0,90.0,2761771442.0,52.445518,"['attack', 'transition_high']",26.0,5.0,71.0,75.0,86.0,34.0,6849.0,Jönköpings Södra,4-2-3-1,,,False,False,False,right,0.0,,,,,,,,,,,,,,,,,,,,,,,,,,,,,,,,,,,,,,,,
2761771447,5678949,1H,6,11,00:06:11.960,374.960852,2761771448.0,,,,,,pass,"['back_pass', 'short_or_medium_pass']",77.0,90.0,6849,Jönköpings Södra,4-2-3-1,7055,Eskilsminne,4-2-3-1,615327,I. Ellbring,AMF,True,-158.0,,10.0,73.0,M. Johansson,RB,68.0,84.0,2761771442.0,52.445518,"['attack', 'transition_high']",26.0,6.0,71.0,75.0,86.0,34.0,6849.0,Jönköpings Södra,4-2-3-1,,,False,False,False,right,0.0,,,,,,,,,,,,,,,,,,,,,,,,,,,,,,,,,,,,,,,,
2761771448,5678949,1H,6,14,00:06:14.084,377.084293,2761771450.0,,,,,,pass,"['forward_pass', 'short_or_medium_pass']",68.0,84.0,6849,Jönköpings Södra,4-2-3-1,7055,Eskilsminne,4-2-3-1,73,M. Johansson,RB,True,39.0,,12.0,615327.0,I. Ellbring,AMF,77.0,96.0,2761771442.0,52.445518,"['attack', 'transition_high']",26.0,7.0,71.0,75.0,86.0,34.0,6849.0,Jönköpings Södra,4-2-3-1,,,False,False,False,right,0.0,,,,,,,,,,,,,,,,,,,,,,,,,,,,,,,,,,,,,,,,
2761771450,5678949,1H,6,15,00:06:15.513,378.513086,2761771451.0,,,,,,duel,"['dribble', 'ground_duel', 'offensive_duel']",77.0,96.0,6849,Jönköpings Södra,4-2-3-1,7055,Eskilsminne,4-2-3-1,615327,I. Ellbring,AMF,,,,,,,,,,2761771442.0,52.445518,"['attack', 'transition_high']",26.0,8.0,71.0,75.0,86.0,34.0,6849.0,Jönköpings Södra,4-2-3-1,,,False,False,False,right,0.0,0.0,,,dribble,True,True,,,False,left,2761773424.0,,,,,,,,,,,,,,,,,,,,,,,,,,,,,
2761773424,5678949,1H,6,15,00:06:15.513,378.513086,2761771451.0,,,,,,duel,"['defensive_duel', 'ground_duel']",23.0,4.0,7055,Eskilsminne,4-2-3-1,6849,Jönköpings Södra,4-2-3-1,0,,,,,,,,,,,,2761771442.0,52.445518,"['attack', 'transition_high']",26.0,9.0,71.0,75.0,86.0,34.0,6849.0,Jönköpings Södra,4-2-3-1,,,False,False,False,right,0.0,615327.0,I. Ellbring,AMF,defensive_duel,,,False,False,False,right,2761771450.0,,,,,,,,,,,,,,,,,,,,,,,,,,,,,
2761771451,5678949,1H,6,16,00:06:16.849,379.849196,2761771564.0,,,,,,pass,"['cross', 'lateral_pass', 'loss', 'pass_to_penalty_area']",77.0,95.0,6849,Jönköpings Södra,4-2-3-1,7055,Eskilsminne,4-2-3-1,615327,I. Ellbring,AMF,False,-63.0,high,36.0,739449.0,L. Larsen,RCB,92.0,48.0,2761771442.0,52.445518,"['attack', 'transition_high']",26.0,10.0,71.0,75.0,86.0,34.0,6849.0,Jönköpings Södra,4-2-3-1,,,False,False,False,right,0.0,,,,,,,,,,,,,,,,,,,,,,,,,,,,,,,,,,,,,,,,
2761771564,5678949,1H,6,18,00:06:18.611,381.611978,2761771567.0,,,,,,interception,"['head_pass', 'recovery']",8.0,52.0,7055,Eskilsminne,4-2-3-1,6849,Jönköpings Södra,4-2-3-1,739449,L. Larsen,RCB,,,,,,,,,,2761771442.0,52.445518,"['attack', 'transition_high']",26.0,11.0,71.0,75.0,86.0,34.0,6849.0,Jönköpings Södra,4-2-3-1,,,False,False,False,right,0.0,,,,,,,,,,,,,,,,,,,,,,,,,,,,,,,,,,,,,,,,
2761771567,5678949,1H,6,19,00:06:19.847,382.847898,2761771452.0,,,,,,pass,"['forward_pass', 'head_pass', 'loss', 'progressive_pass', 'short_or_medium_pass']",13.0,67.0,7055,Eskilsminne,4-2-3-1,6849,Jönköpings Södra,4-2-3-1,989683,H. Lindahl,RAMF,False,18.0,high,22.0,558236.0,L. Eek,LCB,33.0,78.0,2761771442.0,52.445518,"['attack', 'transition_high']",26.0,12.0,71.0,75.0,86.0,34.0,6849.0,Jönköpings Södra,4-2-3-1,,,False,False,False,right,0.0,,,,,,,,,,,,,,,,,,,,,,,,,,,,,,,,,,,,,,,,
2761771452,5678949,1H,6,23,00:06:23.085,386.085581,2761771453.0,,,,,,touch,"['progressive_run', 'carry']",67.0,22.0,6849,Jönköpings Södra,4-2-3-1,7055,Eskilsminne,4-2-3-1,558236,L. Eek,LCB,,,,,,,,,,2761771442.0,52.445518,"['attack', 'transition_high']",26.0,13.0,71.0,75.0,86.0,34.0,6849.0,Jönköpings Södra,4-2-3-1,,,False,False,False,right,0.0,,,,,,,,,,,,,,,,,,,10.73,80.0,21.0,,,,,,,,,,,,,,,,,,,
2761771453,5678949,1H,6,26,00:06:26.284,389.28471,2761771455.0,,,,,,pass,"['forward_pass', 'short_or_medium_pass']",80.0,21.0,6849,Jönköpings Södra,4-2-3-1,7055,Eskilsminne,4-2-3-1,558236,L. Eek,LCB,True,-17.0,,17.0,692804.0,O. Almström,LB,95.0,13.0,2761771442.0,52.445518,"['attack', 'transition_high']",26.0,14.0,71.0,75.0,86.0,34.0,6849.0,Jönköpings Södra,4-2-3-1,,,False,False,False,right,0.0,,,,,,,,,,,,,,,,,,,,,,,,,,,,,,,,,,,,,,,,
2761771455,5678949,1H,6,28,00:06:28.611,391.611173,2761771569.0,,,,,,pass,"['cross', 'lateral_pass', 'loss', 'pass_to_penalty_area']",95.0,13.0,6849,Jönköpings Södra,4-2-3-1,7055,Eskilsminne,4-2-3-1,692804,O. Almström,LB,False,120.0,high,14.0,739449.0,L. Larsen,RCB,89.0,31.0,2761771442.0,52.445518,"['attack', 'transition_high']",26.0,15.0,71.0,75.0,86.0,34.0,6849.0,Jönköpings Södra,4-2-3-1,,,False,False,False,right,0.0,,,,,,,,,,,,,,,,,,,,,,,,,,,,,,,,,,,,,,,,
2761771569,5678949,1H,6,31,00:06:31.350,394.350941,2761771457.0,,,,,,interception,['loss'],11.0,69.0,7055,Eskilsminne,4-2-3-1,6849,Jönköpings Södra,4-2-3-1,739449,L. Larsen,RCB,,,,,,,,,,2761771442.0,52.445518,"['attack', 'transition_high']",26.0,16.0,71.0,75.0,86.0,34.0,6849.0,Jönköpings Södra,4-2-3-1,,,False,False,False,right,0.0,,,,,,,,,,,,,,,,,,,,,,,,,,,,,,,,,,,,,,,,
2761771457,5678949,1H,6,34,00:06:34.778,397.778671,2761771458.0,,,,,,pass,"['lateral_pass', 'pass_to_final_third', 'recovery', 'counterpressing_recovery', 'short_or_medium_pass']",62.0,46.0,6849,Jönköpings Södra,4-2-3-1,7055,Eskilsminne,4-2-3-1,613701,H. Lyck,RCB,True,-55.0,,15.0,558236.0,L. Eek,LCB,70.0,27.0,2761771442.0,52.445518,"['attack', 'transition_high']",26.0,17.0,71.0,75.0,86.0,34.0,6849.0,Jönköpings Södra,4-2-3-1,,,False,False,False,right,0.0,,,,,,,,,,,,,,,,,,,,,,,,,,,,,,,,,,,,,,,,
2761771458,5678949,1H,6,36,00:06:36.980,399.980931,2761771459.0,,,,,,pass,"['lateral_pass', 'short_or_medium_pass']",70.0,27.0,6849,Jönköpings Södra,4-2-3-1,7055,Eskilsminne,4-2-3-1,558236,L. Eek,LCB,True,112.0,,34.0,613701.0,H. Lyck,RCB,58.0,73.0,2761771442.0,52.445518,"['attack', 'transition_high']",26.0,18.0,71.0,75.0,86.0,34.0,6849.0,Jönköpings Södra,4-2-3-1,,,False,False,False,right,0.0,,,,,,,,,,,,,,,,,,,,,,,,,,,,,,,,,,,,,,,,
2761771459,5678949,1H,6,41,00:06:41.415,404.415402,2761771461.0,,,,,,pass,['short_or_medium_pass'],58.0,73.0,6849,Jönköpings Södra,4-2-3-1,7055,Eskilsminne,4-2-3-1,613701,H. Lyck,RCB,True,100.0,,12.0,73.0,M. Johansson,RB,56.0,90.0,2761771442.0,52.445518,"['attack', 'transition_high']",26.0,19.0,71.0,75.0,86.0,34.0,6849.0,Jönköpings Södra,4-2-3-1,,,False,False,False,right,0.0,,,,,,,,,,,,,,,,,,,,,,,,,,,,,,,,,,,,,,,,
2761771461,5678949,1H,6,43,00:06:43.089,406.08997,2761771462.0,,,,,,pass,"['lateral_pass', 'short_or_medium_pass']",56.0,90.0,6849,Jönköpings Södra,4-2-3-1,7055,Eskilsminne,4-2-3-1,73,M. Johansson,RB,True,-120.0,,19.0,258063.0,S. Crona,RDMF,47.0,65.0,2761771442.0,52.445518,"['attack', 'transition_high']",26.0,20.0,71.0,75.0,86.0,34.0,6849.0,Jönköpings Södra,4-2-3-1,,,False,False,False,right,0.0,,,,,,,,,,,,,,,,,,,,,,,,,,,,,,,,,,,,,,,,
2761771462,5678949,1H,6,44,00:06:44.355,407.355236,2761771463.0,,,,,,touch,['carry'],47.0,65.0,6849,Jönköpings Södra,4-2-3-1,7055,Eskilsminne,4-2-3-1,258063,S. Crona,RDMF,,,,,,,,,,2761771442.0,52.445518,"['attack', 'transition_high']",26.0,21.0,71.0,75.0,86.0,34.0,6849.0,Jönköpings Södra,4-2-3-1,,,False,False,False,right,0.0,,,,,,,,,,,,,,,,,,,7.222,53.0,51.0,,,,,,,,,,,,,,,,,,,
2761771463,5678949,1H,6,47,00:06:47.465,410.465569,2761771464.0,,,,,,pass,"['lateral_pass', 'short_or_medium_pass']",53.0,51.0,6849,Jönköpings Södra,4-2-3-1,7055,Eskilsminne,4-2-3-1,258063,S. Crona,RDMF,True,-75.0,,20.0,558236.0,L. Eek,LCB,58.0,23.0,2761771442.0,52.445518,"['attack', 'transition_high']",26.0,22.0,71.0,75.0,86.0,34.0,6849.0,Jönköpings Södra,4-2-3-1,,,False,False,False,right,0.0,,,,,,,,,,,,,,,,,,,,,,,,,,,,,,,,,,,,,,,,
2761771464,5678949,1H,6,49,00:06:49.696,412.696803,2761771465.0,,,,,,touch,"['progressive_run', 'carry']",58.0,23.0,6849,Jönköpings Södra,4-2-3-1,7055,Eskilsminne,4-2-3-1,558236,L. Eek,LCB,,,,,,,,,,2761771442.0,52.445518,"['attack', 'transition_high']",26.0,23.0,71.0,75.0,86.0,34.0,6849.0,Jönköpings Södra,4-2-3-1,,,False,False,False,right,0.0,,,,,,,,,,,,,,,,,,,14.31,79.0,13.0,,,,,,,,,,,,,,,,,,,
2761771465,5678949,1H,6,53,00:06:53.794,416.794313,2761771467.0,,,,,,pass,['short_or_medium_pass'],79.0,13.0,6849,Jönköpings Södra,4-2-3-1,7055,Eskilsminne,4-2-3-1,558236,L. Eek,LCB,True,72.0,,10.0,1060411.0,A. Kiwarkis,LAMF,82.0,27.0,2761771442.0,52.445518,"['attack', 'transition_high']",26.0,24.0,71.0,75.0,86.0,34.0,6849.0,Jönköpings Södra,4-2-3-1,,,False,False,False,right,0.0,,,,,,,,,,,,,,,,,,,,,,,,,,,,,,,,,,,,,,,,
2761771467,5678949,1H,6,54,00:06:54.486,417.486779,2761771572.0,,,,,,touch,['loss'],82.0,27.0,6849,Jönköpings Södra,4-2-3-1,7055,Eskilsminne,4-2-3-1,1060411,A. Kiwarkis,LAMF,,,,,,,,,,2761771442.0,52.445518,"['attack', 'transition_high']",26.0,25.0,71.0,75.0,86.0,34.0,6849.0,Jönköpings Södra,4-2-3-1,,,False,False,False,right,0.0,,,,,,,,,,,,,,,,,,,,,,,,,,,,,,,,,,,,,,,,
2761771572,5678949,1H,6,56,00:06:56.232,419.232987,2761771574.0,,,,,,pass,"['forward_pass', 'recovery', 'short_or_medium_pass']",14.0,66.0,7055,Eskilsminne,4-2-3-1,6849,Jönköpings Södra,4-2-3-1,739449,L. Larsen,RCB,True,-39.0,,20.0,493674.0,C. Seger,RDMF,29.0,49.0,2761771572.0,7.2048575,['transition_low'],2.0,0.0,14.0,66.0,69.0,23.0,7055.0,Eskilsminne,4-2-3-1,,,,,,,,,,,,,,,,,,,,,,,,,,,,,,,,,,,,,,,,,,,,,,,
2761771574,5678949,1H,6,58,00:06:58.900,421.900035,2761771468.0,,,,,,pass,"['forward_pass', 'long_pass', 'loss', 'pass_to_final_third']",29.0,49.0,7055,Eskilsminne,4-2-3-1,6849,Jönköpings Södra,4-2-3-1,493674,C. Seger,RDMF,False,-22.0,,46.0,613701.0,H. Lyck,RCB,69.0,23.0,2761771572.0,7.2048575,['transition_low'],2.0,1.0,14.0,66.0,69.0,23.0,7055.0,Eskilsminne,4-2-3-1,,,,,,,,,,,,,,,,,,,,,,,,,,,,,,,,,,,,,,,,,,,,,,,
2761771468,5678949,1H,7,7,00:07:07.975,430.975654,2761771470.0,,,,,,pass,"['forward_pass', 'recovery', 'short_or_medium_pass']",31.0,77.0,6849,Jönköpings Södra,4-2-3-1,7055,Eskilsminne,4-2-3-1,613701,H. Lyck,RCB,True,34.0,,26.0,615327.0,I. Ellbring,AMF,52.0,98.0,2761771468.0,5.7023855,['attack'],5.0,0.0,31.0,77.0,78.0,60.0,6849.0,Jönköpings Södra,4-2-3-1,,,True,False,False,right,0.0359,,,,,,,,,,,,,,,,,,,,,,,,,,,,,,,,,,,,,,,,
2761771470,5678949,1H,7,8,00:07:08.664,431.664034,2761771472.0,,,,,,touch,"['progressive_run', 'carry']",52.0,98.0,6849,Jönköpings Södra,4-2-3-1,7055,Eskilsminne,4-2-3-1,615327,I. Ellbring,AMF,,,,,,,,,,2761771468.0,5.7023855,['attack'],5.0,1.0,31.0,77.0,78.0,60.0,6849.0,Jönköpings Södra,4-2-3-1,,,True,False,False,right,0.0359,,,,,,,,,,,,,,,,,,,35.97,78.0,60.0,,,,,,,,,,,,,,,,,,,
2761771472,5678949,1H,7,11,00:07:11.404,434.404805,2761771475.0,,,,,,duel,"['ground_duel', 'offensive_duel']",68.0,88.0,6849,Jönköpings Södra,4-2-3-1,7055,Eskilsminne,4-2-3-1,615327,I. Ellbring,AMF,,,,,,,,,,2761771468.0,5.7023855,['attack'],5.0,2.0,31.0,77.0,78.0,60.0,6849.0,Jönköpings Södra,4-2-3-1,,,True,False,False,right,0.0359,989684.0,M. Larsson,LAMF,offensive_duel,True,True,,,False,,2761771577.0,,,,,,,,,,,,,,,,,,,,,,,,,,,,,
2761771577,5678949,1H,7,11,00:07:11.404,434.404805,2761771475.0,,,,,,duel,"['defensive_duel', 'ground_duel']",32.0,12.0,7055,Eskilsminne,4-2-3-1,6849,Jönköpings Södra,4-2-3-1,989684,M. Larsson,LAMF,,,,,,,,,,2761771468.0,5.7023855,['attack'],5.0,3.0,31.0,77.0,78.0,60.0,6849.0,Jönköpings Södra,4-2-3-1,,,True,False,False,right,0.0359,615327.0,I. Ellbring,AMF,defensive_duel,,,False,False,False,,2761771472.0,,,,,,,,,,,,,,,,,,,,,,,,,,,,,
2761771475,5678949,1H,7,15,00:07:15.951,438.951274,,,,,,,shot,[],78.0,60.0,6849,Jönköpings Södra,4-2-3-1,7055,Eskilsminne,4-2-3-1,615327,I. Ellbring,AMF,,,,,,,,,,2761771468.0,5.7023855,['attack'],5.0,4.0,31.0,77.0,78.0,60.0,6849.0,Jönköpings Södra,4-2-3-1,,,True,False,False,right,0.0359,,,,,,,,,,,,,,,,,,,,,,left_foot,False,False,olb,0.03587,,,,,,,,,,,,,,
2761771476,5678949,1H,7,18,00:07:18.070,441.070189,,,,,,,game_interruption,['ball_out'],100.0,30.0,6849,Jönköpings Södra,4-2-3-1,7055,Eskilsminne,4-2-3-1,0,,,,,,,,,,,,,,,,,,,,,,,,,,,,,,,,,,,,,,,,,,,,,,,,,,,,,,,,,,,,,,,,,,,,,,
2761771579,5678949,1H,7,38,00:07:38.574,461.574716,2761771581.0,,,,,,goal_kick,[],0.0,38.0,7055,Eskilsminne,4-2-3-1,6849,Jönköpings Södra,4-2-3-1,566323,F. Velander,LCB,True,79.0,,16.0,693887.0,H. Pauli,GK,8.0,61.0,2761771579.0,7.54719,"['set_piece_attack', 'free_kick']",5.0,0.0,0.0,38.0,70.0,100.0,7055.0,Eskilsminne,4-2-3-1,,,,,,,,,,,,,,,,,,,,,,,,,,,,,,,,,,,,,,,,,,,,,,,
2761771581,5678949,1H,7,41,00:07:41.468,464.468955,2761771582.0,,,,,,pass,"['forward_pass', 'long_pass', 'progressive_pass']",8.0,61.0,7055,Eskilsminne,4-2-3-1,6849,Jönköpings Södra,4-2-3-1,693887,H. Pauli,GK,True,22.0,high,55.0,989683.0,H. Lindahl,RAMF,57.0,91.0,2761771579.0,7.54719,"['set_piece_attack', 'free_kick']",5.0,1.0,0.0,38.0,70.0,100.0,7055.0,Eskilsminne,4-2-3-1,,,,,,,,,,,,,,,,,,,,,,,,,,,,,,,,,,,,,,,,,,,,,,,
2761771479,5678949,1H,7,44,00:07:44.465,467.465778,2761771481.0,,,,,,duel,['aerial_duel'],43.0,9.0,6849,Jönköpings Södra,4-2-3-1,7055,Eskilsminne,4-2-3-1,558236,L. Eek,LCB,,,,,,,,,,2761771579.0,7.54719,"['set_piece_attack', 'free_kick']",5.0,2.0,0.0,38.0,70.0,100.0,7055.0,Eskilsminne,4-2-3-1,,,,,,,,,,,,,,,,,,,,,,,,,,,,,,,,,,,,,,,989683.0,H. Lindahl,RAMF,0.0,False,183.0,2761771582.0,,
2761771582,5678949,1H,7,44,00:07:44.549,467.549299,2761771481.0,,,,,,duel,['aerial_duel'],57.0,91.0,7055,Eskilsminne,4-2-3-1,6849,Jönköpings Södra,4-2-3-1,989683,H. Lindahl,RAMF,,,,,,,,,,2761771579.0,7.54719,"['set_piece_attack', 'free_kick']",5.0,3.0,0.0,38.0,70.0,100.0,7055.0,Eskilsminne,4-2-3-1,,,,,,,,,,,,,,,,,,,,,,,,,,,,,,,,,,,,,,,558236.0,L. Eek,LCB,183.0,False,0.0,2761771479.0,,
2761771480,5678949,1H,7,47,00:07:47.694,470.694513,,,,,,,game_interruption,['ball_out'],30.0,0.0,6849,Jönköpings Södra,4-2-3-1,7055,Eskilsminne,4-2-3-1,0,,,,,,,,,,,,2761771579.0,7.54719,"['set_piece_attack', 'free_kick']",5.0,4.0,0.0,38.0,70.0,100.0,7055.0,Eskilsminne,4-2-3-1,,,,,,,,,,,,,,,,,,,,,,,,,,,,,,,,,,,,,,,,,,,,,,,
2761771481,5678949,1H,8,1,00:08:01.385,484.385039,2761771482.0,,,,,,throw_in,[],44.0,0.0,6849,Jönköpings Södra,4-2-3-1,7055,Eskilsminne,4-2-3-1,692804,O. Almström,LB,True,13.0,,17.0,1060411.0,A. Kiwarkis,LAMF,60.0,6.0,2761771481.0,1.98711,['throw_in'],2.0,0.0,44.0,0.0,60.0,6.0,6849.0,Jönköpings Södra,4-2-3-1,,,,,,,,,,,,,,,,,,,,,,,,,,,,,,,,,,,,,,,,,,,,,,,
2761771482,5678949,1H,8,3,00:08:03.372,486.372149,2761771483.0,,,,,,duel,"['dribble', 'ground_duel', 'loss', 'offensive_duel']",60.0,6.0,6849,Jönköpings Södra,4-2-3-1,7055,Eskilsminne,4-2-3-1,1060411,A. Kiwarkis,LAMF,,,,,,,,,,2761771481.0,1.98711,['throw_in'],2.0,1.0,44.0,0.0,60.0,6.0,6849.0,Jönköpings Södra,4-2-3-1,,,,,,,,813232.0,J. Albin,RB,dribble,False,False,,,True,right,2761771585.0,,,,,,,,,,,,,,,,,,,,,,,,,,,,,
2761771585,5678949,1H,8,3,00:08:03.372,486.372149,2761771587.0,,,,,,duel,"['defensive_duel', 'dribbled_past_attempt', 'ground_duel', 'recovery', 'counterpressing_recovery']",40.0,94.0,7055,Eskilsminne,4-2-3-1,6849,Jönköpings Södra,4-2-3-1,813232,J. Albin,RB,,,,,,,,,,2761771585.0,9.7175,['attack'],12.0,0.0,40.0,94.0,84.0,46.0,7055.0,Eskilsminne,4-2-3-1,,,True,True,False,center,0.1894,1060411.0,A. Kiwarkis,LAMF,defensive_duel,,,True,True,True,left,2761771482.0,,,,,,,,,,,,,,,,,,,,,,,,,,,,,
2761771483,5678949,1H,8,4,00:08:04.649,487.649771,2761771485.0,,,,,,duel,"['defensive_duel', 'ground_duel']",60.0,13.0,6849,Jönköpings Södra,4-2-3-1,7055,Eskilsminne,4-2-3-1,615327,I. Ellbring,AMF,,,,,,,,,,2761771585.0,9.7175,['attack'],12.0,1.0,40.0,94.0,84.0,46.0,7055.0,Eskilsminne,4-2-3-1,,,True,True,False,center,0.1894,989683.0,H. Lindahl,RAMF,defensive_duel,,,True,False,False,,2761771587.0,,,,,,,,,,,,,,,,,,,,,,,,,,,,,
2761771587,5678949,1H,8,4,00:08:04.649,487.649771,2761771588.0,,,,,,duel,"['ground_duel', 'offensive_duel']",40.0,87.0,7055,Eskilsminne,4-2-3-1,6849,Jönköpings Södra,4-2-3-1,989683,H. Lindahl,RAMF,,,,,,,,,,2761771585.0,9.7175,['attack'],12.0,2.0,40.0,94.0,84.0,46.0,7055.0,Eskilsminne,4-2-3-1,,,True,True,False,center,0.1894,615327.0,I. Ellbring,AMF,offensive_duel,True,False,,,False,,2761771483.0,,,,,,,,,,,,,,,,,,,,,,,,,,,,,
2761771485,5678949,1H,8,4,00:08:04.938,487.938394,2761771486.0,,,,,,duel,['loose_ball_duel'],55.0,4.0,6849,Jönköpings Södra,4-2-3-1,7055,Eskilsminne,4-2-3-1,1060411,A. Kiwarkis,LAMF,,,,,,,,,,2761771585.0,9.7175,['attack'],12.0,3.0,40.0,94.0,84.0,46.0,7055.0,Eskilsminne,4-2-3-1,,,True,True,False,center,0.1894,,,,,,,,,,,,,,,,,,,,,,,,,,,,,,,,,,,,,,,,
2761771588,5678949,1H,8,4,00:08:04.938,487.938394,2761771591.0,,,,,,duel,['loose_ball_duel'],45.0,96.0,7055,Eskilsminne,4-2-3-1,6849,Jönköpings Södra,4-2-3-1,813232,J. Albin,RB,,,,,,,,,,2761771585.0,9.7175,['attack'],12.0,4.0,40.0,94.0,84.0,46.0,7055.0,Eskilsminne,4-2-3-1,,,True,True,False,center,0.1894,,,,,,,,,,,,,,,,,,,,,,,,,,,,,,,,,,,,,,,,
2761771486,5678949,1H,8,6,00:08:06.993,489.993977,2761771593.0,,,,,,duel,"['loose_ball_duel', 'sliding_tackle']",59.0,24.0,6849,Jönköpings Södra,4-2-3-1,7055,Eskilsminne,4-2-3-1,51679,J. Drott,LDMF,,,,,,,,,,2761771585.0,9.7175,['attack'],12.0,5.0,40.0,94.0,84.0,46.0,7055.0,Eskilsminne,4-2-3-1,,,True,True,False,center,0.1894,,,,,,,,,,,,,,,,,,,,,,,,,,,,,,,,,,,,,,,,
2761771591,5678949,1H,8,6,00:08:06.993,489.993977,2761771593.0,,,,,,duel,['loose_ball_duel'],41.0,76.0,7055,Eskilsminne,4-2-3-1,6849,Jönköpings Södra,4-2-3-1,813232,J. Albin,RB,,,,,,,,,,2761771585.0,9.7175,['attack'],12.0,6.0,40.0,94.0,84.0,46.0,7055.0,Eskilsminne,4-2-3-1,,,True,True,False,center,0.1894,,,,,,,,,,,,,,,,,,,,,,,,,,,,,,,,,,,,,,,,
2761771593,5678949,1H,8,8,00:08:08.299,491.299711,2761771595.0,,,,,,pass,['short_or_medium_pass'],57.0,75.0,7055,Eskilsminne,4-2-3-1,6849,Jönköpings Södra,4-2-3-1,807610,T. Bermudez,CF,True,-121.0,,6.0,338669.0,C. Ljungberg,AMF,54.0,67.0,2761771585.0,9.7175,['attack'],12.0,7.0,40.0,94.0,84.0,46.0,7055.0,Eskilsminne,4-2-3-1,,,True,True,False,center,0.1894,,,,,,,,,,,,,,,,,,,,,,,,,,,,,,,,,,,,,,,,
2761771595,5678949,1H,8,9,00:08:09.687,492.687502,2761771487.0,,,,,,pass,"['forward_pass', 'loss', 'short_or_medium_pass']",54.0,67.0,7055,Eskilsminne,4-2-3-1,6849,Jönköpings Södra,4-2-3-1,338669,C. Ljungberg,AMF,False,27.0,,5.0,258063.0,S. Crona,RDMF,58.0,70.0,2761771585.0,9.7175,['attack'],12.0,8.0,40.0,94.0,84.0,46.0,7055.0,Eskilsminne,4-2-3-1,,,True,True,False,center,0.1894,,,,,,,,,,,,,,,,,,,,,,,,,,,,,,,,,,,,,,,,
2761771487,5678949,1H,8,10,00:08:10.018,493.018123,2761771602.0,,,,,,interception,"['loss', 'recovery']",42.0,30.0,6849,Jönköpings Södra,4-2-3-1,7055,Eskilsminne,4-2-3-1,258063,S. Crona,RDMF,,,,,,,,,,2761771585.0,9.7175,['attack'],12.0,9.0,40.0,94.0,84.0,46.0,7055.0,Eskilsminne,4-2-3-1,,,True,True,False,center,0.1894,,,,,,,,,,,,,,,,,,,,,,,,,,,,,,,,,,,,,,,,
2761771597,5678949,1H,8,11,00:08:11.185,494.185914,2761771602.0,,,,,,touch,[],66.0,59.0,7055,Eskilsminne,4-2-3-1,6849,Jönköpings Södra,4-2-3-1,813232,J. Albin,RB,,,,,,,,,,2761771585.0,9.7175,['attack'],12.0,10.0,40.0,94.0,84.0,46.0,7055.0,Eskilsminne,4-2-3-1,,,True,True,False,center,0.1894,,,,,,,,,,,,,,,,,,,,,,,,,,,,,,,,,,,,,,,,
2761771602,5678949,1H,8,14,00:08:14.993,497.993384,,,,,,,shot,"['opportunity', 'shot_after_throw_in']",84.0,46.0,7055,Eskilsminne,4-2-3-1,6849,Jönköpings Södra,4-2-3-1,813232,J. Albin,RB,,,,,,,,,,2761771585.0,9.7175,['attack'],12.0,11.0,40.0,94.0,84.0,46.0,7055.0,Eskilsminne,4-2-3-1,,,True,True,False,center,0.1894,,,,,,,,,,,,,,,,,,,,,,right_foot,False,True,gb,0.1894,0.1174,2761771488.0,899727.0,A. Eriksson,,,,,,,,,,
2761771488,5678949,1H,8,15,00:08:15.411,498.411571,2761771602.0,,,,,,shot_against,"['save', 'save_with_reflex']",6.0,53.0,6849,Jönköpings Södra,4-2-3-1,7055,Eskilsminne,4-2-3-1,899727,A. Eriksson,GK,,,,,,,,,,,,,,,,,,,,,,,,,,,,,,,,,,,,,,,,,,,,,,,,,,,,,,,,,,,,,,,,,,,,
2761771489,5678949,1H,8,16,00:08:16.766,499.766633,2761771607.0,,,,,,duel,"['foul_suffered', 'ground_duel', 'offensive_duel']",8.0,51.0,6849,Jönköpings Södra,4-2-3-1,7055,Eskilsminne,4-2-3-1,899727,A. Eriksson,GK,,,,,,,,,,,,,,,,,,,,,,,,,,,,,813232.0,J. Albin,RB,offensive_duel,True,True,,,False,,2761771606.0,,,,,,,,,,,,,,,,,,,,,,,,,,,,,
2761771606,5678949,1H,8,16,00:08:16.766,499.766633,2761771607.0,,,,,,duel,"['defensive_duel', 'ground_duel']",92.0,49.0,7055,Eskilsminne,4-2-3-1,6849,Jönköpings Södra,4-2-3-1,813232,J. Albin,RB,,,,,,,,,,,,,,,,,,,,,,,,,,,,,899727.0,A. Eriksson,GK,defensive_duel,,,False,False,False,,2761771489.0,,,,,,,,,,,,,,,,,,,,,,,,,,,,,
2761771607,5678949,1H,8,18,00:08:18.509,501.509823,2761771489.0,,,,,,infraction,['foul'],93.0,48.0,7055,Eskilsminne,4-2-3-1,6849,Jönköpings Södra,4-2-3-1,813232,J. Albin,RB,,,,,,,,,,,,,,,,,,,,,,,,,,,,,,,,,,,,,,,,False,False,regular_foul,899727.0,A. Eriksson,GK,,,,,,,,,,,,,,,,,,,,,,,
2761771490,5678949,1H,9,2,00:09:02.779,545.779277,2761773426.0,,,,,,free_kick,[],14.0,44.0,6849,Jönköpings Södra,4-2-3-1,7055,Eskilsminne,4-2-3-1,899727,A. Eriksson,GK,True,-11.0,,58.0,0.0,,,68.0,28.0,2761771490.0,7.596009,"['set_piece_attack', 'attack', 'free_kick']",9.0,0.0,14.0,44.0,73.0,54.0,6849.0,Jönköpings Södra,4-2-3-1,,,False,False,False,center,0.0,,,,,,,,,,,,,,,,,,,,,,,,,,,,,,,,,,,,,,,,
2761771611,5678949,1H,9,6,00:09:06.159,549.159217,2761771491.0,,,,,,duel,"['defensive_duel', 'ground_duel']",32.0,72.0,7055,Eskilsminne,4-2-3-1,6849,Jönköpings Södra,4-2-3-1,813232,J. Albin,RB,,,,,,,,,,2761771490.0,7.596009,"['set_piece_attack', 'attack', 'free_kick']",9.0,1.0,14.0,44.0,73.0,54.0,6849.0,Jönköpings Södra,4-2-3-1,,,False,False,False,center,0.0,0.0,,,defensive_duel,,,True,False,False,,2761773426.0,,,,,,,,,,,,,,,,,,,,,,,,,,,,,
2761773426,5678949,1H,9,6,00:09:06.159,549.159217,2761771491.0,,,,,,duel,"['ground_duel', 'offensive_duel']",68.0,28.0,6849,Jönköpings Södra,4-2-3-1,7055,Eskilsminne,4-2-3-1,0,,,,,,,,,,,,2761771490.0,7.596009,"['set_piece_attack', 'attack', 'free_kick']",9.0,2.0,14.0,44.0,73.0,54.0,6849.0,Jönköpings Södra,4-2-3-1,,,False,False,False,center,0.0,813232.0,J. Albin,RB,offensive_duel,True,False,,,False,,2761771611.0,,,,,,,,,,,,,,,,,,,,,,,,,,,,,
2761771491,5678949,1H,9,6,00:09:06.269,549.269046,2761771613.0,,,,,,pass,"['loss', 'short_or_medium_pass']",68.0,28.0,6849,Jönköpings Södra,4-2-3-1,7055,Eskilsminne,4-2-3-1,1060411,A. Kiwarkis,LAMF,False,127.0,,5.0,493674.0,C. Seger,RDMF,65.0,34.0,2761771490.0,7.596009,"['set_piece_attack', 'attack', 'free_kick']",9.0,3.0,14.0,44.0,73.0,54.0,6849.0,Jönköpings Södra,4-2-3-1,,,False,False,False,center,0.0,,,,,,,,,,,,,,,,,,,,,,,,,,,,,,,,,,,,,,,,
2761771613,5678949,1H,9,7,00:09:07.828,550.828536,2761771616.0,,,,,,pass,"['recovery', 'short_or_medium_pass']",35.0,66.0,7055,Eskilsminne,4-2-3-1,6849,Jönköpings Södra,4-2-3-1,493674,C. Seger,RDMF,True,135.0,,8.0,813232.0,J. Albin,RB,30.0,74.0,2761771490.0,7.596009,"['set_piece_attack', 'attack', 'free_kick']",9.0,4.0,14.0,44.0,73.0,54.0,6849.0,Jönköpings Södra,4-2-3-1,,,False,False,False,center,0.0,,,,,,,,,,,,,,,,,,,,,,,,,,,,,,,,,,,,,,,,
2761771616,5678949,1H,9,8,00:09:08.133,551.133068,2761771492.0,,,,,,touch,['loss'],30.0,74.0,7055,Eskilsminne,4-2-3-1,6849,Jönköpings Södra,4-2-3-1,813232,J. Albin,RB,,,,,,,,,,2761771490.0,7.596009,"['set_piece_attack', 'attack', 'free_kick']",9.0,5.0,14.0,44.0,73.0,54.0,6849.0,Jönköpings Södra,4-2-3-1,,,False,False,False,center,0.0,,,,,,,,,,,,,,,,,,,,,,,,,,,,,,,,,,,,,,,,
2761771492,5678949,1H,9,9,00:09:09.264,552.264142,2761771493.0,,,,,,pass,"['lateral_pass', 'recovery', 'counterpressing_recovery', 'short_or_medium_pass']",75.0,34.0,6849,Jönköpings Södra,4-2-3-1,7055,Eskilsminne,4-2-3-1,951150,H. Israelsson,RAMF,True,98.0,,14.0,615327.0,I. Ellbring,AMF,73.0,54.0,2761771490.0,7.596009,"['set_piece_attack', 'attack', 'free_kick']",9.0,6.0,14.0,44.0,73.0,54.0,6849.0,Jönköpings Södra,4-2-3-1,,,False,False,False,center,0.0,,,,,,,,,,,,,,,,,,,,,,,,,,,,,,,,,,,,,,,,
2761771493,5678949,1H,9,10,00:09:10.375,553.375286,2761771495.0,,,,,,duel,['loose_ball_duel'],73.0,54.0,6849,Jönköpings Södra,4-2-3-1,7055,Eskilsminne,4-2-3-1,615327,I. Ellbring,AMF,,,,,,,,,,2761771490.0,7.596009,"['set_piece_attack', 'attack', 'free_kick']",9.0,7.0,14.0,44.0,73.0,54.0,6849.0,Jönköpings Södra,4-2-3-1,,,False,False,False,center,0.0,,,,,,,,,,,,,,,,,,,,,,,,,,,,,,,,,,,,,,,,
2761771619,5678949,1H,9,10,00:09:10.375,553.375286,2761771495.0,,,,,,duel,"['foul_suffered', 'loose_ball_duel', 'recovery', 'counterpressing_recovery']",27.0,46.0,7055,Eskilsminne,4-2-3-1,6849,Jönköpings Södra,4-2-3-1,989684,M. Larsson,LAMF,,,,,,,,,,2761771490.0,7.596009,"['set_piece_attack', 'attack', 'free_kick']",9.0,8.0,14.0,44.0,73.0,54.0,6849.0,Jönköpings Södra,4-2-3-1,,,False,False,False,center,0.0,,,,,,,,,,,,,,,,,,,,,,,,,,,,,,,,,,,,,,,,
2761771495,5678949,1H,9,11,00:09:11.183,554.183848,2761771619.0,,,,,,infraction,['foul'],74.0,55.0,6849,Jönköpings Södra,4-2-3-1,7055,Eskilsminne,4-2-3-1,615327,I. Ellbring,AMF,,,,,,,,,,,,,,,,,,,,,,,,,,,,,,,,,,,,,,,,False,False,regular_foul,989684.0,M. Larsson,LAMF,,,,,,,,,,,,,,,,,,,,,,,
2761771620,5678949,1H,9,29,00:09:29.855,572.855492,2761771621.0,,,,,,free_kick,[],28.0,41.0,7055,Eskilsminne,4-2-3-1,6849,Jönköpings Södra,4-2-3-1,566323,F. Velander,LCB,True,69.0,,39.0,813232.0,J. Albin,RB,41.0,94.0,2761771620.0,15.898509,"['set_piece_attack', 'free_kick']",4.0,0.0,28.0,41.0,46.0,18.0,7055.0,Eskilsminne,4-2-3-1,,,,,,,,,,,,,,,,,,,,,,,,,,,,,,,,,,,,,,,,,,,,,,,
2761771621,5678949,1H,9,32,00:09:32.841,575.841547,2761771622.0,,,,,,pass,"['lateral_pass', 'short_or_medium_pass']",41.0,94.0,7055,Eskilsminne,4-2-3-1,6849,Jönköpings Södra,4-2-3-1,813232,J. Albin,RB,True,-94.0,,14.0,493674.0,C. Seger,RDMF,40.0,74.0,2761771620.0,15.898509,"['set_piece_attack', 'free_kick']",4.0,1.0,28.0,41.0,46.0,18.0,7055.0,Eskilsminne,4-2-3-1,,,,,,,,,,,,,,,,,,,,,,,,,,,,,,,,,,,,,,,,,,,,,,,
2761771622,5678949,1H,9,34,00:09:34.120,577.120566,2761771503.0,,,,,,pass,"['forward_pass', 'long_pass', 'loss', 'pass_to_final_third']",40.0,74.0,7055,Eskilsminne,4-2-3-1,6849,Jönköpings Södra,4-2-3-1,493674,C. Seger,RDMF,False,-17.0,high,44.0,613701.0,H. Lyck,RCB,80.0,55.0,2761771620.0,15.898509,"['set_piece_attack', 'free_kick']",4.0,2.0,28.0,41.0,46.0,18.0,7055.0,Eskilsminne,4-2-3-1,,,,,,,,,,,,,,,,,,,,,,,,,,,,,,,,,,,,,,,,,,,,,,,
2761771503,5678949,1H,9,42,00:09:42.100,585.100136,2761771504.0,,,,,,touch,[],20.0,45.0,6849,Jönköpings Södra,4-2-3-1,7055,Eskilsminne,4-2-3-1,613701,H. Lyck,RCB,,,,,,,,,,2761771620.0,15.898509,"['set_piece_attack', 'free_kick']",4.0,3.0,28.0,41.0,46.0,18.0,7055.0,Eskilsminne,4-2-3-1,,,,,,,,,,,,,,,,,,,,,,,,,,,,,,,,,,,,,,,,,,,,,,,
2761771504,5678949,1H,9,49,00:09:49.407,592.407866,2761771507.0,,,,,,pass,"['lateral_pass', 'recovery', 'short_or_medium_pass']",54.0,82.0,6849,Jönköpings Södra,4-2-3-1,7055,Eskilsminne,4-2-3-1,613701,H. Lyck,RCB,True,48.0,,13.0,73.0,M. Johansson,RB,62.0,96.0,2761771504.0,5.089218,[],6.0,0.0,54.0,82.0,67.0,100.0,6849.0,Jönköpings Södra,4-2-3-1,,,,,,,,,,,,,,,,,,,,,,,,,,,,,,,,,,,,,,,,,,,,,,,
2761771507,5678949,1H,9,51,00:09:51.373,594.373592,2761771508.0,,,,,,duel,"['dribble', 'ground_duel', 'offensive_duel', 'carry']",62.0,96.0,6849,Jönköpings Södra,4-2-3-1,7055,Eskilsminne,4-2-3-1,73,M. Johansson,RB,,,,,,,,,,2761771504.0,5.089218,[],6.0,1.0,54.0,82.0,67.0,100.0,6849.0,Jönköpings Södra,4-2-3-1,,,,,,,,989684.0,M. Larsson,LAMF,dribble,True,True,,,True,right,2761771623.0,,,,,,,,9.87,71.0,90.0,,,,,,,,,,,,,,,,,,,
2761771623,5678949,1H,9,51,00:09:51.373,594.373592,2761771624.0,,,,,,duel,"['defensive_duel', 'dribbled_past_attempt', 'ground_duel']",38.0,4.0,7055,Eskilsminne,4-2-3-1,6849,Jönköpings Södra,4-2-3-1,989684,M. Larsson,LAMF,,,,,,,,,,2761771504.0,5.089218,[],6.0,2.0,54.0,82.0,67.0,100.0,6849.0,Jönköpings Södra,4-2-3-1,,,,,,,,73.0,M. Johansson,RB,defensive_duel,,,False,False,True,left,2761771507.0,,,,,,,,,,,,,,,,,,,,,,,,,,,,,
2761771508,5678949,1H,9,53,00:09:53.334,596.334735,2761771510.0,,,,,,duel,"['dribble', 'ground_duel', 'offensive_duel']",71.0,90.0,6849,Jönköpings Södra,4-2-3-1,7055,Eskilsminne,4-2-3-1,73,M. Johansson,RB,,,,,,,,,,2761771504.0,5.089218,[],6.0,3.0,54.0,82.0,67.0,100.0,6849.0,Jönköpings Södra,4-2-3-1,,,,,,,,51079.0,L. Ohlander,LB,dribble,True,True,,,True,right,2761771624.0,,,,,,,,,,,,,,,,,,,,,,,,,,,,,
2761771624,5678949,1H,9,53,00:09:53.334,596.334735,2761771510.0,,,,,,duel,"['defensive_duel', 'dribbled_past_attempt', 'ground_duel']",29.0,10.0,7055,Eskilsminne,4-2-3-1,6849,Jönköpings Södra,4-2-3-1,51079,L. Ohlander,LB,,,,,,,,,,2761771504.0,5.089218,[],6.0,4.0,54.0,82.0,67.0,100.0,6849.0,Jönköpings Södra,4-2-3-1,,,,,,,,73.0,M. Johansson,RB,defensive_duel,,,False,False,True,left,2761771508.0,,,,,,,,,,,,,,,,,,,,,,,,,,,,,
2761771509,5678949,1H,9,55,00:09:55.659,598.659433,,,,,,,game_interruption,['ball_out'],67.0,100.0,6849,Jönköpings Södra,4-2-3-1,7055,Eskilsminne,4-2-3-1,0,,,,,,,,,,,,2761771504.0,5.089218,[],6.0,5.0,54.0,82.0,67.0,100.0,6849.0,Jönköpings Södra,4-2-3-1,,,,,,,,,,,,,,,,,,,,,,,,,,,,,,,,,,,,,,,,,,,,,,,
2761771510,5678949,1H,9,58,00:09:58.780,601.780129,2761771511.0,,,,,,throw_in,[],63.0,100.0,6849,Jönköpings Södra,4-2-3-1,7055,Eskilsminne,4-2-3-1,258063,S. Crona,RDMF,True,-29.0,,23.0,951150.0,H. Israelsson,RAMF,82.0,84.0,2761771510.0,1.964334,['throw_in'],2.0,0.0,63.0,100.0,88.0,82.0,6849.0,Jönköpings Södra,4-2-3-1,,,,,,,,,,,,,,,,,,,,,,,,,,,,,,,,,,,,,,,,,,,,,,,
2761771511,5678949,1H,10,0,00:10:00.084,603.084907,2761771625.0,,,,,,touch,['loss'],82.0,84.0,6849,Jönköpings Södra,4-2-3-1,7055,Eskilsminne,4-2-3-1,951150,H. Israelsson,RAMF,,,,,,,,,,2761771510.0,1.964334,['throw_in'],2.0,1.0,63.0,100.0,88.0,82.0,6849.0,Jönköpings Södra,4-2-3-1,,,,,,,,,,,,,,,,,,,,,,,,,,,,,,,,,,,,,,,,,,,,,,,
2761771625,5678949,1H,10,1,00:10:01.404,604.404019,2761771512.0,,,,,,clearance,['loss'],12.0,18.0,7055,Eskilsminne,4-2-3-1,6849,Jönköpings Södra,4-2-3-1,566323,F. Velander,LCB,,,,,,,,,,2761771625.0,1.6736575,[],2.0,0.0,12.0,18.0,43.0,0.0,7055.0,Eskilsminne,4-2-3-1,,,,,,,,,,,,,,,,,,,,,,,,,,,,,,,,,,,,,,,,,,,,,,,
2761771512,5678949,1H,10,4,00:10:04.751,607.751334,,,,,,,game_interruption,['ball_out'],57.0,100.0,6849,Jönköpings Södra,4-2-3-1,7055,Eskilsminne,4-2-3-1,0,,,,,,,,,,,,2761771625.0,1.6736575,[],2.0,1.0,12.0,18.0,43.0,0.0,7055.0,Eskilsminne,4-2-3-1,,,,,,,,,,,,,,,,,,,,,,,,,,,,,,,,,,,,,,,,,,,,,,,
2761771513,5678949,1H,10,15,00:10:15.487,618.487619,2761771514.0,,,,,,throw_in,[],62.0,100.0,6849,Jönköpings Södra,4-2-3-1,7055,Eskilsminne,4-2-3-1,73,M. Johansson,RB,True,-11.0,,15.0,951150.0,H. Israelsson,RAMF,76.0,95.0,2761771513.0,2.039943,['throw_in'],4.0,0.0,62.0,100.0,81.0,100.0,6849.0,Jönköpings Södra,4-2-3-1,,,,,,,,,,,,,,,,,,,,,,,,,,,,,,,,,,,,,,,,,,,,,,,
2761771514,5678949,1H,10,16,00:10:16.057,619.057659,2761771631.0,,,,,,duel,"['ground_duel', 'offensive_duel']",76.0,95.0,6849,Jönköpings Södra,4-2-3-1,7055,Eskilsminne,4-2-3-1,951150,H. Israelsson,RAMF,,,,,,,,,,2761771513.0,2.039943,['throw_in'],4.0,1.0,62.0,100.0,81.0,100.0,6849.0,Jönköpings Södra,4-2-3-1,,,,,,,,51079.0,L. Ohlander,LB,offensive_duel,False,False,,,False,,2761771629.0,,,,,,,,,,,,,,,,,,,,,,,,,,,,,
2761771629,5678949,1H,10,16,00:10:16.057,619.057659,2761771631.0,,,,,,duel,"['defensive_duel', 'ground_duel']",24.0,5.0,7055,Eskilsminne,4-2-3-1,6849,Jönköpings Södra,4-2-3-1,51079,L. Ohlander,LB,,,,,,,,,,2761771513.0,2.039943,['throw_in'],4.0,2.0,62.0,100.0,81.0,100.0,6849.0,Jönköpings Södra,4-2-3-1,,,,,,,,951150.0,H. Israelsson,RAMF,defensive_duel,,,True,False,False,,2761771514.0,,,,,,,,,,,,,,,,,,,,,,,,,,,,,
2761771516,5678949,1H,10,18,00:10:18.997,621.997465,,,,,,,game_interruption,['ball_out'],81.0,100.0,6849,Jönköpings Södra,4-2-3-1,7055,Eskilsminne,4-2-3-1,0,,,,,,,,,,,,2761771513.0,2.039943,['throw_in'],4.0,3.0,62.0,100.0,81.0,100.0,6849.0,Jönköpings Södra,4-2-3-1,,,,,,,,,,,,,,,,,,,,,,,,,,,,,,,,,,,,,,,,,,,,,,,
2761771631,5678949,1H,10,30,00:10:30.485,633.485998,2761771632.0,,,,,,throw_in,[],22.0,0.0,7055,Eskilsminne,4-2-3-1,6849,Jönköpings Södra,4-2-3-1,51079,L. Ohlander,LB,True,126.0,,9.0,566323.0,F. Velander,LCB,17.0,10.0,2761771631.0,10.7620595,['throw_in'],9.0,0.0,22.0,0.0,0.0,8.0,7055.0,Eskilsminne,4-2-3-1,,,,,,,,,,,,,,,,,,,,,,,,,,,,,,,,,,,,,,,,,,,,,,,
2761771632,5678949,1H,10,31,00:10:31.510,634.510522,2761771519.0,,,,,,pass,"['forward_pass', 'long_pass', 'loss', 'progressive_pass', 'carry']",17.0,10.0,7055,Eskilsminne,4-2-3-1,6849,Jönköpings Södra,4-2-3-1,566323,F. Velander,LCB,False,12.0,high,24.0,258063.0,S. Crona,RDMF,39.0,18.0,2761771631.0,10.7620595,['throw_in'],9.0,1.0,22.0,0.0,0.0,8.0,7055.0,Eskilsminne,4-2-3-1,,,,,,,,,,,,,,,,,,,,,,,,,,44.92,19.0,32.0,,,,,,,,,,,,,,,,,,,
2761771519,5678949,1H,10,33,00:10:33.138,636.138547,2761771520.0,,,,,,pass,"['head_pass', 'lateral_pass', 'progressive_pass', 'recovery', 'counterpressing_recovery', 'short_or_medium_pass']",61.0,82.0,6849,Jönköpings Södra,4-2-3-1,7055,Eskilsminne,4-2-3-1,258063,S. Crona,RDMF,True,-72.0,high,16.0,51679.0,J. Drott,LDMF,66.0,60.0,2761771631.0,10.7620595,['throw_in'],9.0,2.0,22.0,0.0,0.0,8.0,7055.0,Eskilsminne,4-2-3-1,,,,,,,,,,,,,,,,,,,,,,,,,,,,,,,,,,,,,,,,,,,,,,,
2761771520,5678949,1H,10,34,00:10:34.774,637.774763,2761771633.0,,,,,,pass,"['forward_pass', 'loss', 'pass_to_final_third', 'short_or_medium_pass']",66.0,60.0,6849,Jönköpings Södra,4-2-3-1,7055,Eskilsminne,4-2-3-1,51679,J. Drott,LDMF,False,17.0,,17.0,566323.0,F. Velander,LCB,81.0,68.0,2761771631.0,10.7620595,['throw_in'],9.0,3.0,22.0,0.0,0.0,8.0,7055.0,Eskilsminne,4-2-3-1,,,,,,,,,,,,,,,,,,,,,,,,,,,,,,,,,,,,,,,,,,,,,,,
2761771633,5678949,1H,10,36,00:10:36.116,639.116835,2761771522.0,,,,,,pass,"['forward_pass', 'loss', 'progressive_pass', 'short_or_medium_pass']",19.0,32.0,7055,Eskilsminne,4-2-3-1,6849,Jönköpings Södra,4-2-3-1,566323,F. Velander,LCB,False,24.0,,10.0,51679.0,J. Drott,LDMF,28.0,38.0,2761771631.0,10.7620595,['throw_in'],9.0,4.0,22.0,0.0,0.0,8.0,7055.0,Eskilsminne,4-2-3-1,,,,,,,,,,,,,,,,,,,,,,,,,,,,,,,,,,,,,,,,,,,,,,,
2761771522,5678949,1H,10,37,00:10:37.370,640.370691,2761771524.0,,,,,,pass,"['forward_pass', 'recovery', 'counterpressing_recovery', 'short_or_medium_pass']",72.0,62.0,6849,Jönköpings Södra,4-2-3-1,7055,Eskilsminne,4-2-3-1,51679,J. Drott,LDMF,True,45.0,,13.0,1060409.0,L. Lyck,CF,81.0,75.0,2761771631.0,10.7620595,['throw_in'],9.0,5.0,22.0,0.0,0.0,8.0,7055.0,Eskilsminne,4-2-3-1,,,,,,,,,,,,,,,,,,,,,,,,,,,,,,,,,,,,,,,,,,,,,,,
2761771524,5678949,1H,10,37,00:10:37.916,640.916184,2761771634.0,,,,,,pass,"['forward_pass', 'loss', 'pass_to_penalty_area', 'short_or_medium_pass']",81.0,75.0,6849,Jönköpings Södra,4-2-3-1,7055,Eskilsminne,4-2-3-1,1060409,L. Lyck,CF,False,5.0,,11.0,51079.0,L. Ohlander,LB,91.0,77.0,2761771631.0,10.7620595,['throw_in'],9.0,6.0,22.0,0.0,0.0,8.0,7055.0,Eskilsminne,4-2-3-1,,,,,,,,,,,,,,,,,,,,,,,,,,,,,,,,,,,,,,,,,,,,,,,
2761771634,5678949,1H,10,39,00:10:39.863,642.863005,2761772989.0,,,,,,clearance,[],9.0,23.0,7055,Eskilsminne,4-2-3-1,6849,Jönköpings Södra,4-2-3-1,51079,L. Ohlander,LB,,,,,,,,,,2761771631.0,10.7620595,['throw_in'],9.0,7.0,22.0,0.0,0.0,8.0,7055.0,Eskilsminne,4-2-3-1,,,,,,,,,,,,,,,,,,,,,,,,,,,,,,,,,,,,,,,,,,,,,,,
2761772989,5678949,1H,10,42,00:10:42.633,645.63311,,,,,,,game_interruption,['ball_out'],100.0,92.0,6849,Jönköpings Södra,4-2-3-1,7055,Eskilsminne,4-2-3-1,0,,,,,,,,,,,,2761771631.0,10.7620595,['throw_in'],9.0,8.0,22.0,0.0,0.0,8.0,7055.0,Eskilsminne,4-2-3-1,,,,,,,,,,,,,,,,,,,,,,,,,,,,,,,,,,,,,,,,,,,,,,,
2761771527,5678949,1H,10,58,00:10:58.822,661.822054,2761771528.0,,,,,,corner,[],100.0,100.0,6849,Jönköpings Södra,4-2-3-1,7055,Eskilsminne,4-2-3-1,1060409,L. Lyck,CF,True,-119.0,low,21.0,258063.0,S. Crona,RDMF,90.0,73.0,2761771527.0,5.048188,"['corner', 'set_piece_attack', 'attack']",5.0,0.0,100.0,100.0,64.0,75.0,6849.0,Jönköpings Södra,4-2-3-1,,,False,False,False,right,0.0,,,,,,,,,,,,,,,,,,,,,,,,,,,,,,,,,,,,,,,,
2761771528,5678949,1H,11,0,00:11:00.526,663.526096,2761771636.0,,,,,,touch,['touch_in_box'],90.0,73.0,6849,Jönköpings Södra,4-2-3-1,7055,Eskilsminne,4-2-3-1,258063,S. Crona,RDMF,,,,,,,,,,2761771527.0,5.048188,"['corner', 'set_piece_attack', 'attack']",5.0,1.0,100.0,100.0,64.0,75.0,6849.0,Jönköpings Södra,4-2-3-1,,,False,False,False,right,0.0,,,,,,,,,,,,,,,,,,,,,,,,,,,,,,,,,,,,,,,,
2761771636,5678949,1H,11,1,00:11:01.390,664.39078,2761771638.0,,,,,,acceleration,[],15.0,25.0,7055,Eskilsminne,4-2-3-1,6849,Jönköpings Södra,4-2-3-1,517376,H. Norrby,LDMF,,,,,,,,,,2761771527.0,5.048188,"['corner', 'set_piece_attack', 'attack']",5.0,2.0,100.0,100.0,64.0,75.0,6849.0,Jönköpings Södra,4-2-3-1,,,False,False,False,right,0.0,,,,,,,,,,,,,,,,,,,,,,,,,,,,,,,,,,,,,,,,
2761771531,5678949,1H,11,3,00:11:03.870,666.870242,2761771532.0,,,,,,duel,"['defensive_duel', 'ground_duel', 'loss', 'sliding_tackle']",64.0,75.0,6849,Jönköpings Södra,4-2-3-1,7055,Eskilsminne,4-2-3-1,1060409,L. Lyck,CF,,,,,,,,,,2761771527.0,5.048188,"['corner', 'set_piece_attack', 'attack']",5.0,3.0,100.0,100.0,64.0,75.0,6849.0,Jönköpings Södra,4-2-3-1,,,False,False,False,right,0.0,517376.0,H. Norrby,LDMF,defensive_duel,,,False,False,False,,2761771638.0,,,,,,,,,,,,,,,,,,,,,,,,,,,,,
2761771638,5678949,1H,11,3,00:11:03.870,666.870242,2761771532.0,,,,,,duel,"['foul_suffered', 'ground_duel', 'offensive_duel', 'recovery']",36.0,25.0,7055,Eskilsminne,4-2-3-1,6849,Jönköpings Södra,4-2-3-1,517376,H. Norrby,LDMF,,,,,,,,,,2761771527.0,5.048188,"['corner', 'set_piece_attack', 'attack']",5.0,4.0,100.0,100.0,64.0,75.0,6849.0,Jönköpings Södra,4-2-3-1,,,False,False,False,right,0.0,1060409.0,L. Lyck,CF,offensive_duel,True,True,,,False,,2761771531.0,,,,,,,,,,,,,,,,,,,,,,,,,,,,,
2761771532,5678949,1H,11,4,00:11:04.773,667.773126,2761771638.0,,,,,,infraction,"['foul', 'yellow_card']",65.0,71.0,6849,Jönköpings Södra,4-2-3-1,7055,Eskilsminne,4-2-3-1,1060409,L. Lyck,CF,,,,,,,,,,,,,,,,,,,,,,,,,,,,,,,,,,,,,,,,True,False,regular_foul,517376.0,H. Norrby,LDMF,,,,,,,,,,,,,,,,,,,,,,,
2761771641,5678949,1H,11,46,00:11:46.213,709.213355,2761771644.0,,,,,,free_kick,[],36.0,29.0,7055,Eskilsminne,4-2-3-1,6849,Jönköpings Södra,4-2-3-1,566323,F. Velander,LCB,True,90.0,,24.0,739449.0,L. Larsen,RCB,36.0,64.0,2761771641.0,8.425664,"['set_piece_attack', 'free_kick']",4.0,0.0,36.0,29.0,71.0,74.0,7055.0,Eskilsminne,4-2-3-1,,,,,,,,,,,,,,,,,,,,,,,,,,,,,,,,,,,,,,,,,,,,,,,
2761771644,5678949,1H,11,51,00:11:51.545,714.545438,2761771646.0,,,,,,pass,"['lateral_pass', 'short_or_medium_pass']",36.0,64.0,7055,Eskilsminne,4-2-3-1,6849,Jönköpings Södra,4-2-3-1,739449,L. Larsen,RCB,True,90.0,,18.0,813232.0,J. Albin,RB,36.0,90.0,2761771641.0,8.425664,"['set_piece_attack', 'free_kick']",4.0,1.0,36.0,29.0,71.0,74.0,7055.0,Eskilsminne,4-2-3-1,,,,,,,,,,,,,,,,,,,,,,,,,,,,,,,,,,,,,,,,,,,,,,,
2761771646,5678949,1H,11,53,00:11:53.356,716.356598,2761771647.0,,,,,,pass,"['forward_pass', 'progressive_pass', 'short_or_medium_pass']",36.0,90.0,7055,Eskilsminne,4-2-3-1,6849,Jönköpings Södra,4-2-3-1,813232,J. Albin,RB,True,-14.0,,21.0,338669.0,C. Ljungberg,AMF,55.0,83.0,2761771641.0,8.425664,"['set_piece_attack', 'free_kick']",4.0,2.0,36.0,29.0,71.0,74.0,7055.0,Eskilsminne,4-2-3-1,,,,,,,,,,,,,,,,,,,,,,,,,,,,,,,,,,,,,,,,,,,,,,,
2761771647,5678949,1H,11,53,00:11:53.772,716.772649,2761771533.0,,,,,,pass,"['forward_pass', 'loss', 'pass_to_final_third', 'short_or_medium_pass', 'under_pressure']",55.0,83.0,7055,Eskilsminne,4-2-3-1,6849,Jönköpings Södra,4-2-3-1,338669,C. Ljungberg,AMF,False,-19.0,,18.0,558236.0,L. Eek,LCB,71.0,74.0,2761771641.0,8.425664,"['set_piece_attack', 'free_kick']",4.0,3.0,36.0,29.0,71.0,74.0,7055.0,Eskilsminne,4-2-3-1,,,,,,,,,,,,,,,,,,,,,,,,,,,,,,,,,,,,,,,,,,,,,,,
2761771533,5678949,1H,11,55,00:11:55.505,718.505389,2761771534.0,,,,,,pass,"['forward_pass', 'recovery', 'short_or_medium_pass']",29.0,26.0,6849,Jönköpings Södra,4-2-3-1,7055,Eskilsminne,4-2-3-1,558236,L. Eek,LCB,True,16.0,,14.0,51679.0,J. Drott,LDMF,42.0,33.0,2761771533.0,4.2159145,['transition_low'],2.0,0.0,29.0,26.0,61.0,74.0,6849.0,Jönköpings Södra,4-2-3-1,,,,,,,,,,,,,,,,,,,,,,,,,,,,,,,,,,,,,,,,,,,,,,,
2761771534,5678949,1H,11,58,00:11:58.649,721.649124,2761771650.0,,,,,,pass,"['lateral_pass', 'long_pass', 'loss']",42.0,33.0,6849,Jönköpings Södra,4-2-3-1,7055,Eskilsminne,4-2-3-1,51679,J. Drott,LDMF,False,54.0,high,34.0,51079.0,L. Ohlander,LB,61.0,74.0,2761771533.0,4.2159145,['transition_low'],2.0,1.0,29.0,26.0,61.0,74.0,6849.0,Jönköpings Södra,4-2-3-1,,,,,,,,,,,,,,,,,,,,,,,,,,,,,,,,,,,,,,,,,,,,,,,
2761771650,5678949,1H,12,0,00:12:00.793,723.793483,2761771536.0,,,,,,interception,[],39.0,26.0,7055,Eskilsminne,4-2-3-1,6849,Jönköpings Södra,4-2-3-1,51079,L. Ohlander,LB,,,,,,,,,,2761771650.0,5.1687865,[],4.0,0.0,39.0,26.0,66.0,0.0,7055.0,Eskilsminne,4-2-3-1,,,,,,,,,,,,,,,,,,,,,,,,,,,,,,,,,,,,,,,,,,,,,,,
2761771536,5678949,1H,12,4,00:12:04.757,727.757563,2761771539.0,,,,,,duel,"['ground_duel', 'offensive_duel']",38.0,96.0,6849,Jönköpings Södra,4-2-3-1,7055,Eskilsminne,4-2-3-1,73,M. Johansson,RB,,,,,,,,,,2761771650.0,5.1687865,[],4.0,1.0,39.0,26.0,66.0,0.0,7055.0,Eskilsminne,4-2-3-1,,,,,,,,989684.0,M. Larsson,LAMF,offensive_duel,True,False,,,False,,2761771663.0,,,,,,,,,,,,,,,,,,,,,,,,,,,,,
2761771663,5678949,1H,12,4,00:12:04.757,727.757563,2761771539.0,,,,,,duel,"['defensive_duel', 'ground_duel']",62.0,4.0,7055,Eskilsminne,4-2-3-1,6849,Jönköpings Södra,4-2-3-1,989684,M. Larsson,LAMF,,,,,,,,,,2761771650.0,5.1687865,[],4.0,2.0,39.0,26.0,66.0,0.0,7055.0,Eskilsminne,4-2-3-1,,,,,,,,73.0,M. Johansson,RB,defensive_duel,,,True,False,False,,2761771536.0,,,,,,,,,,,,,,,,,,,,,,,,,,,,,
2761771537,5678949,1H,12,7,00:12:07.166,730.166976,,,,,,,game_interruption,['ball_out'],34.0,100.0,6849,Jönköpings Södra,4-2-3-1,7055,Eskilsminne,4-2-3-1,0,,,,,,,,,,,,2761771650.0,5.1687865,[],4.0,3.0,39.0,26.0,66.0,0.0,7055.0,Eskilsminne,4-2-3-1,,,,,,,,,,,,,,,,,,,,,,,,,,,,,,,,,,,,,,,,,,,,,,,
2761771539,5678949,1H,12,14,00:12:14.538,737.538461,2761771540.0,,,,,,throw_in,[],42.0,100.0,6849,Jönköpings Södra,4-2-3-1,7055,Eskilsminne,4-2-3-1,73,M. Johansson,RB,True,-63.0,,13.0,615327.0,I. Ellbring,AMF,48.0,83.0,2761771539.0,31.1720755,"['attack', 'throw_in']",17.0,0.0,42.0,100.0,100.0,36.0,6849.0,Jönköpings Södra,4-2-3-1,,,False,False,False,left,0.0,,,,,,,,,,,,,,,,,,,,,,,,,,,,,,,,,,,,,,,,
2761771540,5678949,1H,12,15,00:12:15.458,738.458229,2761771542.0,,,,,,pass,"['back_pass', 'short_or_medium_pass', 'under_pressure']",48.0,83.0,6849,Jönköpings Södra,4-2-3-1,7055,Eskilsminne,4-2-3-1,615327,I. Ellbring,AMF,True,143.0,,15.0,73.0,M. Johansson,RB,36.0,95.0,2761771539.0,31.1720755,"['attack', 'throw_in']",17.0,1.0,42.0,100.0,100.0,36.0,6849.0,Jönköpings Södra,4-2-3-1,,,False,False,False,left,0.0,,,,,,,,,,,,,,,,,,,,,,,,,,,,,,,,,,,,,,,,
2761771542,5678949,1H,12,16,00:12:16.453,739.45354,2761771543.0,,,,,,touch,['carry'],36.0,95.0,6849,Jönköpings Södra,4-2-3-1,7055,Eskilsminne,4-2-3-1,73,M. Johansson,RB,,,,,,,,,,2761771539.0,31.1720755,"['attack', 'throw_in']",17.0,2.0,42.0,100.0,100.0,36.0,6849.0,Jönköpings Södra,4-2-3-1,,,False,False,False,left,0.0,,,,,,,,,,,,,,,,,,,4.111,35.0,71.0,,,,,,,,,,,,,,,,,,,
2761771543,5678949,1H,12,20,00:12:20.387,743.387795,2761771544.0,,,,,,pass,"['lateral_pass', 'short_or_medium_pass']",35.0,71.0,6849,Jönköpings Södra,4-2-3-1,7055,Eskilsminne,4-2-3-1,73,M. Johansson,RB,True,-109.0,,27.0,558236.0,L. Eek,LCB,27.0,33.0,2761771539.0,31.1720755,"['attack', 'throw_in']",17.0,3.0,42.0,100.0,100.0,36.0,6849.0,Jönköpings Södra,4-2-3-1,,,False,False,False,left,0.0,,,,,,,,,,,,,,,,,,,,,,,,,,,,,,,,,,,,,,,,
2761771544,5678949,1H,12,23,00:12:23.187,746.18745,2761771545.0,,,,,,pass,"['lateral_pass', 'short_or_medium_pass']",27.0,33.0,6849,Jönköpings Södra,4-2-3-1,7055,Eskilsminne,4-2-3-1,558236,L. Eek,LCB,True,-82.0,,14.0,692804.0,O. Almström,LB,29.0,12.0,2761771539.0,31.1720755,"['attack', 'throw_in']",17.0,4.0,42.0,100.0,100.0,36.0,6849.0,Jönköpings Södra,4-2-3-1,,,False,False,False,left,0.0,,,,,,,,,,,,,,,,,,,,,,,,,,,,,,,,,,,,,,,,
2761771545,5678949,1H,12,25,00:12:25.576,748.576057,2761771666.0,,,,,,pass,"['forward_pass', 'short_or_medium_pass']",29.0,12.0,6849,Jönköpings Södra,4-2-3-1,7055,Eskilsminne,4-2-3-1,692804,O. Almström,LB,False,-2.0,,29.0,813232.0,J. Albin,RB,57.0,11.0,2761771539.0,31.1720755,"['attack', 'throw_in']",17.0,5.0,42.0,100.0,100.0,36.0,6849.0,Jönköpings Södra,4-2-3-1,,,False,False,False,left,0.0,,,,,,,,,,,,,,,,,,,,,,,,,,,,,,,,,,,,,,,,
2761771666,5678949,1H,12,26,00:12:26.572,749.572708,2761771550.0,,,,,,touch,[],43.0,89.0,7055,Eskilsminne,4-2-3-1,6849,Jönköpings Södra,4-2-3-1,813232,J. Albin,RB,,,,,,,,,,2761771539.0,31.1720755,"['attack', 'throw_in']",17.0,6.0,42.0,100.0,100.0,36.0,6849.0,Jönköpings Södra,4-2-3-1,,,False,False,False,left,0.0,,,,,,,,,,,,,,,,,,,,,,,,,,,,,,,,,,,,,,,,
2761771548,5678949,1H,12,29,00:12:29.790,752.790639,2761771550.0,,,,,,touch,['carry'],71.0,11.0,6849,Jönköpings Södra,4-2-3-1,7055,Eskilsminne,4-2-3-1,1060411,A. Kiwarkis,LAMF,,,,,,,,,,2761771539.0,31.1720755,"['attack', 'throw_in']",17.0,7.0,42.0,100.0,100.0,36.0,6849.0,Jönköpings Södra,4-2-3-1,,,False,False,False,left,0.0,,,,,,,,,,,,,,,,,,,8.8,81.0,14.0,,,,,,,,,,,,,,,,,,,
2761771550,5678949,1H,12,31,00:12:31.599,754.599359,2761771551.0,,,,,,duel,"['dribble', 'ground_duel', 'offensive_duel']",82.0,12.0,6849,Jönköpings Södra,4-2-3-1,7055,Eskilsminne,4-2-3-1,1060411,A. Kiwarkis,LAMF,,,,,,,,,,2761771539.0,31.1720755,"['attack', 'throw_in']",17.0,8.0,42.0,100.0,100.0,36.0,6849.0,Jönköpings Södra,4-2-3-1,,,False,False,False,left,0.0,739449.0,L. Larsen,RCB,dribble,True,True,,,False,left,2761771668.0,,,,,,,,,,,,,,,,,,,,,,,,,,,,,
2761771668,5678949,1H,12,31,00:12:31.599,754.599359,2761771551.0,,,,,,duel,"['defensive_duel', 'ground_duel']",18.0,88.0,7055,Eskilsminne,4-2-3-1,6849,Jönköpings Södra,4-2-3-1,739449,L. Larsen,RCB,,,,,,,,,,2761771539.0,31.1720755,"['attack', 'throw_in']",17.0,9.0,42.0,100.0,100.0,36.0,6849.0,Jönköpings Södra,4-2-3-1,,,False,False,False,left,0.0,1060411.0,A. Kiwarkis,LAMF,defensive_duel,,,False,False,False,right,2761771550.0,,,,,,,,,,,,,,,,,,,,,,,,,,,,,
2761771551,5678949,1H,12,32,00:12:32.397,755.397202,2761771670.0,,,,,,pass,"['cross', 'lateral_pass', 'loss', 'pass_to_penalty_area']",81.0,14.0,6849,Jönköpings Södra,4-2-3-1,7055,Eskilsminne,4-2-3-1,1060411,A. Kiwarkis,LAMF,False,76.0,high,31.0,51079.0,L. Ohlander,LB,88.0,58.0,2761771539.0,31.1720755,"['attack', 'throw_in']",17.0,10.0,42.0,100.0,100.0,36.0,6849.0,Jönköpings Södra,4-2-3-1,,,False,False,False,left,0.0,,,,,,,,,,,,,,,,,,,,,,,,,,,,,,,,,,,,,,,,
2761771670,5678949,1H,12,33,00:12:33.647,756.647556,2761771552.0,,,,,,interception,"['head_pass', 'loss']",12.0,42.0,7055,Eskilsminne,4-2-3-1,6849,Jönköpings Södra,4-2-3-1,51079,L. Ohlander,LB,,,,,,,,,,2761771539.0,31.1720755,"['attack', 'throw_in']",17.0,11.0,42.0,100.0,100.0,36.0,6849.0,Jönköpings Södra,4-2-3-1,,,False,False,False,left,0.0,,,,,,,,,,,,,,,,,,,,,,,,,,,,,,,,,,,,,,,,
2761771552,5678949,1H,12,37,00:12:37.497,760.497851,2761771553.0,,,,,,pass,"['forward_pass', 'pass_to_final_third', 'progressive_pass', 'recovery', 'counterpressing_recovery', 'short_or_medium_pass']",63.0,11.0,6849,Jönköpings Södra,4-2-3-1,7055,Eskilsminne,4-2-3-1,558236,L. Eek,LCB,True,2.0,,32.0,1060411.0,A. Kiwarkis,LAMF,93.0,12.0,2761771539.0,31.1720755,"['attack', 'throw_in']",17.0,12.0,42.0,100.0,100.0,36.0,6849.0,Jönköpings Södra,4-2-3-1,,,False,False,False,left,0.0,,,,,,,,,,,,,,,,,,,,,,,,,,,,,,,,,,,,,,,,
2761771553,5678949,1H,12,43,00:12:43.278,766.278201,2761771555.0,,,,,,pass,"['deep_completion', 'pass_to_penalty_area', 'short_or_medium_pass']",93.0,12.0,6849,Jönköpings Södra,4-2-3-1,7055,Eskilsminne,4-2-3-1,1060411,A. Kiwarkis,LAMF,True,74.0,,7.0,692804.0,O. Almström,LB,95.0,22.0,2761771539.0,31.1720755,"['attack', 'throw_in']",17.0,13.0,42.0,100.0,100.0,36.0,6849.0,Jönköpings Södra,4-2-3-1,,,False,False,False,left,0.0,,,,,,,,,,,,,,,,,,,,,,,,,,,,,,,,,,,,,,,,
2761771555,5678949,1H,12,44,00:12:44.303,767.303103,2761771559.0,,,,,,duel,"['dribble', 'ground_duel', 'offensive_duel']",95.0,22.0,6849,Jönköpings Södra,4-2-3-1,7055,Eskilsminne,4-2-3-1,692804,O. Almström,LB,,,,,,,,,,2761771539.0,31.1720755,"['attack', 'throw_in']",17.0,14.0,42.0,100.0,100.0,36.0,6849.0,Jönköpings Södra,4-2-3-1,,,False,False,False,left,0.0,739449.0,L. Larsen,RCB,dribble,False,False,,,False,right,2761771673.0,,,,,,,,,,,,,,,,,,,,,,,,,,,,,
2761771673,5678949,1H,12,44,00:12:44.303,767.303103,2761771559.0,,,,,,duel,"['defensive_duel', 'ground_duel']",5.0,78.0,7055,Eskilsminne,4-2-3-1,6849,Jönköpings Södra,4-2-3-1,739449,L. Larsen,RCB,,,,,,,,,,2761771539.0,31.1720755,"['attack', 'throw_in']",17.0,15.0,42.0,100.0,100.0,36.0,6849.0,Jönköpings Södra,4-2-3-1,,,False,False,False,left,0.0,692804.0,O. Almström,LB,defensive_duel,,,True,False,False,left,2761771555.0,,,,,,,,,,,,,,,,,,,,,,,,,,,,,
2761771556,5678949,1H,12,47,00:12:47.117,770.11797,,,,,,,game_interruption,['ball_out'],100.0,36.0,6849,Jönköpings Södra,4-2-3-1,7055,Eskilsminne,4-2-3-1,0,,,,,,,,,,,,2761771539.0,31.1720755,"['attack', 'throw_in']",17.0,16.0,42.0,100.0,100.0,36.0,6849.0,Jönköpings Södra,4-2-3-1,,,False,False,False,left,0.0,,,,,,,,,,,,,,,,,,,,,,,,,,,,,,,,,,,,,,,,
2761771559,5678949,1H,13,11,00:13:11.339,794.339452,2761771678.0,,,,,,corner,[],100.0,0.0,6849,Jönköpings Södra,4-2-3-1,7055,Eskilsminne,4-2-3-1,615327,I. Ellbring,AMF,False,100.0,high,29.0,807610.0,T. Bermudez,CF,95.0,42.0,2761771559.0,5.3101615,"['corner', 'set_piece_attack', 'attack']",7.0,0.0,100.0,0.0,88.0,66.0,6849.0,Jönköpings Södra,4-2-3-1,,,True,False,False,center,0.0276,,,,,,,,,,,,,,,,,,,,,,,,,,,,,,,,,,,,,,,,
2761771678,5678949,1H,13,12,00:13:12.759,795.759461,2761771684.0,,,,,,interception,"['head_pass', 'lateral_pass', 'pass', 'short_or_medium_pass']",5.0,58.0,7055,Eskilsminne,4-2-3-1,6849,Jönköpings Södra,4-2-3-1,807610,T. Bermudez,CF,True,-42.0,high,12.0,989684.0,M. Larsson,LAMF,13.0,45.0,2761771559.0,5.3101615,"['corner', 'set_piece_attack', 'attack']",7.0,1.0,100.0,0.0,88.0,66.0,6849.0,Jönköpings Södra,4-2-3-1,,,True,False,False,center,0.0276,,,,,,,,,,,,,,,,,,,,,,,,,,,,,,,,,,,,,,,,
2761771684,5678949,1H,13,14,00:13:14.019,797.019082,2761771693.0,,,,,,pass,['short_or_medium_pass'],13.0,45.0,7055,Eskilsminne,4-2-3-1,6849,Jönköpings Södra,4-2-3-1,989684,M. Larsson,LAMF,True,90.0,,2.0,989683.0,H. Lindahl,RAMF,13.0,48.0,2761771559.0,5.3101615,"['corner', 'set_piece_attack', 'attack']",7.0,2.0,100.0,0.0,88.0,66.0,6849.0,Jönköpings Södra,4-2-3-1,,,True,False,False,center,0.0276,,,,,,,,,,,,,,,,,,,,,,,,,,,,,,,,,,,,,,,,
2761771693,5678949,1H,13,14,00:13:14.940,797.940359,2761771562.0,,,,,,duel,['loose_ball_duel'],13.0,48.0,7055,Eskilsminne,4-2-3-1,6849,Jönköpings Södra,4-2-3-1,989683,H. Lindahl,RAMF,,,,,,,,,,2761771559.0,5.3101615,"['corner', 'set_piece_attack', 'attack']",7.0,3.0,100.0,0.0,88.0,66.0,6849.0,Jönköpings Södra,4-2-3-1,,,True,False,False,center,0.0276,,,,,,,,,,,,,,,,,,,,,,,,,,,,,,,,,,,,,,,,
2761773427,5678949,1H,13,14,00:13:14.940,797.940359,2761771562.0,,,,,,duel,['loose_ball_duel'],87.0,52.0,6849,Jönköpings Södra,4-2-3-1,7055,Eskilsminne,4-2-3-1,0,,,,,,,,,,,,2761771559.0,5.3101615,"['corner', 'set_piece_attack', 'attack']",7.0,4.0,100.0,0.0,88.0,66.0,6849.0,Jönköpings Södra,4-2-3-1,,,True,False,False,center,0.0276,,,,,,,,,,,,,,,,,,,,,,,,,,,,,,,,,,,,,,,,
2761771562,5678949,1H,13,15,00:13:15.311,798.311422,2761771563.0,,,,,,interception,['touch_in_box'],86.0,55.0,6849,Jönköpings Södra,4-2-3-1,7055,Eskilsminne,4-2-3-1,258063,S. Crona,RDMF,,,,,,,,,,2761771559.0,5.3101615,"['corner', 'set_piece_attack', 'attack']",7.0,5.0,100.0,0.0,88.0,66.0,6849.0,Jönköpings Södra,4-2-3-1,,,True,False,False,center,0.0276,,,,,,,,,,,,,,,,,,,,,,,,,,,,,,,,,,,,,,,,
2761771563,5678949,1H,13,17,00:13:17.987,800.987805,,,,,,,shot,"['shot_after_corner', 'touch_in_box']",88.0,66.0,6849,Jönköpings Södra,4-2-3-1,7055,Eskilsminne,4-2-3-1,1060411,A. Kiwarkis,LAMF,,,,,,,,,,2761771559.0,5.3101615,"['corner', 'set_piece_attack', 'attack']",7.0,6.0,100.0,0.0,88.0,66.0,6849.0,Jönköpings Södra,4-2-3-1,,,True,False,False,center,0.0276,,,,,,,,,,,,,,,,,,,,,,right_foot,False,False,bc,0.02756,,,,,,,,,,,,,,
2761771697,5678949,1H,13,18,00:13:18.512,801.512389,2761771565.0,,,,,,interception,['shot_block'],10.0,41.0,7055,Eskilsminne,4-2-3-1,6849,Jönköpings Södra,4-2-3-1,989683,H. Lindahl,RAMF,,,,,,,,,,,,,,,,,,,,,,,,,,,,,,,,,,,,,,,,,,,,,,,,,,,,,,,,,,,,,,,,,,,,
2761771565,5678949,1H,13,23,00:13:23.733,806.733415,,,,,,,game_interruption,['ball_out'],77.0,100.0,6849,Jönköpings Södra,4-2-3-1,7055,Eskilsminne,4-2-3-1,0,,,,,,,,,,,,,,,,,,,,,,,,,,,,,,,,,,,,,,,,,,,,,,,,,,,,,,,,,,,,,,,,,,,,,,
2761771566,5678949,1H,13,43,00:13:43.961,826.961996,2761771701.0,,,,,,throw_in,['loss'],89.0,100.0,6849,Jönköpings Södra,4-2-3-1,7055,Eskilsminne,4-2-3-1,692804,O. Almström,LB,False,-76.0,,24.0,989684.0,M. Larsson,LAMF,94.0,65.0,2761771566.0,0.775323,['throw_in'],1.0,0.0,89.0,100.0,94.0,65.0,6849.0,Jönköpings Södra,4-2-3-1,,,,,,,,,,,,,,,,,,,,,,,,,,,,,,,,,,,,,,,,,,,,,,,
2761771701,5678949,1H,13,45,00:13:45.512,828.512642,2761771703.0,,,,,,interception,"['head_pass', 'pass', 'short_or_medium_pass']",6.0,35.0,7055,Eskilsminne,4-2-3-1,6849,Jönköpings Södra,4-2-3-1,989684,M. Larsson,LAMF,True,130.0,high,8.0,739449.0,L. Larsen,RCB,1.0,44.0,2761771701.0,2.771654,[],3.0,0.0,6.0,35.0,0.0,33.0,7055.0,Eskilsminne,4-2-3-1,,,,,,,,,,,,,,,,,,,,,,,,,,,,,,,,,,,,,,,,,,,,,,,
2761771703,5678949,1H,13,46,00:13:46.757,829.757611,2761771568.0,,,,,,clearance,['head_pass'],1.0,44.0,7055,Eskilsminne,4-2-3-1,6849,Jönköpings Södra,4-2-3-1,739449,L. Larsen,RCB,,,,,,,,,,2761771701.0,2.771654,[],3.0,1.0,6.0,35.0,0.0,33.0,7055.0,Eskilsminne,4-2-3-1,,,,,,,,,,,,,,,,,,,,,,,,,,,,,,,,,,,,,,,,,,,,,,,
2761771568,5678949,1H,13,49,00:13:49.810,832.810981,,,,,,,game_interruption,['ball_out'],100.0,67.0,6849,Jönköpings Södra,4-2-3-1,7055,Eskilsminne,4-2-3-1,0,,,,,,,,,,,,2761771701.0,2.771654,[],3.0,2.0,6.0,35.0,0.0,33.0,7055.0,Eskilsminne,4-2-3-1,,,,,,,,,,,,,,,,,,,,,,,,,,,,,,,,,,,,,,,,,,,,,,,
2761771570,5678949,1H,14,19,00:14:19.690,862.690267,2761771571.0,,,,,,corner,[],100.0,100.0,6849,Jönköpings Södra,4-2-3-1,7055,Eskilsminne,4-2-3-1,615327,I. Ellbring,AMF,True,-101.0,high,42.0,613701.0,H. Lyck,RCB,92.0,39.0,2761771570.0,4.659492,"['corner', 'set_piece_attack', 'attack']",5.0,0.0,100.0,100.0,100.0,25.0,6849.0,Jönköpings Södra,4-2-3-1,,,False,False,False,center,0.0,,,,,,,,,,,,,,,,,,,,,,,,,,,,,,,,,,,,,,,,
2761771571,5678949,1H,14,21,00:14:21.298,864.298649,2761771573.0,,,,,,duel,"['loose_ball_duel', 'carry']",92.0,39.0,6849,Jönköpings Södra,4-2-3-1,7055,Eskilsminne,4-2-3-1,613701,H. Lyck,RCB,,,,,,,,,,2761771570.0,4.659492,"['corner', 'set_piece_attack', 'attack']",5.0,1.0,100.0,100.0,100.0,25.0,6849.0,Jönköpings Södra,4-2-3-1,,,False,False,False,center,0.0,,,,,,,,,,,,,,,,,,,0.167,98.0,34.0,,,,,,,,,,,,,,,,,,,
2761771708,5678949,1H,14,21,00:14:21.298,864.298649,2761771573.0,,,,,,duel,['loose_ball_duel'],8.0,61.0,7055,Eskilsminne,4-2-3-1,6849,Jönköpings Södra,4-2-3-1,493674,C. Seger,RDMF,,,,,,,,,,2761771570.0,4.659492,"['corner', 'set_piece_attack', 'attack']",5.0,2.0,100.0,100.0,100.0,25.0,6849.0,Jönköpings Södra,4-2-3-1,,,False,False,False,center,0.0,,,,,,,,,,,,,,,,,,,,,,,,,,,,,,,,,,,,,,,,
2761771573,5678949,1H,14,23,00:14:23.266,866.266324,2761771575.0,,,,,,touch,['touch_in_box'],98.0,34.0,6849,Jönköpings Södra,4-2-3-1,7055,Eskilsminne,4-2-3-1,613701,H. Lyck,RCB,,,,,,,,,,2761771570.0,4.659492,"['corner', 'set_piece_attack', 'attack']",5.0,3.0,100.0,100.0,100.0,25.0,6849.0,Jönköpings Södra,4-2-3-1,,,False,False,False,center,0.0,,,,,,,,,,,,,,,,,,,,,,,,,,,,,,,,,,,,,,,,
2761771575,5678949,1H,14,25,00:14:25.433,868.433194,,,,,,,game_interruption,['ball_out'],100.0,25.0,6849,Jönköpings Södra,4-2-3-1,7055,Eskilsminne,4-2-3-1,0,,,,,,,,,,,,2761771570.0,4.659492,"['corner', 'set_piece_attack', 'attack']",5.0,4.0,100.0,100.0,100.0,25.0,6849.0,Jönköpings Södra,4-2-3-1,,,False,False,False,center,0.0,,,,,,,,,,,,,,,,,,,,,,,,,,,,,,,,,,,,,,,,
2761771709,5678949,1H,14,41,00:14:41.213,884.213025,2761771710.0,,,,,,goal_kick,[],0.0,38.0,7055,Eskilsminne,4-2-3-1,6849,Jönköpings Södra,4-2-3-1,566323,F. Velander,LCB,True,97.0,,8.0,693887.0,H. Pauli,GK,4.0,50.0,2761771709.0,4.1330835,"['set_piece_attack', 'free_kick']",2.0,0.0,0.0,38.0,50.0,88.0,7055.0,Eskilsminne,4-2-3-1,,,,,,,,,,,,,,,,,,,,,,,,,,,,,,,,,,,,,,,,,,,,,,,
2761771710,5678949,1H,14,43,00:14:43.748,886.748789,2761771711.0,,,,,,pass,"['forward_pass', 'long_pass', 'loss', 'progressive_pass']",4.0,50.0,7055,Eskilsminne,4-2-3-1,6849,Jönköpings Södra,4-2-3-1,693887,H. Pauli,GK,True,28.0,high,55.0,989683.0,H. Lindahl,RAMF,50.0,88.0,2761771709.0,4.1330835,"['set_piece_attack', 'free_kick']",2.0,1.0,0.0,38.0,50.0,88.0,7055.0,Eskilsminne,4-2-3-1,,,,,,,,,,,,,,,,,,,,,,,,,,,,,,,,,,,,,,,,,,,,,,,
2761771578,5678949,1H,14,46,00:14:46.732,889.732018,2761771580.0,,,,,,duel,"['loose_ball_duel', 'recovery']",50.0,12.0,6849,Jönköpings Södra,4-2-3-1,7055,Eskilsminne,4-2-3-1,692804,O. Almström,LB,,,,,,,,,,2761771578.0,8.551402,"['attack', 'transition_medium']",10.0,0.0,50.0,12.0,76.0,17.0,6849.0,Jönköpings Södra,4-2-3-1,,,False,False,False,left,0.0,,,,,,,,,,,,,,,,,,,,,,,,,,,,,,,,,,,,,,,,
2761771711,5678949,1H,14,46,00:14:46.732,889.732739,2761771580.0,,,,,,duel,['loose_ball_duel'],50.0,88.0,7055,Eskilsminne,4-2-3-1,6849,Jönköpings Södra,4-2-3-1,989683,H. Lindahl,RAMF,,,,,,,,,,2761771578.0,8.551402,"['attack', 'transition_medium']",10.0,1.0,50.0,12.0,76.0,17.0,6849.0,Jönköpings Södra,4-2-3-1,,,False,False,False,left,0.0,,,,,,,,,,,,,,,,,,,,,,,,,,,,,,,,,,,,,,,,
2761771580,5678949,1H,14,47,00:14:47.663,890.663022,2761771583.0,,,,,,pass,"['forward_pass', 'short_or_medium_pass']",41.0,21.0,6849,Jönköpings Södra,4-2-3-1,7055,Eskilsminne,4-2-3-1,558236,L. Eek,LCB,True,-33.0,,20.0,692804.0,O. Almström,LB,57.0,5.0,2761771578.0,8.551402,"['attack', 'transition_medium']",10.0,2.0,50.0,12.0,76.0,17.0,6849.0,Jönköpings Södra,4-2-3-1,,,False,False,False,left,0.0,,,,,,,,,,,,,,,,,,,,,,,,,,,,,,,,,,,,,,,,
2761771583,5678949,1H,14,49,00:14:49.463,892.463814,2761771584.0,,,,,,touch,['carry'],57.0,5.0,6849,Jönköpings Södra,4-2-3-1,7055,Eskilsminne,4-2-3-1,692804,O. Almström,LB,,,,,,,,,,2761771578.0,8.551402,"['attack', 'transition_medium']",10.0,3.0,50.0,12.0,76.0,17.0,6849.0,Jönköpings Södra,4-2-3-1,,,False,False,False,left,0.0,,,,,,,,,,,,,,,,,,,8.0,65.0,8.0,,,,,,,,,,,,,,,,,,,
2761771584,5678949,1H,14,50,00:14:50.865,893.865422,2761771586.0,,,,,,duel,['loose_ball_duel'],65.0,8.0,6849,Jönköpings Södra,4-2-3-1,7055,Eskilsminne,4-2-3-1,692804,O. Almström,LB,,,,,,,,,,2761771578.0,8.551402,"['attack', 'transition_medium']",10.0,4.0,50.0,12.0,76.0,17.0,6849.0,Jönköpings Södra,4-2-3-1,,,False,False,False,left,0.0,,,,,,,,,,,,,,,,,,,,,,,,,,,,,,,,,,,,,,,,
2761771716,5678949,1H,14,50,00:14:50.865,893.865422,2761771586.0,,,,,,duel,['loose_ball_duel'],35.0,92.0,7055,Eskilsminne,4-2-3-1,6849,Jönköpings Södra,4-2-3-1,813232,J. Albin,RB,,,,,,,,,,2761771578.0,8.551402,"['attack', 'transition_medium']",10.0,5.0,50.0,12.0,76.0,17.0,6849.0,Jönköpings Södra,4-2-3-1,,,False,False,False,left,0.0,,,,,,,,,,,,,,,,,,,,,,,,,,,,,,,,,,,,,,,,
2761771586,5678949,1H,14,52,00:14:52.281,895.281895,2761771589.0,,,,,,touch,[],67.0,16.0,6849,Jönköpings Södra,4-2-3-1,7055,Eskilsminne,4-2-3-1,1060411,A. Kiwarkis,LAMF,,,,,,,,,,2761771578.0,8.551402,"['attack', 'transition_medium']",10.0,6.0,50.0,12.0,76.0,17.0,6849.0,Jönköpings Södra,4-2-3-1,,,False,False,False,left,0.0,,,,,,,,,,,,,,,,,,,,,,,,,,,,,,,,,,,,,,,,
2761771589,5678949,1H,14,53,00:14:53.108,896.108865,2761771590.0,,,,,,duel,"['defensive_duel', 'ground_duel']",70.0,16.0,6849,Jönköpings Södra,4-2-3-1,7055,Eskilsminne,4-2-3-1,1060411,A. Kiwarkis,LAMF,,,,,,,,,,2761771578.0,8.551402,"['attack', 'transition_medium']",10.0,7.0,50.0,12.0,76.0,17.0,6849.0,Jönköpings Södra,4-2-3-1,,,False,False,False,left,0.0,989683.0,H. Lindahl,RAMF,defensive_duel,,,True,True,False,,2761771718.0,,,,,,,,,,,,,,,,,,,,,,,,,,,,,
2761771718,5678949,1H,14,53,00:14:53.108,896.108865,2761771590.0,,,,,,duel,"['ground_duel', 'offensive_duel']",30.0,84.0,7055,Eskilsminne,4-2-3-1,6849,Jönköpings Södra,4-2-3-1,989683,H. Lindahl,RAMF,,,,,,,,,,2761771578.0,8.551402,"['attack', 'transition_medium']",10.0,8.0,50.0,12.0,76.0,17.0,6849.0,Jönköpings Södra,4-2-3-1,,,False,False,False,left,0.0,1060411.0,A. Kiwarkis,LAMF,offensive_duel,False,False,,,False,,2761771589.0,,,,,,,,,,,,,,,,,,,,,,,,,,,,,
2761771590,5678949,1H,14,54,00:14:54.204,897.204401,2761771719.0,,,,,,touch,['loss'],71.0,13.0,6849,Jönköpings Södra,4-2-3-1,7055,Eskilsminne,4-2-3-1,1060411,A. Kiwarkis,LAMF,,,,,,,,,,2761771578.0,8.551402,"['attack', 'transition_medium']",10.0,9.0,50.0,12.0,76.0,17.0,6849.0,Jönköpings Södra,4-2-3-1,,,False,False,False,left,0.0,,,,,,,,,,,,,,,,,,,,,,,,,,,,,,,,,,,,,,,,
2761771719,5678949,1H,14,56,00:14:56.362,899.362439,2761771721.0,,,,,,pass,"['forward_pass', 'recovery', 'short_or_medium_pass']",24.0,83.0,7055,Eskilsminne,4-2-3-1,6849,Jönköpings Södra,4-2-3-1,813232,J. Albin,RB,True,-40.0,,16.0,493674.0,C. Seger,RDMF,35.0,67.0,2761771719.0,10.8191365,['transition_low'],6.0,0.0,24.0,83.0,96.0,52.0,7055.0,Eskilsminne,4-2-3-1,,,,,,,,,,,,,,,,,,,,,,,,,,,,,,,,,,,,,,,,,,,,,,,
2761771721,5678949,1H,14,57,00:14:57.971,900.971237,2761771723.0,,,,,,pass,['short_or_medium_pass'],35.0,67.0,7055,Eskilsminne,4-2-3-1,6849,Jönköpings Södra,4-2-3-1,493674,C. Seger,RDMF,True,-72.0,,9.0,517376.0,H. Norrby,LDMF,38.0,54.0,2761771719.0,10.8191365,['transition_low'],6.0,1.0,24.0,83.0,96.0,52.0,7055.0,Eskilsminne,4-2-3-1,,,,,,,,,,,,,,,,,,,,,,,,,,,,,,,,,,,,,,,,,,,,,,,
2761771723,5678949,1H,14,59,00:14:59.047,902.047065,2761771724.0,,,,,,acceleration,"['progressive_run', 'carry']",38.0,54.0,7055,Eskilsminne,4-2-3-1,6849,Jönköpings Södra,4-2-3-1,517376,H. Norrby,LDMF,,,,,,,,,,2761771719.0,10.8191365,['transition_low'],6.0,2.0,24.0,83.0,96.0,52.0,7055.0,Eskilsminne,4-2-3-1,,,,,,,,,,,,,,,,,,,,,,,,,,28.4,65.0,51.0,,,,,,,,,,,,,,,,,,,
2761771724,5678949,1H,15,2,00:15:02.957,905.957429,2761771727.0,,,,,,pass,"['lateral_pass', 'pass_to_final_third', 'short_or_medium_pass']",65.0,51.0,7055,Eskilsminne,4-2-3-1,6849,Jönköpings Södra,4-2-3-1,517376,H. Norrby,LDMF,True,-63.0,,30.0,989684.0,M. Larsson,LAMF,78.0,11.0,2761771719.0,10.8191365,['transition_low'],6.0,3.0,24.0,83.0,96.0,52.0,7055.0,Eskilsminne,4-2-3-1,,,,,,,,,,,,,,,,,,,,,,,,,,,,,,,,,,,,,,,,,,,,,,,
2761771727,5678949,1H,15,5,00:15:05.663,908.66338,2761771596.0,,,,,,pass,"['cross', 'lateral_pass', 'loss', 'pass_to_penalty_area']",78.0,11.0,7055,Eskilsminne,4-2-3-1,6849,Jönköpings Södra,4-2-3-1,989684,M. Larsson,LAMF,False,74.0,high,24.0,899727.0,A. Eriksson,GK,85.0,45.0,2761771719.0,10.8191365,['transition_low'],6.0,4.0,24.0,83.0,96.0,52.0,7055.0,Eskilsminne,4-2-3-1,,,,,,,,,,,,,,,,,,,,,,,,,,,,,,,,,,,,,,,,,,,,,,,
2761771592,5678949,1H,15,6,00:15:06.567,909.567485,2761771594.0,,,,,,touch,[],8.0,53.0,6849,Jönköpings Södra,4-2-3-1,7055,Eskilsminne,4-2-3-1,558236,L. Eek,LCB,,,,,,,,,,2761771719.0,10.8191365,['transition_low'],6.0,5.0,24.0,83.0,96.0,52.0,7055.0,Eskilsminne,4-2-3-1,,,,,,,,,,,,,,,,,,,,,,,,,,,,,,,,,,,,,,,,,,,,,,,
2761771594,5678949,1H,15,7,00:15:07.795,910.795666,2761771596.0,,,,,,touch,['carry'],4.0,48.0,6849,Jönköpings Södra,4-2-3-1,7055,Eskilsminne,4-2-3-1,899727,A. Eriksson,GK,,,,,,,,,,2761771594.0,35.978708,['attack'],11.0,0.0,4.0,48.0,95.0,69.0,6849.0,Jönköpings Södra,4-2-3-1,,,True,True,False,center,0.0584,,,,,,,,,,,,,,,,,,,11.49,15.0,55.0,,,,,,,,,,,,,,,,,,,
2761771596,5678949,1H,15,12,00:15:12.674,915.674793,2761771598.0,,,,,,pass,"['hand_pass', 'lateral_pass', 'short_or_medium_pass']",15.0,55.0,6849,Jönköpings Södra,4-2-3-1,7055,Eskilsminne,4-2-3-1,899727,A. Eriksson,GK,True,69.0,,23.0,73.0,M. Johansson,RB,23.0,86.0,2761771594.0,35.978708,['attack'],11.0,1.0,4.0,48.0,95.0,69.0,6849.0,Jönköpings Södra,4-2-3-1,,,True,True,False,center,0.0584,,,,,,,,,,,,,,,,,,,,,,,,,,,,,,,,,,,,,,,,
2761771598,5678949,1H,15,14,00:15:14.077,917.077675,2761771599.0,,,,,,touch,[],23.0,86.0,6849,Jönköpings Södra,4-2-3-1,7055,Eskilsminne,4-2-3-1,73,M. Johansson,RB,,,,,,,,,,2761771594.0,35.978708,['attack'],11.0,2.0,4.0,48.0,95.0,69.0,6849.0,Jönköpings Södra,4-2-3-1,,,True,True,False,center,0.0584,,,,,,,,,,,,,,,,,,,,,,,,,,,,,,,,,,,,,,,,
2761771599,5678949,1H,15,27,00:15:27.314,930.314974,2761771600.0,,,,,,pass,"['lateral_pass', 'short_or_medium_pass']",58.0,52.0,6849,Jönköpings Södra,4-2-3-1,7055,Eskilsminne,4-2-3-1,51679,J. Drott,LDMF,True,-80.0,,24.0,1060411.0,A. Kiwarkis,LAMF,62.0,17.0,2761771594.0,35.978708,['attack'],11.0,3.0,4.0,48.0,95.0,69.0,6849.0,Jönköpings Södra,4-2-3-1,,,True,True,False,center,0.0584,,,,,,,,,,,,,,,,,,,,,,,,,,,,,,,,,,,,,,,,
2761771600,5678949,1H,15,29,00:15:29.303,932.303112,2761771601.0,,,,,,touch,"['progressive_run', 'carry']",62.0,17.0,6849,Jönköpings Södra,4-2-3-1,7055,Eskilsminne,4-2-3-1,1060411,A. Kiwarkis,LAMF,,,,,,,,,,2761771594.0,35.978708,['attack'],11.0,4.0,4.0,48.0,95.0,69.0,6849.0,Jönköpings Södra,4-2-3-1,,,True,True,False,center,0.0584,,,,,,,,,,,,,,,,,,,13.36,76.0,20.0,,,,,,,,,,,,,,,,,,,
2761771601,5678949,1H,15,32,00:15:32.447,935.447182,2761771603.0,,,,,,pass,['short_or_medium_pass'],76.0,20.0,6849,Jönköpings Södra,4-2-3-1,7055,Eskilsminne,4-2-3-1,1060411,A. Kiwarkis,LAMF,True,56.0,,8.0,692804.0,O. Almström,LB,80.0,30.0,2761771594.0,35.978708,['attack'],11.0,5.0,4.0,48.0,95.0,69.0,6849.0,Jönköpings Södra,4-2-3-1,,,True,True,False,center,0.0584,,,,,,,,,,,,,,,,,,,,,,,,,,,,,,,,,,,,,,,,
2761771603,5678949,1H,15,36,00:15:36.230,939.230517,2761771730.0,,,,,,pass,"['loss', 'pass_to_penalty_area', 'short_or_medium_pass']",80.0,30.0,6849,Jönköpings Södra,4-2-3-1,7055,Eskilsminne,4-2-3-1,692804,O. Almström,LB,False,56.0,,10.0,566323.0,F. Velander,LCB,86.0,42.0,2761771594.0,35.978708,['attack'],11.0,6.0,4.0,48.0,95.0,69.0,6849.0,Jönköpings Södra,4-2-3-1,,,True,True,False,center,0.0584,,,,,,,,,,,,,,,,,,,,,,,,,,,,,,,,,,,,,,,,
2761771730,5678949,1H,15,36,00:15:36.688,939.688012,2761771604.0,,,,,,interception,"['forward_pass', 'loss', 'pass', 'progressive_pass', 'short_or_medium_pass']",14.0,58.0,7055,Eskilsminne,4-2-3-1,6849,Jönköpings Södra,4-2-3-1,566323,F. Velander,LCB,False,22.0,,11.0,51679.0,J. Drott,LDMF,24.0,63.0,2761771594.0,35.978708,['attack'],11.0,7.0,4.0,48.0,95.0,69.0,6849.0,Jönköpings Södra,4-2-3-1,,,True,True,False,center,0.0584,,,,,,,,,,,,,,,,,,,,,,,,,,,,,,,,,,,,,,,,
2761771604,5678949,1H,15,38,00:15:38.627,941.627348,2761771605.0,,,,,,pass,"['lateral_pass', 'long_pass', 'recovery', 'counterpressing_recovery']",76.0,37.0,6849,Jönköpings Södra,4-2-3-1,7055,Eskilsminne,4-2-3-1,51679,J. Drott,LDMF,True,67.0,high,34.0,615327.0,I. Ellbring,AMF,89.0,82.0,2761771594.0,35.978708,['attack'],11.0,8.0,4.0,48.0,95.0,69.0,6849.0,Jönköpings Södra,4-2-3-1,,,True,True,False,center,0.0584,,,,,,,,,,,,,,,,,,,,,,,,,,,,,,,,,,,,,,,,
2761771605,5678949,1H,15,43,00:15:43.114,946.114693,2761771608.0,,,,,,pass,"['deep_completion', 'key_pass', 'pass_to_penalty_area', 'progressive_pass', 'short_or_medium_pass', 'shot_assist']",89.0,82.0,6849,Jönköpings Södra,4-2-3-1,7055,Eskilsminne,4-2-3-1,615327,I. Ellbring,AMF,True,-52.0,,11.0,951150.0,H. Israelsson,RAMF,95.0,69.0,2761771594.0,35.978708,['attack'],11.0,9.0,4.0,48.0,95.0,69.0,6849.0,Jönköpings Södra,4-2-3-1,,,True,True,False,center,0.0584,,,,,,,,,,,,,,,,,,,,,,,,,,,,,,,,,,,,,,,,
2761771608,5678949,1H,15,44,00:15:44.434,947.434055,,,,,,,shot,"['opportunity', 'touch_in_box']",95.0,69.0,6849,Jönköpings Södra,4-2-3-1,7055,Eskilsminne,4-2-3-1,951150,H. Israelsson,RAMF,,,,,,,,,,2761771594.0,35.978708,['attack'],11.0,10.0,4.0,48.0,95.0,69.0,6849.0,Jönköpings Södra,4-2-3-1,,,True,True,False,center,0.0584,,,,,,,,,,,,,,,,,,,,,,right_foot,False,True,gt,0.05844,0.1996,2761771732.0,693887.0,H. Pauli,,,,,,,,,,
2761771732,5678949,1H,15,45,00:15:45.071,948.071989,2761771608.0,,,,,,shot_against,"['save', 'save_with_reflex']",1.0,50.0,7055,Eskilsminne,4-2-3-1,6849,Jönköpings Södra,4-2-3-1,693887,H. Pauli,GK,,,,,,,,,,,,,,,,,,,,,,,,,,,,,,,,,,,,,,,,,,,,,,,,,,,,,,,,,,,,,,,,,,,,
2761771609,5678949,1H,15,49,00:15:49.244,952.244742,,,,,,,game_interruption,['ball_out'],100.0,31.0,6849,Jönköpings Södra,4-2-3-1,7055,Eskilsminne,4-2-3-1,0,,,,,,,,,,,,,,,,,,,,,,,,,,,,,,,,,,,,,,,,,,,,,,,,,,,,,,,,,,,,,,,,,,,,,,
2761771610,5678949,1H,16,9,00:16:09.129,972.129219,2761771733.0,,,,,,corner,[],100.0,0.0,6849,Jönköpings Södra,4-2-3-1,7055,Eskilsminne,4-2-3-1,615327,I. Ellbring,AMF,False,93.0,high,34.0,693887.0,H. Pauli,GK,98.0,50.0,2761771610.0,7.831372,"['corner', 'set_piece_attack']",2.0,0.0,100.0,0.0,94.0,50.0,6849.0,Jönköpings Södra,4-2-3-1,,,,,,,,,,,,,,,,,,,,,,,,,,,,,,,,,,,,,,,,,,,,,,,
2761771733,5678949,1H,16,10,00:16:10.504,973.504493,2761771610.0,,,,,,goalkeeper_exit,[],2.0,50.0,7055,Eskilsminne,4-2-3-1,6849,Jönköpings Södra,4-2-3-1,693887,H. Pauli,GK,,,,,,,,,,2761771610.0,7.831372,"['corner', 'set_piece_attack']",2.0,1.0,100.0,0.0,94.0,50.0,6849.0,Jönköpings Södra,4-2-3-1,,,,,,,,,,,,,,,,,,,,,,,,,,,,,,,,,,,,,,,,,,,,,,,
2761771734,5678949,1H,16,23,00:16:23.416,986.416689,2761771736.0,,,,,,pass,"['hand_pass', 'lateral_pass', 'recovery', 'short_or_medium_pass']",6.0,50.0,7055,Eskilsminne,4-2-3-1,6849,Jönköpings Södra,4-2-3-1,693887,H. Pauli,GK,True,-87.0,,19.0,566323.0,F. Velander,LCB,7.0,22.0,2761771734.0,10.3233505,[],8.0,0.0,6.0,50.0,49.0,76.0,7055.0,Eskilsminne,4-2-3-1,,,,,,,,,,,,,,,,,,,,,,,,,,,,,,,,,,,,,,,,,,,,,,,
2761771736,5678949,1H,16,24,00:16:24.841,987.841821,2761771738.0,,,,,,touch,['carry'],7.0,22.0,7055,Eskilsminne,4-2-3-1,6849,Jönköpings Södra,4-2-3-1,566323,F. Velander,LCB,,,,,,,,,,2761771734.0,10.3233505,[],8.0,1.0,6.0,50.0,49.0,76.0,7055.0,Eskilsminne,4-2-3-1,,,,,,,,,,,,,,,,,,,,,,,,,,2.202,10.0,16.0,,,,,,,,,,,,,,,,,,,
2761771738,5678949,1H,16,26,00:16:26.392,989.392907,2761771614.0,,,,,,pass,"['forward_pass', 'long_pass', 'loss', 'progressive_pass']",10.0,16.0,7055,Eskilsminne,4-2-3-1,6849,Jönköpings Södra,4-2-3-1,566323,F. Velander,LCB,False,26.0,high,51.0,613701.0,H. Lyck,RCB,54.0,48.0,2761771734.0,10.3233505,[],8.0,2.0,6.0,50.0,49.0,76.0,7055.0,Eskilsminne,4-2-3-1,,,,,,,,,,,,,,,,,,,,,,,,,,,,,,,,,,,,,,,,,,,,,,,
2761771614,5678949,1H,16,29,00:16:29.813,992.813192,2761771615.0,,,,,,pass,"['head_pass', 'lateral_pass', 'recovery', 'short_or_medium_pass']",46.0,52.0,6849,Jönköpings Södra,4-2-3-1,7055,Eskilsminne,4-2-3-1,613701,H. Lyck,RCB,True,-47.0,high,22.0,1060411.0,A. Kiwarkis,LAMF,60.0,28.0,2761771734.0,10.3233505,[],8.0,3.0,6.0,50.0,49.0,76.0,7055.0,Eskilsminne,4-2-3-1,,,,,,,,,,,,,,,,,,,,,,,,,,,,,,,,,,,,,,,,,,,,,,,
2761771615,5678949,1H,16,31,00:16:31.611,994.611702,2761771617.0,,,,,,touch,[],60.0,28.0,6849,Jönköpings Södra,4-2-3-1,7055,Eskilsminne,4-2-3-1,1060411,A. Kiwarkis,LAMF,,,,,,,,,,2761771734.0,10.3233505,[],8.0,4.0,6.0,50.0,49.0,76.0,7055.0,Eskilsminne,4-2-3-1,,,,,,,,,,,,,,,,,,,,,,,,,,,,,,,,,,,,,,,,,,,,,,,
2761771617,5678949,1H,16,33,00:16:33.386,996.386322,2761771618.0,,,,,,duel,"['defensive_duel', 'ground_duel', 'loss', 'sliding_tackle']",51.0,25.0,6849,Jönköpings Södra,4-2-3-1,7055,Eskilsminne,4-2-3-1,1060411,A. Kiwarkis,LAMF,,,,,,,,,,2761771734.0,10.3233505,[],8.0,5.0,6.0,50.0,49.0,76.0,7055.0,Eskilsminne,4-2-3-1,,,,,,,,989683.0,H. Lindahl,RAMF,defensive_duel,,,False,False,False,,2761771743.0,,,,,,,,,,,,,,,,,,,,,,,,,,,,,
2761771743,5678949,1H,16,33,00:16:33.386,996.386322,2761771618.0,,,,,,duel,"['foul_suffered', 'ground_duel', 'offensive_duel', 'recovery', 'counterpressing_recovery']",49.0,75.0,7055,Eskilsminne,4-2-3-1,6849,Jönköpings Södra,4-2-3-1,989683,H. Lindahl,RAMF,,,,,,,,,,2761771734.0,10.3233505,[],8.0,6.0,6.0,50.0,49.0,76.0,7055.0,Eskilsminne,4-2-3-1,,,,,,,,1060411.0,A. Kiwarkis,LAMF,offensive_duel,True,True,,,False,,2761771617.0,,,,,,,,,,,,,,,,,,,,,,,,,,,,,
2761771618,5678949,1H,16,34,00:16:34.093,997.093757,2761771743.0,,,,,,infraction,"['foul', 'red_card']",51.0,24.0,6849,Jönköpings Södra,4-2-3-1,7055,Eskilsminne,4-2-3-1,1060411,A. Kiwarkis,LAMF,,,,,,,,,,2761771734.0,10.3233505,[],8.0,7.0,6.0,50.0,49.0,76.0,7055.0,Eskilsminne,4-2-3-1,,,,,,,,,,,,,,,,,,,False,True,regular_foul,989683.0,H. Lindahl,RAMF,,,,,,,,,,,,,,,,,,,,,,,
2761771752,5678949,1H,19,41,00:19:41.117,1184.117273,2761771756.0,,,,,,free_kick,[],49.0,72.0,7055,Eskilsminne,4-2-3-1,6849,Jönköpings Södra,4-4-1,493674,C. Seger,RDMF,True,-51.0,,48.0,989684.0,M. Larsson,LAMF,77.0,17.0,2761771752.0,6.9879955,"['set_piece_attack', 'attack', 'free_kick']",8.0,0.0,49.0,72.0,70.0,16.0,7055.0,Eskilsminne,4-2-3-1,,,False,False,False,left,0.0,,,,,,,,,,,,,,,,,,,,,,,,,,,,,,,,,,,,,,,,
2761771756,5678949,1H,19,44,00:19:44.015,1187.01527,2761771758.0,,,,,,touch,[],77.0,17.0,7055,Eskilsminne,4-2-3-1,6849,Jönköpings Södra,4-4-1,989684,M. Larsson,LAMF,,,,,,,,,,2761771752.0,6.9879955,"['set_piece_attack', 'attack', 'free_kick']",8.0,1.0,49.0,72.0,70.0,16.0,7055.0,Eskilsminne,4-2-3-1,,,False,False,False,left,0.0,,,,,,,,,,,,,,,,,,,,,,,,,,,,,,,,,,,,,,,,
2761771626,5678949,1H,19,45,00:19:45.448,1188.448971,2761771627.0,,,,,,duel,"['loose_ball_duel', 'recovery', 'counterpressing_recovery']",27.0,85.0,6849,Jönköpings Södra,4-4-1,7055,Eskilsminne,4-2-3-1,73,M. Johansson,RB,,,,,,,,,,2761771752.0,6.9879955,"['set_piece_attack', 'attack', 'free_kick']",8.0,2.0,49.0,72.0,70.0,16.0,7055.0,Eskilsminne,4-2-3-1,,,False,False,False,left,0.0,,,,,,,,,,,,,,,,,,,,,,,,,,,,,,,,,,,,,,,,
2761771758,5678949,1H,19,45,00:19:45.448,1188.448971,2761771627.0,,,,,,duel,['loose_ball_duel'],73.0,15.0,7055,Eskilsminne,4-2-3-1,6849,Jönköpings Södra,4-4-1,989684,M. Larsson,LAMF,,,,,,,,,,2761771752.0,6.9879955,"['set_piece_attack', 'attack', 'free_kick']",8.0,3.0,49.0,72.0,70.0,16.0,7055.0,Eskilsminne,4-2-3-1,,,False,False,False,left,0.0,,,,,,,,,,,,,,,,,,,,,,,,,,,,,,,,,,,,,,,,
2761771627,5678949,1H,19,46,00:19:46.502,1189.502767,2761771628.0,,,,,,touch,[],27.0,88.0,6849,Jönköpings Södra,4-4-1,7055,Eskilsminne,4-2-3-1,73,M. Johansson,RB,,,,,,,,,,2761771752.0,6.9879955,"['set_piece_attack', 'attack', 'free_kick']",8.0,4.0,49.0,72.0,70.0,16.0,7055.0,Eskilsminne,4-2-3-1,,,False,False,False,left,0.0,,,,,,,,,,,,,,,,,,,,,,,,,,,,,,,,,,,,,,,,
2761771628,5678949,1H,19,47,00:19:47.716,1190.716752,2761771630.0,,,,,,duel,"['defensive_duel', 'dribbled_past_attempt', 'ground_duel', 'loss']",30.0,89.0,6849,Jönköpings Södra,4-4-1,7055,Eskilsminne,4-2-3-1,73,M. Johansson,RB,,,,,,,,,,2761771752.0,6.9879955,"['set_piece_attack', 'attack', 'free_kick']",8.0,5.0,49.0,72.0,70.0,16.0,7055.0,Eskilsminne,4-2-3-1,,,False,False,False,left,0.0,51079.0,L. Ohlander,LB,defensive_duel,,,False,False,True,left,2761771760.0,,,,,,,,,,,,,,,,,,,,,,,,,,,,,
2761771760,5678949,1H,19,47,00:19:47.716,1190.716752,2761771630.0,,,,,,duel,"['dribble', 'foul_suffered', 'ground_duel', 'loss', 'offensive_duel', 'recovery', 'counterpressing_recovery']",70.0,11.0,7055,Eskilsminne,4-2-3-1,6849,Jönköpings Södra,4-4-1,51079,L. Ohlander,LB,,,,,,,,,,2761771752.0,6.9879955,"['set_piece_attack', 'attack', 'free_kick']",8.0,6.0,49.0,72.0,70.0,16.0,7055.0,Eskilsminne,4-2-3-1,,,False,False,False,left,0.0,73.0,M. Johansson,RB,dribble,True,True,,,True,right,2761771628.0,,,,,,,,,,,,,,,,,,,,,,,,,,,,,
2761771630,5678949,1H,19,48,00:19:48.493,1191.493785,2761771760.0,,,,,,infraction,['foul'],30.0,84.0,6849,Jönköpings Södra,4-4-1,7055,Eskilsminne,4-2-3-1,73,M. Johansson,RB,,,,,,,,,,2761771752.0,6.9879955,"['set_piece_attack', 'attack', 'free_kick']",8.0,7.0,49.0,72.0,70.0,16.0,7055.0,Eskilsminne,4-2-3-1,,,False,False,False,left,0.0,,,,,,,,,,,,False,False,regular_foul,51079.0,L. Ohlander,LB,,,,,,,,,,,,,,,,,,,,,,,
2761771766,5678949,1H,20,36,00:20:36.244,1239.244712,2761771773.0,,,,,,free_kick,"['assist', 'free_kick_cross', 'shot_assist']",69.0,13.0,7055,Eskilsminne,4-2-3-1,6849,Jönköpings Södra,4-4-1,517376,H. Norrby,LDMF,True,38.0,high,32.0,813232.0,J. Albin,RB,93.0,43.0,2761771766.0,1.5863285,"['set_piece_attack', 'attack', 'free_kick', 'free_kick_cross']",4.0,0.0,69.0,13.0,95.0,48.0,7055.0,Eskilsminne,4-2-3-1,,,True,True,True,left,0.4964,,,,,,,,,,,,,,,,,,,,,,,,,,,,,,,,,,,,,,,,
2761771773,5678949,1H,20,37,00:20:37.540,1240.540127,2761771774.0,,,,,,duel,['aerial_duel'],93.0,43.0,7055,Eskilsminne,4-2-3-1,6849,Jönköpings Södra,4-4-1,813232,J. Albin,RB,,,,,,,,,,2761771766.0,1.5863285,"['set_piece_attack', 'attack', 'free_kick', 'free_kick_cross']",4.0,1.0,69.0,13.0,95.0,48.0,7055.0,Eskilsminne,4-2-3-1,,,True,True,True,left,0.4964,,,,,,,,,,,,,,,,,,,,,,,,,,,,,,,,258063.0,S. Crona,RCMF,183.0,False,0.0,2761771635.0,,
2761771635,5678949,1H,20,37,00:20:37.581,1240.581819,2761771774.0,,,,,,duel,['aerial_duel'],7.0,57.0,6849,Jönköpings Södra,4-4-1,7055,Eskilsminne,4-2-3-1,258063,S. Crona,RCMF,,,,,,,,,,2761771766.0,1.5863285,"['set_piece_attack', 'attack', 'free_kick', 'free_kick_cross']",4.0,2.0,69.0,13.0,95.0,48.0,7055.0,Eskilsminne,4-2-3-1,,,True,True,True,left,0.4964,,,,,,,,,,,,,,,,,,,,,,,,,,,,,,,,813232.0,J. Albin,RB,0.0,False,183.0,2761771773.0,,
2761771774,5678949,1H,20,38,00:20:38.080,1241.080262,,,,,,,shot,"['goal', 'opportunity', 'shot_after_free_kick', 'touch_in_box']",95.0,48.0,7055,Eskilsminne,4-2-3-1,6849,Jönköpings Södra,4-4-1,739449,L. Larsen,RCB,,,,,,,,,,2761771766.0,1.5863285,"['set_piece_attack', 'attack', 'free_kick', 'free_kick_cross']",4.0,3.0,69.0,13.0,95.0,48.0,7055.0,Eskilsminne,4-2-3-1,,,True,True,True,left,0.4964,,,,,,,,,,,,,,,,,,,,,,right_foot,True,True,gr,0.4964,0.8114,2761771637.0,899727.0,A. Eriksson,,,,,,,,,,
2761771637,5678949,1H,20,39,00:20:39.141,1242.14198,2761771774.0,,,,,,shot_against,['conceded_goal'],2.0,50.0,6849,Jönköpings Södra,4-4-1,7055,Eskilsminne,4-2-3-1,899727,A. Eriksson,GK,,,,,,,,,,,,,,,,,,,,,,,,,,,,,,,,,,,,,,,,,,,,,,,,,,,,,,,,,,,,,,,,,,,,
2761771639,5678949,1H,21,22,00:21:22.461,1285.461764,2761771640.0,,,,,,pass,"['back_pass', 'short_or_medium_pass']",51.0,51.0,6849,Jönköpings Södra,4-4-1,7055,Eskilsminne,4-2-3-1,1060409,L. Lyck,CF,True,-160.0,,14.0,258063.0,S. Crona,RCMF,38.0,44.0,2761771639.0,16.2606735,[],10.0,0.0,51.0,51.0,68.0,27.0,6849.0,Jönköpings Södra,4-4-1,,,,,,,,,,,,,,,,,,,,,,,,,,,,,,,,,,,,,,,,,,,,,,,
2761771640,5678949,1H,21,26,00:21:26.070,1289.070224,2761771642.0,,,,,,pass,"['lateral_pass', 'short_or_medium_pass']",38.0,44.0,6849,Jönköpings Södra,4-4-1,7055,Eskilsminne,4-2-3-1,258063,S. Crona,RCMF,True,-94.0,,15.0,558236.0,L. Eek,LCB,37.0,22.0,2761771639.0,16.2606735,[],10.0,1.0,51.0,51.0,68.0,27.0,6849.0,Jönköpings Södra,4-4-1,,,,,,,,,,,,,,,,,,,,,,,,,,,,,,,,,,,,,,,,,,,,,,,
2761771642,5678949,1H,21,27,00:21:27.644,1290.644634,2761771643.0,,,,,,touch,"['progressive_run', 'carry']",37.0,22.0,6849,Jönköpings Södra,4-4-1,7055,Eskilsminne,4-2-3-1,558236,L. Eek,LCB,,,,,,,,,,2761771639.0,16.2606735,[],10.0,2.0,51.0,51.0,68.0,27.0,6849.0,Jönköpings Södra,4-4-1,,,,,,,,,,,,,,,,,,,,,,,,,,24.17,64.0,15.0,,,,,,,,,,,,,,,,,,,
2761771643,5678949,1H,21,31,00:21:31.068,1294.068099,2761771779.0,,,,,,pass,"['loss', 'short_or_medium_pass']",62.0,21.0,6849,Jönköpings Södra,4-4-1,7055,Eskilsminne,4-2-3-1,558236,L. Eek,LCB,False,-45.0,,6.0,989683.0,H. Lindahl,RAMF,66.0,14.0,2761771639.0,16.2606735,[],10.0,3.0,51.0,51.0,68.0,27.0,6849.0,Jönköpings Södra,4-4-1,,,,,,,,,,,,,,,,,,,,,,,,,,,,,,,,,,,,,,,,,,,,,,,
2761771779,5678949,1H,21,31,00:21:31.620,1294.620311,2761771781.0,,,,,,interception,['recovery'],34.0,86.0,7055,Eskilsminne,4-2-3-1,6849,Jönköpings Södra,4-4-1,989683,H. Lindahl,RAMF,,,,,,,,,,2761771639.0,16.2606735,[],10.0,4.0,51.0,51.0,68.0,27.0,6849.0,Jönköpings Södra,4-4-1,,,,,,,,,,,,,,,,,,,,,,,,,,,,,,,,,,,,,,,,,,,,,,,
2761771645,5678949,1H,21,32,00:21:32.714,1295.714367,2761771648.0,,,,,,duel,"['loose_ball_duel', 'recovery', 'counterpressing_recovery']",64.0,15.0,6849,Jönköpings Södra,4-4-1,7055,Eskilsminne,4-2-3-1,558236,L. Eek,LCB,,,,,,,,,,2761771639.0,16.2606735,[],10.0,5.0,51.0,51.0,68.0,27.0,6849.0,Jönköpings Södra,4-4-1,,,,,,,,,,,,,,,,,,,,,,,,,,,,,,,,,,,,,,,,,,,,,,,
2761771781,5678949,1H,21,32,00:21:32.714,1295.714367,2761771648.0,,,,,,duel,['loose_ball_duel'],36.0,85.0,7055,Eskilsminne,4-2-3-1,6849,Jönköpings Södra,4-4-1,338669,C. Ljungberg,AMF,,,,,,,,,,2761771639.0,16.2606735,[],10.0,6.0,51.0,51.0,68.0,27.0,6849.0,Jönköpings Södra,4-4-1,,,,,,,,,,,,,,,,,,,,,,,,,,,,,,,,,,,,,,,,,,,,,,,
2761771648,5678949,1H,21,33,00:21:33.545,1296.545194,2761771783.0,,,,,,touch,['loss'],68.0,4.0,6849,Jönköpings Södra,4-4-1,7055,Eskilsminne,4-2-3-1,692804,O. Almström,LB,,,,,,,,,,2761771639.0,16.2606735,[],10.0,7.0,51.0,51.0,68.0,27.0,6849.0,Jönköpings Södra,4-4-1,,,,,,,,,,,,,,,,,,,,,,,,,,,,,,,,,,,,,,,,,,,,,,,
2761771783,5678949,1H,21,34,00:21:34.355,1297.355164,2761771649.0,,,,,,pass,"['forward_pass', 'loss', 'short_or_medium_pass']",31.0,91.0,7055,Eskilsminne,4-2-3-1,6849,Jönköpings Södra,4-4-1,989683,H. Lindahl,RAMF,False,-13.0,,32.0,613701.0,H. Lyck,RCB,61.0,81.0,2761771639.0,16.2606735,[],10.0,8.0,51.0,51.0,68.0,27.0,6849.0,Jönköpings Södra,4-4-1,,,,,,,,,,,,,,,,,,,,,,,,,,,,,,,,,,,,,,,,,,,,,,,
2761771649,5678949,1H,21,37,00:21:37.580,1300.580351,2761771785.0,,,,,,pass,"['forward_pass', 'loss', 'pass_to_final_third', 'short_or_medium_pass']",39.0,19.0,6849,Jönköpings Södra,4-4-1,7055,Eskilsminne,4-2-3-1,613701,H. Lyck,RCB,False,9.0,,31.0,739449.0,L. Larsen,RCB,68.0,27.0,2761771639.0,16.2606735,[],10.0,9.0,51.0,51.0,68.0,27.0,6849.0,Jönköpings Södra,4-4-1,,,,,,,,,,,,,,,,,,,,,,,,,,,,,,,,,,,,,,,,,,,,,,,
2761771785,5678949,1H,21,39,00:21:39.864,1302.864524,2761771786.0,,,,,,pass,"['forward_pass', 'recovery', 'counterpressing_recovery', 'short_or_medium_pass']",32.0,73.0,7055,Eskilsminne,4-2-3-1,6849,Jönköpings Södra,4-4-1,739449,L. Larsen,RCB,True,-47.0,,18.0,517376.0,H. Norrby,LDMF,44.0,55.0,2761771785.0,12.397561,"['attack', 'transition_low']",6.0,0.0,32.0,73.0,88.0,38.0,7055.0,Eskilsminne,4-2-3-1,,,False,False,False,left,0.0,,,,,,,,,,,,,,,,,,,,,,,,,,,,,,,,,,,,,,,,
2761771786,5678949,1H,21,42,00:21:42.317,1305.317344,2761771787.0,,,,,,pass,"['lateral_pass', 'short_or_medium_pass']",44.0,55.0,7055,Eskilsminne,4-2-3-1,6849,Jönköpings Södra,4-4-1,517376,H. Norrby,LDMF,True,-57.0,,30.0,51079.0,L. Ohlander,LB,59.0,18.0,2761771785.0,12.397561,"['attack', 'transition_low']",6.0,1.0,32.0,73.0,88.0,38.0,7055.0,Eskilsminne,4-2-3-1,,,False,False,False,left,0.0,,,,,,,,,,,,,,,,,,,,,,,,,,,,,,,,,,,,,,,,
2761771787,5678949,1H,21,44,00:21:44.044,1307.044027,2761771788.0,,,,,,touch,"['progressive_run', 'carry']",59.0,18.0,7055,Eskilsminne,4-2-3-1,6849,Jönköpings Södra,4-4-1,51079,L. Ohlander,LB,,,,,,,,,,2761771785.0,12.397561,"['attack', 'transition_low']",6.0,2.0,32.0,73.0,88.0,38.0,7055.0,Eskilsminne,4-2-3-1,,,False,False,False,left,0.0,,,,,,,,,,,,,,,,,,,19.15,78.0,24.0,,,,,,,,,,,,,,,,,,,
2761771788,5678949,1H,21,47,00:21:47.493,1310.493766,2761771790.0,,,,,,pass,"['deep_completion', 'forward_pass', 'pass_to_penalty_area', 'progressive_pass', 'short_or_medium_pass']",78.0,24.0,7055,Eskilsminne,4-2-3-1,6849,Jönköpings Södra,4-4-1,51079,L. Ohlander,LB,True,8.0,,14.0,989684.0,M. Larsson,LAMF,91.0,27.0,2761771785.0,12.397561,"['attack', 'transition_low']",6.0,3.0,32.0,73.0,88.0,38.0,7055.0,Eskilsminne,4-2-3-1,,,False,False,False,left,0.0,,,,,,,,,,,,,,,,,,,,,,,,,,,,,,,,,,,,,,,,
2761771790,5678949,1H,21,48,00:21:48.813,1311.813762,2761771651.0,,,,,,pass,"['cross', 'touch_in_box']",91.0,27.0,7055,Eskilsminne,4-2-3-1,6849,Jönköpings Södra,4-4-1,989684,M. Larsson,LAMF,False,117.0,low,8.0,613701.0,H. Lyck,RCB,88.0,38.0,2761771785.0,12.397561,"['attack', 'transition_low']",6.0,4.0,32.0,73.0,88.0,38.0,7055.0,Eskilsminne,4-2-3-1,,,False,False,False,left,0.0,,,,,,,,,,,,,,,,,,,,,,,,,,,,,,,,,,,,,,,,
2761771651,5678949,1H,21,52,00:21:52.262,1315.262085,2761771652.0,,,,,,duel,"['ground_duel', 'interception', 'offensive_duel', 'recovery', 'carry']",12.0,62.0,6849,Jönköpings Södra,4-4-1,7055,Eskilsminne,4-2-3-1,613701,H. Lyck,RCB,,,,,,,,,,2761771651.0,35.6935115,['transition_low'],12.0,0.0,12.0,62.0,67.0,13.0,6849.0,Jönköpings Södra,4-4-1,,,,,,,,807610.0,T. Bermudez,CF,offensive_duel,True,True,,,False,,2761771795.0,,,,,,,,18.01,29.0,58.0,,,,,,,,,,,,,,,,,,,
2761771795,5678949,1H,21,52,00:21:52.262,1315.262085,2761771652.0,,,,,,duel,"['defensive_duel', 'ground_duel', 'loss']",88.0,38.0,7055,Eskilsminne,4-2-3-1,6849,Jönköpings Södra,4-4-1,807610,T. Bermudez,CF,,,,,,,,,,2761771785.0,12.397561,"['attack', 'transition_low']",6.0,5.0,32.0,73.0,88.0,38.0,7055.0,Eskilsminne,4-2-3-1,,,False,False,False,left,0.0,613701.0,H. Lyck,RCB,defensive_duel,,,False,False,False,,2761771651.0,,,,,,,,,,,,,,,,,,,,,,,,,,,,,
2761771652,5678949,1H,21,55,00:21:55.035,1318.035451,2761771653.0,,,,,,pass,"['lateral_pass', 'short_or_medium_pass']",29.0,58.0,6849,Jönköpings Södra,4-4-1,7055,Eskilsminne,4-2-3-1,613701,H. Lyck,RCB,True,-82.0,,29.0,692804.0,O. Almström,LB,32.0,16.0,2761771651.0,35.6935115,['transition_low'],12.0,1.0,12.0,62.0,67.0,13.0,6849.0,Jönköpings Södra,4-4-1,,,,,,,,,,,,,,,,,,,,,,,,,,,,,,,,,,,,,,,,,,,,,,,
2761771653,5678949,1H,21,58,00:21:58.178,1321.178415,2761771654.0,,,,,,pass,"['lateral_pass', 'long_pass']",32.0,16.0,6849,Jönköpings Södra,4-4-1,7055,Eskilsminne,4-2-3-1,692804,O. Almström,LB,True,86.0,high,51.0,951150.0,H. Israelsson,RW,36.0,91.0,2761771651.0,35.6935115,['transition_low'],12.0,2.0,12.0,62.0,67.0,13.0,6849.0,Jönköpings Södra,4-4-1,,,,,,,,,,,,,,,,,,,,,,,,,,,,,,,,,,,,,,,,,,,,,,,
2761771654,5678949,1H,22,3,00:22:03.895,1326.895886,2761771655.0,,,,,,pass,"['back_pass', 'short_or_medium_pass']",36.0,91.0,6849,Jönköpings Södra,4-4-1,7055,Eskilsminne,4-2-3-1,951150,H. Israelsson,RW,True,-163.0,,13.0,73.0,M. Johansson,RB,24.0,85.0,2761771651.0,35.6935115,['transition_low'],12.0,3.0,12.0,62.0,67.0,13.0,6849.0,Jönköpings Södra,4-4-1,,,,,,,,,,,,,,,,,,,,,,,,,,,,,,,,,,,,,,,,,,,,,,,
2761771655,5678949,1H,22,6,00:22:06.070,1329.070161,2761771656.0,,,,,,pass,"['forward_pass', 'short_or_medium_pass']",24.0,85.0,6849,Jönköpings Södra,4-4-1,7055,Eskilsminne,4-2-3-1,73,M. Johansson,RB,True,-9.0,,20.0,615327.0,I. Ellbring,LW,43.0,81.0,2761771651.0,35.6935115,['transition_low'],12.0,4.0,12.0,62.0,67.0,13.0,6849.0,Jönköpings Södra,4-4-1,,,,,,,,,,,,,,,,,,,,,,,,,,,,,,,,,,,,,,,,,,,,,,,
2761771656,5678949,1H,22,10,00:22:10.122,1333.122725,2761771657.0,,,,,,pass,['short_or_medium_pass'],43.0,81.0,6849,Jönköpings Södra,4-4-1,7055,Eskilsminne,4-2-3-1,615327,I. Ellbring,LW,True,112.0,,11.0,951150.0,H. Israelsson,RW,39.0,96.0,2761771651.0,35.6935115,['transition_low'],12.0,5.0,12.0,62.0,67.0,13.0,6849.0,Jönköpings Södra,4-4-1,,,,,,,,,,,,,,,,,,,,,,,,,,,,,,,,,,,,,,,,,,,,,,,
2761771657,5678949,1H,22,12,00:22:12.400,1335.400135,2761771658.0,,,,,,pass,"['back_pass', 'short_or_medium_pass']",39.0,96.0,6849,Jönköpings Södra,4-4-1,7055,Eskilsminne,4-2-3-1,951150,H. Israelsson,RW,True,-144.0,,13.0,73.0,M. Johansson,RB,29.0,84.0,2761771651.0,35.6935115,['transition_low'],12.0,6.0,12.0,62.0,67.0,13.0,6849.0,Jönköpings Södra,4-4-1,,,,,,,,,,,,,,,,,,,,,,,,,,,,,,,,,,,,,,,,,,,,,,,
2761771658,5678949,1H,22,14,00:22:14.769,1337.76939,2761771659.0,,,,,,pass,"['lateral_pass', 'short_or_medium_pass']",29.0,84.0,6849,Jönköpings Södra,4-4-1,7055,Eskilsminne,4-2-3-1,73,M. Johansson,RB,True,-84.0,,20.0,613701.0,H. Lyck,RCB,30.0,54.0,2761771651.0,35.6935115,['transition_low'],12.0,7.0,12.0,62.0,67.0,13.0,6849.0,Jönköpings Södra,4-4-1,,,,,,,,,,,,,,,,,,,,,,,,,,,,,,,,,,,,,,,,,,,,,,,
2761771659,5678949,1H,22,17,00:22:17.775,1340.775297,2761771660.0,,,,,,pass,"['lateral_pass', 'short_or_medium_pass']",30.0,54.0,6849,Jönköpings Södra,4-4-1,7055,Eskilsminne,4-2-3-1,613701,H. Lyck,RCB,True,-99.0,,20.0,558236.0,L. Eek,LCB,28.0,25.0,2761771651.0,35.6935115,['transition_low'],12.0,8.0,12.0,62.0,67.0,13.0,6849.0,Jönköpings Södra,4-4-1,,,,,,,,,,,,,,,,,,,,,,,,,,,,,,,,,,,,,,,,,,,,,,,
2761771660,5678949,1H,22,21,00:22:21.015,1344.015754,2761771661.0,,,,,,pass,"['forward_pass', 'short_or_medium_pass']",28.0,25.0,6849,Jönköpings Södra,4-4-1,7055,Eskilsminne,4-2-3-1,558236,L. Eek,LCB,True,13.0,,13.0,51679.0,J. Drott,LCMF,40.0,29.0,2761771651.0,35.6935115,['transition_low'],12.0,9.0,12.0,62.0,67.0,13.0,6849.0,Jönköpings Södra,4-4-1,,,,,,,,,,,,,,,,,,,,,,,,,,,,,,,,,,,,,,,,,,,,,,,
2761771661,5678949,1H,22,21,00:22:21.806,1344.80634,2761771662.0,,,,,,touch,"['progressive_run', 'carry']",40.0,29.0,6849,Jönköpings Södra,4-4-1,7055,Eskilsminne,4-2-3-1,51679,J. Drott,LCMF,,,,,,,,,,2761771651.0,35.6935115,['transition_low'],12.0,10.0,12.0,62.0,67.0,13.0,6849.0,Jönköpings Södra,4-4-1,,,,,,,,,,,,,,,,,,,,,,,,,,18.03,64.0,10.0,,,,,,,,,,,,,,,,,,,
2761771662,5678949,1H,22,27,00:22:27.480,1350.480559,2761771810.0,,,,,,pass,"['forward_pass', 'loss', 'pass_to_final_third', 'short_or_medium_pass']",64.0,10.0,6849,Jönköpings Södra,4-4-1,7055,Eskilsminne,4-2-3-1,51679,J. Drott,LCMF,False,34.0,,4.0,813232.0,J. Albin,RB,67.0,13.0,2761771651.0,35.6935115,['transition_low'],12.0,11.0,12.0,62.0,67.0,13.0,6849.0,Jönköpings Södra,4-4-1,,,,,,,,,,,,,,,,,,,,,,,,,,,,,,,,,,,,,,,,,,,,,,,
2761771810,5678949,1H,22,28,00:22:28.430,1351.430634,2761771812.0,,,,,,pass,"['recovery', 'short_or_medium_pass']",33.0,87.0,7055,Eskilsminne,4-2-3-1,6849,Jönköpings Södra,4-4-1,813232,J. Albin,RB,True,-63.0,,7.0,989683.0,H. Lindahl,RAMF,36.0,78.0,2761771810.0,21.172532,['transition_medium'],11.0,0.0,33.0,87.0,40.0,14.0,7055.0,Eskilsminne,4-2-3-1,,,,,,,,,,,,,,,,,,,,,,,,,,,,,,,,,,,,,,,,,,,,,,,
2761771812,5678949,1H,22,30,00:22:30.373,1353.373669,2761771814.0,,,,,,pass,"['short_or_medium_pass', 'under_pressure']",36.0,78.0,7055,Eskilsminne,4-2-3-1,6849,Jönköpings Södra,4-4-1,989683,H. Lindahl,RAMF,True,-103.0,,9.0,517376.0,H. Norrby,LDMF,34.0,65.0,2761771810.0,21.172532,['transition_medium'],11.0,1.0,33.0,87.0,40.0,14.0,7055.0,Eskilsminne,4-2-3-1,,,,,,,,,,,,,,,,,,,,,,,,,,,,,,,,,,,,,,,,,,,,,,,
2761771814,5678949,1H,22,32,00:22:32.139,1355.139658,2761771815.0,,,,,,pass,"['forward_pass', 'short_or_medium_pass']",34.0,65.0,7055,Eskilsminne,4-2-3-1,6849,Jönköpings Södra,4-4-1,517376,H. Norrby,LDMF,True,41.0,,10.0,989683.0,H. Lindahl,RAMF,41.0,74.0,2761771810.0,21.172532,['transition_medium'],11.0,2.0,33.0,87.0,40.0,14.0,7055.0,Eskilsminne,4-2-3-1,,,,,,,,,,,,,,,,,,,,,,,,,,,,,,,,,,,,,,,,,,,,,,,
2761771664,5678949,1H,22,33,00:22:33.681,1356.681665,2761771816.0,,,,,,duel,"['defensive_duel', 'ground_duel']",59.0,26.0,6849,Jönköpings Södra,4-4-1,7055,Eskilsminne,4-2-3-1,692804,O. Almström,LB,,,,,,,,,,2761771810.0,21.172532,['transition_medium'],11.0,3.0,33.0,87.0,40.0,14.0,7055.0,Eskilsminne,4-2-3-1,,,,,,,,989683.0,H. Lindahl,RAMF,defensive_duel,,,True,False,False,,2761771815.0,,,,,,,,,,,,,,,,,,,,,,,,,,,,,
2761771815,5678949,1H,22,33,00:22:33.681,1356.681665,2761771816.0,,,,,,duel,"['ground_duel', 'offensive_duel']",41.0,74.0,7055,Eskilsminne,4-2-3-1,6849,Jönköpings Södra,4-4-1,989683,H. Lindahl,RAMF,,,,,,,,,,2761771810.0,21.172532,['transition_medium'],11.0,4.0,33.0,87.0,40.0,14.0,7055.0,Eskilsminne,4-2-3-1,,,,,,,,692804.0,O. Almström,LB,offensive_duel,True,False,,,False,,2761771664.0,,,,,,,,,,,,,,,,,,,,,,,,,,,,,
2761771816,5678949,1H,22,35,00:22:35.541,1358.541842,2761771817.0,,,,,,pass,"['back_pass', 'short_or_medium_pass']",34.0,61.0,7055,Eskilsminne,4-2-3-1,6849,Jönköpings Södra,4-4-1,517376,H. Norrby,LDMF,True,145.0,,11.0,739449.0,L. Larsen,RCB,25.0,70.0,2761771810.0,21.172532,['transition_medium'],11.0,5.0,33.0,87.0,40.0,14.0,7055.0,Eskilsminne,4-2-3-1,,,,,,,,,,,,,,,,,,,,,,,,,,,,,,,,,,,,,,,,,,,,,,,
2761771817,5678949,1H,22,37,00:22:37.381,1360.38138,2761771819.0,,,,,,pass,"['back_pass', 'short_or_medium_pass']",25.0,70.0,7055,Eskilsminne,4-2-3-1,6849,Jönköpings Södra,4-4-1,739449,L. Larsen,RCB,True,-144.0,,18.0,693887.0,H. Pauli,GK,11.0,56.0,2761771810.0,21.172532,['transition_medium'],11.0,6.0,33.0,87.0,40.0,14.0,7055.0,Eskilsminne,4-2-3-1,,,,,,,,,,,,,,,,,,,,,,,,,,,,,,,,,,,,,,,,,,,,,,,
2761771819,5678949,1H,22,40,00:22:40.231,1363.231228,2761771821.0,,,,,,pass,"['lateral_pass', 'short_or_medium_pass']",11.0,56.0,7055,Eskilsminne,4-2-3-1,6849,Jönköpings Södra,4-4-1,693887,H. Pauli,GK,True,-64.0,,26.0,566323.0,F. Velander,LCB,22.0,22.0,2761771810.0,21.172532,['transition_medium'],11.0,7.0,33.0,87.0,40.0,14.0,7055.0,Eskilsminne,4-2-3-1,,,,,,,,,,,,,,,,,,,,,,,,,,,,,,,,,,,,,,,,,,,,,,,
2761771821,5678949,1H,22,44,00:22:44.418,1367.418327,2761771823.0,,,,,,pass,"['back_pass', 'short_or_medium_pass']",22.0,22.0,7055,Eskilsminne,4-2-3-1,6849,Jönköpings Södra,4-4-1,566323,F. Velander,LCB,True,138.0,,14.0,693887.0,H. Pauli,GK,12.0,35.0,2761771810.0,21.172532,['transition_medium'],11.0,8.0,33.0,87.0,40.0,14.0,7055.0,Eskilsminne,4-2-3-1,,,,,,,,,,,,,,,,,,,,,,,,,,,,,,,,,,,,,,,,,,,,,,,
2761771823,5678949,1H,22,46,00:22:46.140,1369.140084,2761771829.0,,,,,,pass,"['forward_pass', 'long_pass', 'progressive_pass']",12.0,35.0,7055,Eskilsminne,4-2-3-1,6849,Jönköpings Södra,4-4-1,693887,H. Pauli,GK,True,-13.0,high,36.0,51079.0,L. Ohlander,LB,45.0,23.0,2761771810.0,21.172532,['transition_medium'],11.0,9.0,33.0,87.0,40.0,14.0,7055.0,Eskilsminne,4-2-3-1,,,,,,,,,,,,,,,,,,,,,,,,,,,,,,,,,,,,,,,,,,,,,,,
2761771829,5678949,1H,22,48,00:22:48.265,1371.265141,2761771665.0,,,,,,pass,"['head_pass', 'loss', 'short_or_medium_pass']",45.0,23.0,7055,Eskilsminne,4-2-3-1,6849,Jönköpings Södra,4-4-1,51079,L. Ohlander,LB,False,-130.0,high,8.0,951150.0,H. Israelsson,RAMF,40.0,14.0,2761771810.0,21.172532,['transition_medium'],11.0,10.0,33.0,87.0,40.0,14.0,7055.0,Eskilsminne,4-2-3-1,,,,,,,,,,,,,,,,,,,,,,,,,,,,,,,,,,,,,,,,,,,,,,,
2761771665,5678949,1H,22,50,00:22:50.941,1373.941191,2761771667.0,,,,,,touch,"['progressive_run', 'carry']",60.0,86.0,6849,Jönköpings Södra,4-4-1,7055,Eskilsminne,4-2-3-1,951150,H. Israelsson,RW,,,,,,,,,,2761771665.0,5.562965,['attack'],3.0,0.0,60.0,86.0,95.0,58.0,6849.0,Jönköpings Södra,4-4-1,,,False,False,False,right,0.0,,,,,,,,,,,,,,,,,,,21.35,90.0,87.0,,,,,,,,,,,,,,,,,,,
2761771667,5678949,1H,22,55,00:22:55.466,1378.466117,2761771669.0,,,,,,pass,"['cross', 'deep_completed_cross', 'lateral_pass', 'pass_to_penalty_area', 'progressive_pass']",90.0,87.0,6849,Jönköpings Södra,4-4-1,7055,Eskilsminne,4-2-3-1,951150,H. Israelsson,RW,True,-76.0,low,20.0,1060409.0,L. Lyck,CF,95.0,58.0,2761771665.0,5.562965,['attack'],3.0,1.0,60.0,86.0,95.0,58.0,6849.0,Jönköpings Södra,4-4-1,,,False,False,False,right,0.0,,,,,,,,,,,,,,,,,,,,,,,,,,,,,,,,,,,,,,,,
2761771669,5678949,1H,22,56,00:22:56.504,1379.504156,2761771836.0,,,,,,duel,['loose_ball_duel'],95.0,58.0,6849,Jönköpings Södra,4-4-1,7055,Eskilsminne,4-2-3-1,1060409,L. Lyck,CF,,,,,,,,,,2761771665.0,5.562965,['attack'],3.0,2.0,60.0,86.0,95.0,58.0,6849.0,Jönköpings Södra,4-4-1,,,False,False,False,right,0.0,,,,,,,,,,,,,,,,,,,,,,,,,,,,,,,,,,,,,,,,
2761771833,5678949,1H,22,56,00:22:56.504,1379.504156,2761771836.0,,,,,,duel,"['loose_ball_duel', 'recovery']",5.0,42.0,7055,Eskilsminne,4-2-3-1,6849,Jönköpings Södra,4-4-1,739449,L. Larsen,RCB,,,,,,,,,,2761771833.0,1.9146935,[],3.0,0.0,5.0,42.0,0.0,21.0,7055.0,Eskilsminne,4-2-3-1,,,,,,,,,,,,,,,,,,,,,,,,,,,,,,,,,,,,,,,,,,,,,,,
2761771836,5678949,1H,22,57,00:22:57.122,1380.12218,2761771671.0,,,,,,clearance,[],4.0,38.0,7055,Eskilsminne,4-2-3-1,6849,Jönköpings Södra,4-4-1,739449,L. Larsen,RCB,,,,,,,,,,2761771833.0,1.9146935,[],3.0,1.0,5.0,42.0,0.0,21.0,7055.0,Eskilsminne,4-2-3-1,,,,,,,,,,,,,,,,,,,,,,,,,,,,,,,,,,,,,,,,,,,,,,,
2761771671,5678949,1H,22,59,00:22:59.715,1382.715519,,,,,,,game_interruption,['ball_out'],100.0,79.0,6849,Jönköpings Södra,4-4-1,7055,Eskilsminne,4-2-3-1,0,,,,,,,,,,,,2761771833.0,1.9146935,[],3.0,2.0,5.0,42.0,0.0,21.0,7055.0,Eskilsminne,4-2-3-1,,,,,,,,,,,,,,,,,,,,,,,,,,,,,,,,,,,,,,,,,,,,,,,
2761771672,5678949,1H,23,18,00:23:18.862,1401.862331,2761771674.0,,,,,,corner,[],100.0,100.0,6849,Jönköpings Södra,4-4-1,7055,Eskilsminne,4-2-3-1,615327,I. Ellbring,LW,True,-111.0,high,33.0,258063.0,S. Crona,RCMF,89.0,54.0,2761771672.0,2.623535,"['corner', 'set_piece_attack', 'attack']",4.0,0.0,100.0,100.0,92.0,48.0,6849.0,Jönköpings Södra,4-4-1,,,False,False,False,center,0.0,,,,,,,,,,,,,,,,,,,,,,,,,,,,,,,,,,,,,,,,
2761771674,5678949,1H,23,20,00:23:20.346,1403.346596,2761771675.0,,,,,,duel,['aerial_duel'],89.0,54.0,6849,Jönköpings Södra,4-4-1,7055,Eskilsminne,4-2-3-1,258063,S. Crona,RCMF,,,,,,,,,,2761771672.0,2.623535,"['corner', 'set_piece_attack', 'attack']",4.0,1.0,100.0,100.0,92.0,48.0,6849.0,Jönköpings Södra,4-4-1,,,False,False,False,center,0.0,,,,,,,,,,,,,,,,,,,,,,,,,,,,,,,,739449.0,L. Larsen,RCB,192.0,True,183.0,2761771840.0,,
2761771840,5678949,1H,23,20,00:23:20.346,1403.346596,2761771675.0,,,,,,duel,['aerial_duel'],11.0,46.0,7055,Eskilsminne,4-2-3-1,6849,Jönköpings Södra,4-4-1,739449,L. Larsen,RCB,,,,,,,,,,2761771672.0,2.623535,"['corner', 'set_piece_attack', 'attack']",4.0,2.0,100.0,100.0,92.0,48.0,6849.0,Jönköpings Södra,4-4-1,,,False,False,False,center,0.0,,,,,,,,,,,,,,,,,,,,,,,,,,,,,,,,258063.0,S. Crona,RCMF,183.0,False,192.0,2761771674.0,,
2761771675,5678949,1H,23,20,00:23:20.826,1403.826886,2761771843.0,,,,,,touch,"['loss', 'touch_in_box']",89.0,40.0,6849,Jönköpings Södra,4-4-1,7055,Eskilsminne,4-2-3-1,951150,H. Israelsson,RW,,,,,,,,,,2761771672.0,2.623535,"['corner', 'set_piece_attack', 'attack']",4.0,3.0,100.0,100.0,92.0,48.0,6849.0,Jönköpings Södra,4-4-1,,,False,False,False,center,0.0,,,,,,,,,,,,,,,,,,,,,,,,,,,,,,,,,,,,,,,,
2761771843,5678949,1H,23,22,00:23:22.144,1405.144846,2761771676.0,,,,,,clearance,[],8.0,52.0,7055,Eskilsminne,4-2-3-1,6849,Jönköpings Södra,4-4-1,989683,H. Lindahl,RAMF,,,,,,,,,,2761771843.0,2.482769,[],2.0,0.0,8.0,52.0,22.0,100.0,7055.0,Eskilsminne,4-2-3-1,,,,,,,,,,,,,,,,,,,,,,,,,,,,,,,,,,,,,,,,,,,,,,,
2761771676,5678949,1H,23,27,00:23:27.110,1410.110384,,,,,,,game_interruption,['ball_out'],78.0,0.0,6849,Jönköpings Södra,4-4-1,7055,Eskilsminne,4-2-3-1,0,,,,,,,,,,,,2761771843.0,2.482769,[],2.0,1.0,8.0,52.0,22.0,100.0,7055.0,Eskilsminne,4-2-3-1,,,,,,,,,,,,,,,,,,,,,,,,,,,,,,,,,,,,,,,,,,,,,,,
2761771677,5678949,1H,23,42,00:23:42.242,1425.242922,2761771679.0,,,,,,throw_in,[],82.0,0.0,6849,Jönköpings Södra,4-4-1,7055,Eskilsminne,4-2-3-1,692804,O. Almström,LB,True,63.0,,26.0,613701.0,H. Lyck,RCB,93.0,35.0,2761771677.0,0.252648,"['attack', 'throw_in']",3.0,0.0,82.0,0.0,93.0,35.0,6849.0,Jönköpings Södra,4-4-1,,,False,False,False,left,0.0,,,,,,,,,,,,,,,,,,,,,,,,,,,,,,,,,,,,,,,,
2761771679,5678949,1H,23,42,00:23:42.495,1425.49557,2761771680.0,,,,,,duel,['loose_ball_duel'],93.0,35.0,6849,Jönköpings Södra,4-4-1,7055,Eskilsminne,4-2-3-1,613701,H. Lyck,RCB,,,,,,,,,,2761771677.0,0.252648,"['attack', 'throw_in']",3.0,1.0,82.0,0.0,93.0,35.0,6849.0,Jönköpings Södra,4-4-1,,,False,False,False,left,0.0,,,,,,,,,,,,,,,,,,,,,,,,,,,,,,,,,,,,,,,,
2761771846,5678949,1H,23,42,00:23:42.495,1425.49557,2761771680.0,,,,,,duel,"['foul_suffered', 'loose_ball_duel', 'recovery', 'counterpressing_recovery']",7.0,65.0,7055,Eskilsminne,4-2-3-1,6849,Jönköpings Södra,4-4-1,989683,H. Lindahl,RAMF,,,,,,,,,,2761771677.0,0.252648,"['attack', 'throw_in']",3.0,2.0,82.0,0.0,93.0,35.0,6849.0,Jönköpings Södra,4-4-1,,,False,False,False,left,0.0,,,,,,,,,,,,,,,,,,,,,,,,,,,,,,,,,,,,,,,,
2761771680,5678949,1H,23,43,00:23:43.456,1426.45627,2761771846.0,,,,,,infraction,['foul'],91.0,37.0,6849,Jönköpings Södra,4-4-1,7055,Eskilsminne,4-2-3-1,613701,H. Lyck,RCB,,,,,,,,,,,,,,,,,,,,,,,,,,,,,,,,,,,,,,,,False,False,regular_foul,989683.0,H. Lindahl,RAMF,,,,,,,,,,,,,,,,,,,,,,,
2761771849,5678949,1H,24,3,00:24:03.966,1446.966394,2761771850.0,,,,,,free_kick,[],8.0,71.0,7055,Eskilsminne,4-2-3-1,6849,Jönköpings Södra,4-4-1,693887,H. Pauli,GK,True,-80.0,,28.0,566323.0,F. Velander,LCB,12.0,31.0,2761771849.0,106.194756,"['set_piece_attack', 'attack', 'free_kick']",44.0,0.0,8.0,71.0,89.0,71.0,7055.0,Eskilsminne,4-2-3-1,,,False,False,False,center,0.0,,,,,,,,,,,,,,,,,,,,,,,,,,,,,,,,,,,,,,,,
2761771850,5678949,1H,24,6,00:24:06.462,1449.462998,2761771851.0,,,,,,pass,"['forward_pass', 'short_or_medium_pass']",12.0,31.0,7055,Eskilsminne,4-2-3-1,6849,Jönköpings Södra,4-4-1,566323,F. Velander,LCB,True,16.0,,15.0,493674.0,C. Seger,RDMF,26.0,37.0,2761771849.0,106.194756,"['set_piece_attack', 'attack', 'free_kick']",44.0,1.0,8.0,71.0,89.0,71.0,7055.0,Eskilsminne,4-2-3-1,,,False,False,False,center,0.0,,,,,,,,,,,,,,,,,,,,,,,,,,,,,,,,,,,,,,,,
2761771851,5678949,1H,24,9,00:24:09.076,1452.07667,2761771852.0,,,,,,pass,"['lateral_pass', 'short_or_medium_pass']",26.0,37.0,7055,Eskilsminne,4-2-3-1,6849,Jönköpings Södra,4-4-1,493674,C. Seger,RDMF,True,45.0,,13.0,517376.0,H. Norrby,LDMF,35.0,51.0,2761771849.0,106.194756,"['set_piece_attack', 'attack', 'free_kick']",44.0,2.0,8.0,71.0,89.0,71.0,7055.0,Eskilsminne,4-2-3-1,,,False,False,False,center,0.0,,,,,,,,,,,,,,,,,,,,,,,,,,,,,,,,,,,,,,,,
2761771852,5678949,1H,24,9,00:24:09.929,1452.92917,2761771853.0,,,,,,pass,"['back_pass', 'short_or_medium_pass']",35.0,51.0,7055,Eskilsminne,4-2-3-1,6849,Jönköpings Södra,4-4-1,517376,H. Norrby,LDMF,True,141.0,,21.0,739449.0,L. Larsen,RCB,20.0,71.0,2761771849.0,106.194756,"['set_piece_attack', 'attack', 'free_kick']",44.0,3.0,8.0,71.0,89.0,71.0,7055.0,Eskilsminne,4-2-3-1,,,False,False,False,center,0.0,,,,,,,,,,,,,,,,,,,,,,,,,,,,,,,,,,,,,,,,
2761771853,5678949,1H,24,12,00:24:12.675,1455.675152,2761771854.0,,,,,,pass,"['lateral_pass', 'short_or_medium_pass']",20.0,71.0,7055,Eskilsminne,4-2-3-1,6849,Jönköpings Södra,4-4-1,739449,L. Larsen,RCB,True,49.0,,20.0,813232.0,J. Albin,RB,32.0,93.0,2761771849.0,106.194756,"['set_piece_attack', 'attack', 'free_kick']",44.0,4.0,8.0,71.0,89.0,71.0,7055.0,Eskilsminne,4-2-3-1,,,False,False,False,center,0.0,,,,,,,,,,,,,,,,,,,,,,,,,,,,,,,,,,,,,,,,
2761771854,5678949,1H,24,16,00:24:16.310,1459.310445,2761771855.0,,,,,,pass,"['lateral_pass', 'short_or_medium_pass']",32.0,93.0,7055,Eskilsminne,4-2-3-1,6849,Jönköpings Södra,4-4-1,813232,J. Albin,RB,True,-106.0,,19.0,493674.0,C. Seger,RDMF,28.0,66.0,2761771849.0,106.194756,"['set_piece_attack', 'attack', 'free_kick']",44.0,5.0,8.0,71.0,89.0,71.0,7055.0,Eskilsminne,4-2-3-1,,,False,False,False,center,0.0,,,,,,,,,,,,,,,,,,,,,,,,,,,,,,,,,,,,,,,,
2761771855,5678949,1H,24,19,00:24:19.772,1462.772668,2761771856.0,,,,,,pass,"['lateral_pass', 'short_or_medium_pass']",28.0,66.0,7055,Eskilsminne,4-2-3-1,6849,Jönköpings Södra,4-4-1,493674,C. Seger,RDMF,True,-51.0,,13.0,51079.0,L. Ohlander,LB,35.0,51.0,2761771849.0,106.194756,"['set_piece_attack', 'attack', 'free_kick']",44.0,6.0,8.0,71.0,89.0,71.0,7055.0,Eskilsminne,4-2-3-1,,,False,False,False,center,0.0,,,,,,,,,,,,,,,,,,,,,,,,,,,,,,,,,,,,,,,,
2761771856,5678949,1H,24,21,00:24:21.273,1464.273395,2761771857.0,,,,,,pass,"['lateral_pass', 'short_or_medium_pass']",35.0,51.0,7055,Eskilsminne,4-2-3-1,6849,Jönköpings Södra,4-4-1,51079,L. Ohlander,LB,True,-122.0,,24.0,566323.0,F. Velander,LCB,23.0,21.0,2761771849.0,106.194756,"['set_piece_attack', 'attack', 'free_kick']",44.0,7.0,8.0,71.0,89.0,71.0,7055.0,Eskilsminne,4-2-3-1,,,False,False,False,center,0.0,,,,,,,,,,,,,,,,,,,,,,,,,,,,,,,,,,,,,,,,
2761771857,5678949,1H,24,23,00:24:23.573,1466.573848,2761771858.0,,,,,,pass,"['forward_pass', 'short_or_medium_pass']",23.0,21.0,7055,Eskilsminne,4-2-3-1,6849,Jönköpings Södra,4-4-1,566323,F. Velander,LCB,True,-29.0,,21.0,989684.0,M. Larsson,LAMF,40.0,6.0,2761771849.0,106.194756,"['set_piece_attack', 'attack', 'free_kick']",44.0,8.0,8.0,71.0,89.0,71.0,7055.0,Eskilsminne,4-2-3-1,,,False,False,False,center,0.0,,,,,,,,,,,,,,,,,,,,,,,,,,,,,,,,,,,,,,,,
2761771858,5678949,1H,24,25,00:24:25.396,1468.396748,2761771860.0,,,,,,pass,"['linkup_play', 'short_or_medium_pass']",40.0,6.0,7055,Eskilsminne,4-2-3-1,6849,Jönköpings Södra,4-4-1,989684,M. Larsson,LAMF,True,90.0,,12.0,51079.0,L. Ohlander,LB,40.0,23.0,2761771849.0,106.194756,"['set_piece_attack', 'attack', 'free_kick']",44.0,9.0,8.0,71.0,89.0,71.0,7055.0,Eskilsminne,4-2-3-1,,,False,False,False,center,0.0,,,,,,,,,,,,,,,,,,,,,,,,,,,,,,,,,,,,,,,,
2761771860,5678949,1H,24,27,00:24:27.375,1470.375331,2761771864.0,,,,,,pass,"['forward_pass', 'short_or_medium_pass']",40.0,23.0,7055,Eskilsminne,4-2-3-1,6849,Jönköpings Södra,4-4-1,51079,L. Ohlander,LB,True,0.0,,9.0,338669.0,C. Ljungberg,AMF,49.0,23.0,2761771849.0,106.194756,"['set_piece_attack', 'attack', 'free_kick']",44.0,10.0,8.0,71.0,89.0,71.0,7055.0,Eskilsminne,4-2-3-1,,,False,False,False,center,0.0,,,,,,,,,,,,,,,,,,,,,,,,,,,,,,,,,,,,,,,,
2761771864,5678949,1H,24,28,00:24:28.019,1471.019181,2761771866.0,,,,,,duel,"['ground_duel', 'offensive_duel']",49.0,23.0,7055,Eskilsminne,4-2-3-1,6849,Jönköpings Södra,4-4-1,338669,C. Ljungberg,AMF,,,,,,,,,,2761771849.0,106.194756,"['set_piece_attack', 'attack', 'free_kick']",44.0,11.0,8.0,71.0,89.0,71.0,7055.0,Eskilsminne,4-2-3-1,,,False,False,False,center,0.0,0.0,,,offensive_duel,True,False,,,False,,2761773428.0,,,,,,,,,,,,,,,,,,,,,,,,,,,,,
2761773428,5678949,1H,24,28,00:24:28.019,1471.019181,2761771866.0,,,,,,duel,"['defensive_duel', 'ground_duel']",51.0,77.0,6849,Jönköpings Södra,4-4-1,7055,Eskilsminne,4-2-3-1,0,,,,,,,,,,,,2761771849.0,106.194756,"['set_piece_attack', 'attack', 'free_kick']",44.0,12.0,8.0,71.0,89.0,71.0,7055.0,Eskilsminne,4-2-3-1,,,False,False,False,center,0.0,338669.0,C. Ljungberg,AMF,defensive_duel,,,True,False,False,,2761771864.0,,,,,,,,,,,,,,,,,,,,,,,,,,,,,
2761771866,5678949,1H,24,28,00:24:28.955,1471.955104,2761771868.0,,,,,,pass,"['back_pass', 'short_or_medium_pass']",45.0,25.0,7055,Eskilsminne,4-2-3-1,6849,Jönköpings Södra,4-4-1,338669,C. Ljungberg,AMF,True,172.0,,7.0,51079.0,L. Ohlander,LB,38.0,27.0,2761771849.0,106.194756,"['set_piece_attack', 'attack', 'free_kick']",44.0,13.0,8.0,71.0,89.0,71.0,7055.0,Eskilsminne,4-2-3-1,,,False,False,False,center,0.0,,,,,,,,,,,,,,,,,,,,,,,,,,,,,,,,,,,,,,,,
2761771868,5678949,1H,24,30,00:24:30.459,1473.459324,2761771871.0,,,,,,pass,"['back_pass', 'short_or_medium_pass']",38.0,27.0,7055,Eskilsminne,4-2-3-1,6849,Jönköpings Södra,4-4-1,51079,L. Ohlander,LB,True,-171.0,,13.0,566323.0,F. Velander,LCB,26.0,24.0,2761771849.0,106.194756,"['set_piece_attack', 'attack', 'free_kick']",44.0,14.0,8.0,71.0,89.0,71.0,7055.0,Eskilsminne,4-2-3-1,,,False,False,False,center,0.0,,,,,,,,,,,,,,,,,,,,,,,,,,,,,,,,,,,,,,,,
2761771871,5678949,1H,24,32,00:24:32.791,1475.791543,2761771873.0,,,,,,pass,['short_or_medium_pass'],26.0,24.0,7055,Eskilsminne,4-2-3-1,6849,Jönköpings Södra,4-4-1,566323,F. Velander,LCB,True,48.0,,12.0,493674.0,C. Seger,RDMF,33.0,37.0,2761771849.0,106.194756,"['set_piece_attack', 'attack', 'free_kick']",44.0,15.0,8.0,71.0,89.0,71.0,7055.0,Eskilsminne,4-2-3-1,,,False,False,False,center,0.0,,,,,,,,,,,,,,,,,,,,,,,,,,,,,,,,,,,,,,,,
2761771873,5678949,1H,24,33,00:24:33.596,1476.596429,2761771875.0,,,,,,pass,"['back_pass', 'short_or_medium_pass']",33.0,37.0,7055,Eskilsminne,4-2-3-1,6849,Jönköpings Södra,4-4-1,493674,C. Seger,RDMF,True,155.0,,30.0,693887.0,H. Pauli,GK,7.0,56.0,2761771849.0,106.194756,"['set_piece_attack', 'attack', 'free_kick']",44.0,16.0,8.0,71.0,89.0,71.0,7055.0,Eskilsminne,4-2-3-1,,,False,False,False,center,0.0,,,,,,,,,,,,,,,,,,,,,,,,,,,,,,,,,,,,,,,,
2761771875,5678949,1H,24,38,00:24:38.019,1481.01947,2761771876.0,,,,,,pass,"['lateral_pass', 'short_or_medium_pass']",7.0,56.0,7055,Eskilsminne,4-2-3-1,6849,Jönköpings Södra,4-4-1,693887,H. Pauli,GK,True,50.0,,23.0,739449.0,L. Larsen,RCB,21.0,82.0,2761771849.0,106.194756,"['set_piece_attack', 'attack', 'free_kick']",44.0,17.0,8.0,71.0,89.0,71.0,7055.0,Eskilsminne,4-2-3-1,,,False,False,False,center,0.0,,,,,,,,,,,,,,,,,,,,,,,,,,,,,,,,,,,,,,,,
2761771876,5678949,1H,24,40,00:24:40.513,1483.513735,2761771877.0,,,,,,pass,"['forward_pass', 'short_or_medium_pass']",21.0,82.0,7055,Eskilsminne,4-2-3-1,6849,Jönköpings Södra,4-4-1,739449,L. Larsen,RCB,True,37.0,,15.0,813232.0,J. Albin,RB,32.0,96.0,2761771849.0,106.194756,"['set_piece_attack', 'attack', 'free_kick']",44.0,18.0,8.0,71.0,89.0,71.0,7055.0,Eskilsminne,4-2-3-1,,,False,False,False,center,0.0,,,,,,,,,,,,,,,,,,,,,,,,,,,,,,,,,,,,,,,,
2761771877,5678949,1H,24,42,00:24:42.429,1485.429177,2761771879.0,,,,,,pass,"['lateral_pass', 'short_or_medium_pass']",32.0,96.0,7055,Eskilsminne,4-2-3-1,6849,Jönköpings Södra,4-4-1,813232,J. Albin,RB,True,-86.0,,16.0,493674.0,C. Seger,RDMF,33.0,73.0,2761771849.0,106.194756,"['set_piece_attack', 'attack', 'free_kick']",44.0,19.0,8.0,71.0,89.0,71.0,7055.0,Eskilsminne,4-2-3-1,,,False,False,False,center,0.0,,,,,,,,,,,,,,,,,,,,,,,,,,,,,,,,,,,,,,,,
2761771879,5678949,1H,24,44,00:24:44.951,1487.951872,2761771881.0,,,,,,pass,"['lateral_pass', 'short_or_medium_pass']",33.0,73.0,7055,Eskilsminne,4-2-3-1,6849,Jönköpings Södra,4-4-1,493674,C. Seger,RDMF,True,-74.0,,22.0,51079.0,L. Ohlander,LB,39.0,42.0,2761771849.0,106.194756,"['set_piece_attack', 'attack', 'free_kick']",44.0,20.0,8.0,71.0,89.0,71.0,7055.0,Eskilsminne,4-2-3-1,,,False,False,False,center,0.0,,,,,,,,,,,,,,,,,,,,,,,,,,,,,,,,,,,,,,,,
2761771881,5678949,1H,24,48,00:24:48.972,1491.972321,2761771884.0,,,,,,pass,"['forward_pass', 'progressive_pass', 'short_or_medium_pass']",39.0,42.0,7055,Eskilsminne,4-2-3-1,6849,Jönköpings Södra,4-4-1,51079,L. Ohlander,LB,True,-28.0,,23.0,338669.0,C. Ljungberg,AMF,59.0,27.0,2761771849.0,106.194756,"['set_piece_attack', 'attack', 'free_kick']",44.0,21.0,8.0,71.0,89.0,71.0,7055.0,Eskilsminne,4-2-3-1,,,False,False,False,center,0.0,,,,,,,,,,,,,,,,,,,,,,,,,,,,,,,,,,,,,,,,
2761771884,5678949,1H,24,51,00:24:51.712,1494.712208,2761771885.0,,,,,,pass,"['forward_pass', 'pass_to_final_third', 'short_or_medium_pass']",59.0,27.0,7055,Eskilsminne,4-2-3-1,6849,Jönköpings Södra,4-4-1,338669,C. Ljungberg,AMF,True,-37.0,,21.0,989684.0,M. Larsson,LAMF,75.0,8.0,2761771849.0,106.194756,"['set_piece_attack', 'attack', 'free_kick']",44.0,22.0,8.0,71.0,89.0,71.0,7055.0,Eskilsminne,4-2-3-1,,,False,False,False,center,0.0,,,,,,,,,,,,,,,,,,,,,,,,,,,,,,,,,,,,,,,,
2761771885,5678949,1H,24,56,00:24:56.092,1499.092549,2761771886.0,,,,,,pass,"['back_pass', 'short_or_medium_pass']",75.0,8.0,7055,Eskilsminne,4-2-3-1,6849,Jönköpings Södra,4-4-1,989684,M. Larsson,LAMF,True,174.0,,18.0,51079.0,L. Ohlander,LB,58.0,10.0,2761771849.0,106.194756,"['set_piece_attack', 'attack', 'free_kick']",44.0,23.0,8.0,71.0,89.0,71.0,7055.0,Eskilsminne,4-2-3-1,,,False,False,False,center,0.0,,,,,,,,,,,,,,,,,,,,,,,,,,,,,,,,,,,,,,,,
2761771886,5678949,1H,24,59,00:24:59.557,1502.557477,2761771888.0,,,,,,pass,"['lateral_pass', 'progressive_pass', 'short_or_medium_pass']",58.0,10.0,7055,Eskilsminne,4-2-3-1,6849,Jönköpings Södra,4-4-1,51079,L. Ohlander,LB,True,78.0,,24.0,493674.0,C. Seger,RDMF,63.0,45.0,2761771849.0,106.194756,"['set_piece_attack', 'attack', 'free_kick']",44.0,24.0,8.0,71.0,89.0,71.0,7055.0,Eskilsminne,4-2-3-1,,,False,False,False,center,0.0,,,,,,,,,,,,,,,,,,,,,,,,,,,,,,,,,,,,,,,,
2761771888,5678949,1H,25,2,00:25:02.846,1505.846078,2761771891.0,,,,,,pass,"['lateral_pass', 'short_or_medium_pass']",63.0,45.0,7055,Eskilsminne,4-2-3-1,6849,Jönköpings Södra,4-4-1,493674,C. Seger,RDMF,True,83.0,,23.0,813232.0,J. Albin,RB,66.0,79.0,2761771849.0,106.194756,"['set_piece_attack', 'attack', 'free_kick']",44.0,25.0,8.0,71.0,89.0,71.0,7055.0,Eskilsminne,4-2-3-1,,,False,False,False,center,0.0,,,,,,,,,,,,,,,,,,,,,,,,,,,,,,,,,,,,,,,,
2761771891,5678949,1H,25,6,00:25:06.877,1509.877643,2761771893.0,,,,,,pass,"['lateral_pass', 'short_or_medium_pass']",66.0,79.0,7055,Eskilsminne,4-2-3-1,6849,Jönköpings Södra,4-4-1,813232,J. Albin,RB,True,-111.0,,13.0,493674.0,C. Seger,RDMF,61.0,61.0,2761771849.0,106.194756,"['set_piece_attack', 'attack', 'free_kick']",44.0,26.0,8.0,71.0,89.0,71.0,7055.0,Eskilsminne,4-2-3-1,,,False,False,False,center,0.0,,,,,,,,,,,,,,,,,,,,,,,,,,,,,,,,,,,,,,,,
2761771893,5678949,1H,25,8,00:25:08.974,1511.974156,2761771895.0,,,,,,pass,"['lateral_pass', 'short_or_medium_pass']",61.0,61.0,7055,Eskilsminne,4-2-3-1,6849,Jönköpings Södra,4-4-1,493674,C. Seger,RDMF,True,87.0,,18.0,813232.0,J. Albin,RB,62.0,88.0,2761771849.0,106.194756,"['set_piece_attack', 'attack', 'free_kick']",44.0,27.0,8.0,71.0,89.0,71.0,7055.0,Eskilsminne,4-2-3-1,,,False,False,False,center,0.0,,,,,,,,,,,,,,,,,,,,,,,,,,,,,,,,,,,,,,,,
2761771895,5678949,1H,25,10,00:25:10.354,1513.354413,2761771896.0,,,,,,touch,['carry'],62.0,88.0,7055,Eskilsminne,4-2-3-1,6849,Jönköpings Södra,4-4-1,813232,J. Albin,RB,,,,,,,,,,2761771849.0,106.194756,"['set_piece_attack', 'attack', 'free_kick']",44.0,28.0,8.0,71.0,89.0,71.0,7055.0,Eskilsminne,4-2-3-1,,,False,False,False,center,0.0,,,,,,,,,,,,,,,,,,,-15.73,45.0,88.0,,,,,,,,,,,,,,,,,,,
2761771896,5678949,1H,25,13,00:25:13.167,1516.1679,2761771897.0,,,,,,pass,"['back_pass', 'short_or_medium_pass']",45.0,88.0,7055,Eskilsminne,4-2-3-1,6849,Jönköpings Södra,4-4-1,813232,J. Albin,RB,True,-176.0,,16.0,739449.0,L. Larsen,RCB,30.0,87.0,2761771849.0,106.194756,"['set_piece_attack', 'attack', 'free_kick']",44.0,29.0,8.0,71.0,89.0,71.0,7055.0,Eskilsminne,4-2-3-1,,,False,False,False,center,0.0,,,,,,,,,,,,,,,,,,,,,,,,,,,,,,,,,,,,,,,,
2761771897,5678949,1H,25,14,00:25:14.975,1517.975206,2761771899.0,,,,,,pass,"['lateral_pass', 'short_or_medium_pass']",30.0,87.0,7055,Eskilsminne,4-2-3-1,6849,Jönköpings Södra,4-4-1,739449,L. Larsen,RCB,True,-135.0,,18.0,693887.0,H. Pauli,GK,18.0,68.0,2761771849.0,106.194756,"['set_piece_attack', 'attack', 'free_kick']",44.0,30.0,8.0,71.0,89.0,71.0,7055.0,Eskilsminne,4-2-3-1,,,False,False,False,center,0.0,,,,,,,,,,,,,,,,,,,,,,,,,,,,,,,,,,,,,,,,
2761771899,5678949,1H,25,18,00:25:18.387,1521.387222,2761771900.0,,,,,,pass,"['lateral_pass', 'short_or_medium_pass']",18.0,68.0,7055,Eskilsminne,4-2-3-1,6849,Jönköpings Södra,4-4-1,693887,H. Pauli,GK,True,-77.0,,22.0,566323.0,F. Velander,LCB,23.0,37.0,2761771849.0,106.194756,"['set_piece_attack', 'attack', 'free_kick']",44.0,31.0,8.0,71.0,89.0,71.0,7055.0,Eskilsminne,4-2-3-1,,,False,False,False,center,0.0,,,,,,,,,,,,,,,,,,,,,,,,,,,,,,,,,,,,,,,,
2761771900,5678949,1H,25,21,00:25:21.617,1524.61725,2761771901.0,,,,,,pass,['short_or_medium_pass'],23.0,37.0,7055,Eskilsminne,4-2-3-1,6849,Jönköpings Södra,4-4-1,566323,F. Velander,LCB,True,56.0,,11.0,493674.0,C. Seger,RDMF,29.0,50.0,2761771849.0,106.194756,"['set_piece_attack', 'attack', 'free_kick']",44.0,32.0,8.0,71.0,89.0,71.0,7055.0,Eskilsminne,4-2-3-1,,,False,False,False,center,0.0,,,,,,,,,,,,,,,,,,,,,,,,,,,,,,,,,,,,,,,,
2761771901,5678949,1H,25,22,00:25:22.772,1525.772193,2761771903.0,,,,,,touch,['carry'],29.0,50.0,7055,Eskilsminne,4-2-3-1,6849,Jönköpings Södra,4-4-1,493674,C. Seger,RDMF,,,,,,,,,,2761771849.0,106.194756,"['set_piece_attack', 'attack', 'free_kick']",44.0,33.0,8.0,71.0,89.0,71.0,7055.0,Eskilsminne,4-2-3-1,,,False,False,False,center,0.0,,,,,,,,,,,,,,,,,,,18.88,47.0,48.0,,,,,,,,,,,,,,,,,,,
2761771903,5678949,1H,25,29,00:25:29.138,1532.1385,2761771904.0,,,,,,pass,"['forward_pass', 'short_or_medium_pass']",47.0,48.0,7055,Eskilsminne,4-2-3-1,6849,Jönköpings Södra,4-4-1,493674,C. Seger,RDMF,True,-41.0,,20.0,51079.0,L. Ohlander,LB,61.0,29.0,2761771849.0,106.194756,"['set_piece_attack', 'attack', 'free_kick']",44.0,34.0,8.0,71.0,89.0,71.0,7055.0,Eskilsminne,4-2-3-1,,,False,False,False,center,0.0,,,,,,,,,,,,,,,,,,,,,,,,,,,,,,,,,,,,,,,,
2761771904,5678949,1H,25,31,00:25:31.481,1534.481071,2761771906.0,,,,,,pass,"['lateral_pass', 'pass_to_final_third', 'short_or_medium_pass']",61.0,29.0,7055,Eskilsminne,4-2-3-1,6849,Jönköpings Södra,4-4-1,51079,L. Ohlander,LB,True,-66.0,,17.0,989684.0,M. Larsson,LAMF,68.0,6.0,2761771849.0,106.194756,"['set_piece_attack', 'attack', 'free_kick']",44.0,35.0,8.0,71.0,89.0,71.0,7055.0,Eskilsminne,4-2-3-1,,,False,False,False,center,0.0,,,,,,,,,,,,,,,,,,,,,,,,,,,,,,,,,,,,,,,,
2761771906,5678949,1H,25,34,00:25:34.394,1537.394649,2761771908.0,,,,,,pass,"['lateral_pass', 'short_or_medium_pass']",68.0,6.0,7055,Eskilsminne,4-2-3-1,6849,Jönköpings Södra,4-4-1,989684,M. Larsson,LAMF,True,129.0,,13.0,51079.0,L. Ohlander,LB,60.0,20.0,2761771849.0,106.194756,"['set_piece_attack', 'attack', 'free_kick']",44.0,36.0,8.0,71.0,89.0,71.0,7055.0,Eskilsminne,4-2-3-1,,,False,False,False,center,0.0,,,,,,,,,,,,,,,,,,,,,,,,,,,,,,,,,,,,,,,,
2761771908,5678949,1H,25,34,00:25:34.975,1537.975046,2761771911.0,,,,,,touch,[],60.0,20.0,7055,Eskilsminne,4-2-3-1,6849,Jönköpings Södra,4-4-1,51079,L. Ohlander,LB,,,,,,,,,,2761771849.0,106.194756,"['set_piece_attack', 'attack', 'free_kick']",44.0,37.0,8.0,71.0,89.0,71.0,7055.0,Eskilsminne,4-2-3-1,,,False,False,False,center,0.0,,,,,,,,,,,,,,,,,,,,,,,,,,,,,,,,,,,,,,,,
2761771911,5678949,1H,25,39,00:25:39.972,1542.972869,2761771916.0,,,,,,pass,"['forward_pass', 'pass_to_final_third', 'progressive_pass', 'short_or_medium_pass']",58.0,31.0,7055,Eskilsminne,4-2-3-1,6849,Jönköpings Södra,4-4-1,493674,C. Seger,RDMF,True,-4.0,,14.0,807610.0,T. Bermudez,CF,71.0,30.0,2761771849.0,106.194756,"['set_piece_attack', 'attack', 'free_kick']",44.0,38.0,8.0,71.0,89.0,71.0,7055.0,Eskilsminne,4-2-3-1,,,False,False,False,center,0.0,,,,,,,,,,,,,,,,,,,,,,,,,,,,,,,,,,,,,,,,
2761771916,5678949,1H,25,40,00:25:40.825,1543.825584,2761771917.0,,,,,,pass,"['back_pass', 'linkup_play', 'short_or_medium_pass']",71.0,30.0,7055,Eskilsminne,4-2-3-1,6849,Jönköpings Södra,4-4-1,807610,T. Bermudez,CF,True,-171.0,,13.0,493674.0,C. Seger,RDMF,59.0,26.0,2761771849.0,106.194756,"['set_piece_attack', 'attack', 'free_kick']",44.0,39.0,8.0,71.0,89.0,71.0,7055.0,Eskilsminne,4-2-3-1,,,False,False,False,center,0.0,,,,,,,,,,,,,,,,,,,,,,,,,,,,,,,,,,,,,,,,
2761771917,5678949,1H,25,42,00:25:42.721,1545.721359,2761771918.0,,,,,,pass,"['lateral_pass', 'short_or_medium_pass']",59.0,26.0,7055,Eskilsminne,4-2-3-1,6849,Jönköpings Södra,4-4-1,493674,C. Seger,RDMF,True,-58.0,,13.0,51079.0,L. Ohlander,LB,66.0,10.0,2761771849.0,106.194756,"['set_piece_attack', 'attack', 'free_kick']",44.0,40.0,8.0,71.0,89.0,71.0,7055.0,Eskilsminne,4-2-3-1,,,False,False,False,center,0.0,,,,,,,,,,,,,,,,,,,,,,,,,,,,,,,,,,,,,,,,
2761771918,5678949,1H,25,45,00:25:45.905,1548.905892,2761771920.0,,,,,,pass,"['lateral_pass', 'short_or_medium_pass']",66.0,10.0,7055,Eskilsminne,4-2-3-1,6849,Jönköpings Södra,4-4-1,51079,L. Ohlander,LB,True,118.0,,15.0,493674.0,C. Seger,RDMF,59.0,29.0,2761771849.0,106.194756,"['set_piece_attack', 'attack', 'free_kick']",44.0,41.0,8.0,71.0,89.0,71.0,7055.0,Eskilsminne,4-2-3-1,,,False,False,False,center,0.0,,,,,,,,,,,,,,,,,,,,,,,,,,,,,,,,,,,,,,,,
2761771920,5678949,1H,25,49,00:25:49.048,1552.048424,2761771922.0,,,,,,pass,"['forward_pass', 'long_pass', 'pass_to_final_third', 'pass_to_penalty_area', 'progressive_pass']",59.0,29.0,7055,Eskilsminne,4-2-3-1,6849,Jönköpings Södra,4-4-1,493674,C. Seger,RDMF,False,42.0,high,43.0,517376.0,H. Norrby,LDMF,89.0,71.0,2761771849.0,106.194756,"['set_piece_attack', 'attack', 'free_kick']",44.0,42.0,8.0,71.0,89.0,71.0,7055.0,Eskilsminne,4-2-3-1,,,False,False,False,center,0.0,,,,,,,,,,,,,,,,,,,,,,,,,,,,,,,,,,,,,,,,
2761771922,5678949,1H,25,51,00:25:51.273,1554.273876,,,,,,,offside,[],89.0,71.0,7055,Eskilsminne,4-2-3-1,6849,Jönköpings Södra,4-4-1,517376,H. Norrby,LDMF,,,,,,,,,,2761771849.0,106.194756,"['set_piece_attack', 'attack', 'free_kick']",44.0,43.0,8.0,71.0,89.0,71.0,7055.0,Eskilsminne,4-2-3-1,,,False,False,False,center,0.0,,,,,,,,,,,,,,,,,,,,,,,,,,,,,,,,,,,,,,,,
2761771685,5678949,1H,26,17,00:26:17.482,1580.482574,2761771686.0,,,,,,free_kick,[],12.0,39.0,6849,Jönköpings Södra,4-4-1,7055,Eskilsminne,4-2-3-1,899727,A. Eriksson,GK,True,-12.0,,54.0,51679.0,J. Drott,LCMF,62.0,23.0,2761771685.0,6.091788,"['set_piece_attack', 'free_kick']",4.0,0.0,12.0,39.0,58.0,25.0,6849.0,Jönköpings Södra,4-4-1,,,,,,,,,,,,,,,,,,,,,,,,,,,,,,,,,,,,,,,,,,,,,,,
2761771686,5678949,1H,26,20,00:26:20.574,1583.574849,2761771687.0,,,,,,pass,"['head_pass', 'short_or_medium_pass']",62.0,23.0,6849,Jönköpings Södra,4-4-1,7055,Eskilsminne,4-2-3-1,51679,J. Drott,LCMF,True,112.0,high,11.0,258063.0,S. Crona,RCMF,58.0,38.0,2761771685.0,6.091788,"['set_piece_attack', 'free_kick']",4.0,1.0,12.0,39.0,58.0,25.0,6849.0,Jönköpings Södra,4-4-1,,,,,,,,,,,,,,,,,,,,,,,,,,,,,,,,,,,,,,,,,,,,,,,
2761771687,5678949,1H,26,22,00:26:22.696,1585.696939,2761771928.0,,,,,,duel,"['aerial_duel', 'loss']",58.0,38.0,6849,Jönköpings Södra,4-4-1,7055,Eskilsminne,4-2-3-1,258063,S. Crona,RCMF,,,,,,,,,,2761771685.0,6.091788,"['set_piece_attack', 'free_kick']",4.0,2.0,12.0,39.0,58.0,25.0,6849.0,Jönköpings Södra,4-4-1,,,,,,,,,,,,,,,,,,,,,,,,,,,,,,,,,,,,,,,517376.0,H. Norrby,LDMF,0.0,True,183.0,2761771926.0,,
2761771926,5678949,1H,26,22,00:26:22.696,1585.696939,2761771928.0,,,,,,duel,['aerial_duel'],42.0,62.0,7055,Eskilsminne,4-2-3-1,6849,Jönköpings Södra,4-4-1,517376,H. Norrby,LDMF,,,,,,,,,,2761771685.0,6.091788,"['set_piece_attack', 'free_kick']",4.0,3.0,12.0,39.0,58.0,25.0,6849.0,Jönköpings Södra,4-4-1,,,,,,,,,,,,,,,,,,,,,,,,,,,,,,,,,,,,,,,258063.0,S. Crona,RCMF,183.0,False,0.0,2761771687.0,,
2761771928,5678949,1H,26,24,00:26:24.451,1587.451785,2761771688.0,,,,,,clearance,"['head_pass', 'loss']",42.0,75.0,7055,Eskilsminne,4-2-3-1,6849,Jönköpings Södra,4-4-1,493674,C. Seger,RDMF,,,,,,,,,,2761771928.0,1.9071895,[],2.0,0.0,42.0,75.0,69.0,100.0,7055.0,Eskilsminne,4-2-3-1,,,,,,,,,,,,,,,,,,,,,,,,,,,,,,,,,,,,,,,,,,,,,,,
2761771688,5678949,1H,26,28,00:26:28.266,1591.266164,,,,,,,game_interruption,['ball_out'],31.0,0.0,6849,Jönköpings Södra,4-4-1,7055,Eskilsminne,4-2-3-1,0,,,,,,,,,,,,2761771928.0,1.9071895,[],2.0,1.0,42.0,75.0,69.0,100.0,7055.0,Eskilsminne,4-2-3-1,,,,,,,,,,,,,,,,,,,,,,,,,,,,,,,,,,,,,,,,,,,,,,,
2761771689,5678949,1H,26,33,00:26:33.190,1596.190869,2761771690.0,,,,,,throw_in,[],35.0,0.0,6849,Jönköpings Södra,4-4-1,7055,Eskilsminne,4-2-3-1,692804,O. Almström,LB,True,135.0,,15.0,558236.0,L. Eek,LCB,25.0,16.0,2761771689.0,5.80554,['throw_in'],4.0,0.0,35.0,0.0,43.0,0.0,6849.0,Jönköpings Södra,4-4-1,,,,,,,,,,,,,,,,,,,,,,,,,,,,,,,,,,,,,,,,,,,,,,,
2761771690,5678949,1H,26,36,00:26:36.914,1599.9149,2761771691.0,,,,,,pass,['short_or_medium_pass'],25.0,16.0,6849,Jönköpings Södra,4-4-1,7055,Eskilsminne,4-2-3-1,558236,L. Eek,LCB,True,-63.0,,9.0,692804.0,O. Almström,LB,29.0,5.0,2761771689.0,5.80554,['throw_in'],4.0,1.0,35.0,0.0,43.0,0.0,6849.0,Jönköpings Södra,4-4-1,,,,,,,,,,,,,,,,,,,,,,,,,,,,,,,,,,,,,,,,,,,,,,,
2761771691,5678949,1H,26,38,00:26:38.320,1601.320558,2761771692.0,,,,,,pass,"['forward_pass', 'short_or_medium_pass']",29.0,5.0,6849,Jönköpings Södra,4-4-1,7055,Eskilsminne,4-2-3-1,692804,O. Almström,LB,False,-11.0,,15.0,0.0,,,43.0,0.0,2761771689.0,5.80554,['throw_in'],4.0,2.0,35.0,0.0,43.0,0.0,6849.0,Jönköpings Södra,4-4-1,,,,,,,,,,,,,,,,,,,,,,,,,,,,,,,,,,,,,,,,,,,,,,,
2761771692,5678949,1H,26,39,00:26:39.672,1602.67226,,,,,,,game_interruption,['ball_out'],43.0,0.0,6849,Jönköpings Södra,4-4-1,7055,Eskilsminne,4-2-3-1,0,,,,,,,,,,,,2761771689.0,5.80554,['throw_in'],4.0,3.0,35.0,0.0,43.0,0.0,6849.0,Jönköpings Södra,4-4-1,,,,,,,,,,,,,,,,,,,,,,,,,,,,,,,,,,,,,,,,,,,,,,,
2761771931,5678949,1H,26,55,00:26:55.350,1618.350586,2761771694.0,,,,,,throw_in,['loss'],56.0,100.0,7055,Eskilsminne,4-2-3-1,6849,Jönköpings Södra,4-4-1,813232,J. Albin,RB,False,-13.0,,23.0,692804.0,O. Almström,LB,77.0,93.0,2761771931.0,0.9786745,['throw_in'],1.0,0.0,56.0,100.0,77.0,93.0,7055.0,Eskilsminne,4-2-3-1,,,,,,,,,,,,,,,,,,,,,,,,,,,,,,,,,,,,,,,,,,,,,,,
2761771694,5678949,1H,26,57,00:26:57.307,1620.307935,2761771695.0,,,,,,pass,"['forward_pass', 'head_pass', 'short_or_medium_pass']",23.0,7.0,6849,Jönköpings Södra,4-4-1,7055,Eskilsminne,4-2-3-1,692804,O. Almström,LB,True,-5.0,high,12.0,615327.0,I. Ellbring,LW,34.0,6.0,2761771694.0,5.5418925,[],5.0,0.0,23.0,7.0,26.0,13.0,6849.0,Jönköpings Södra,4-4-1,,,,,,,,,,,,,,,,,,,,,,,,,,,,,,,,,,,,,,,,,,,,,,,
2761771695,5678949,1H,26,58,00:26:58.835,1621.835468,2761771696.0,,,,,,pass,"['back_pass', 'head_pass', 'short_or_medium_pass']",34.0,6.0,6849,Jönköpings Södra,4-4-1,7055,Eskilsminne,4-2-3-1,615327,I. Ellbring,LW,True,146.0,high,10.0,692804.0,O. Almström,LB,26.0,15.0,2761771694.0,5.5418925,[],5.0,1.0,23.0,7.0,26.0,13.0,6849.0,Jönköpings Södra,4-4-1,,,,,,,,,,,,,,,,,,,,,,,,,,,,,,,,,,,,,,,,,,,,,,,
2761771696,5678949,1H,27,0,00:27:00.891,1623.891897,2761771934.0,,,,,,duel,"['foul_suffered', 'ground_duel', 'offensive_duel']",26.0,15.0,6849,Jönköpings Södra,4-4-1,7055,Eskilsminne,4-2-3-1,692804,O. Almström,LB,,,,,,,,,,2761771694.0,5.5418925,[],5.0,2.0,23.0,7.0,26.0,13.0,6849.0,Jönköpings Södra,4-4-1,,,,,,,,989683.0,H. Lindahl,RAMF,offensive_duel,True,True,,,False,,2761771933.0,,,,,,,,,,,,,,,,,,,,,,,,,,,,,
2761771933,5678949,1H,27,0,00:27:00.891,1623.891897,2761771934.0,,,,,,duel,"['defensive_duel', 'ground_duel']",74.0,85.0,7055,Eskilsminne,4-2-3-1,6849,Jönköpings Södra,4-4-1,989683,H. Lindahl,RAMF,,,,,,,,,,2761771694.0,5.5418925,[],5.0,3.0,23.0,7.0,26.0,13.0,6849.0,Jönköpings Södra,4-4-1,,,,,,,,692804.0,O. Almström,LB,defensive_duel,,,False,False,False,,2761771696.0,,,,,,,,,,,,,,,,,,,,,,,,,,,,,
2761771934,5678949,1H,27,4,00:27:04.807,1627.807758,2761771696.0,,,,,,infraction,"['foul', 'yellow_card']",74.0,87.0,7055,Eskilsminne,4-2-3-1,6849,Jönköpings Södra,4-4-1,989683,H. Lindahl,RAMF,,,,,,,,,,2761771694.0,5.5418925,[],5.0,4.0,23.0,7.0,26.0,13.0,6849.0,Jönköpings Södra,4-4-1,,,,,,,,,,,,,,,,,,,True,False,regular_foul,692804.0,O. Almström,LB,,,,,,,,,,,,,,,,,,,,,,,
2761771698,5678949,1H,27,37,00:27:37.359,1660.359491,2761771699.0,,,,,,free_kick,[],28.0,20.0,6849,Jönköpings Södra,4-4-1,7055,Eskilsminne,4-2-3-1,899727,A. Eriksson,GK,True,-6.0,,49.0,1060409.0,L. Lyck,CF,74.0,13.0,2761771698.0,7.603363,"['set_piece_attack', 'free_kick']",7.0,0.0,28.0,20.0,55.0,0.0,6849.0,Jönköpings Södra,4-4-1,,,,,,,,,,,,,,,,,,,,,,,,,,,,,,,,,,,,,,,,,,,,,,,
2761771699,5678949,1H,27,40,00:27:40.045,1663.045919,2761771942.0,,,,,,duel,"['aerial_duel', 'loss']",74.0,13.0,6849,Jönköpings Södra,4-4-1,7055,Eskilsminne,4-2-3-1,1060409,L. Lyck,CF,,,,,,,,,,2761771698.0,7.603363,"['set_piece_attack', 'free_kick']",7.0,1.0,28.0,20.0,55.0,0.0,6849.0,Jönköpings Södra,4-4-1,,,,,,,,,,,,,,,,,,,,,,,,,,,,,,,,,,,,,,,989683.0,H. Lindahl,RAMF,0.0,False,0.0,2761771941.0,,
2761771941,5678949,1H,27,40,00:27:40.045,1663.045919,2761771942.0,,,,,,duel,"['aerial_duel', 'recovery', 'counterpressing_recovery']",26.0,87.0,7055,Eskilsminne,4-2-3-1,6849,Jönköpings Södra,4-4-1,989683,H. Lindahl,RAMF,,,,,,,,,,2761771698.0,7.603363,"['set_piece_attack', 'free_kick']",7.0,2.0,28.0,20.0,55.0,0.0,6849.0,Jönköpings Södra,4-4-1,,,,,,,,,,,,,,,,,,,,,,,,,,,,,,,,,,,,,,,1060409.0,L. Lyck,CF,0.0,True,0.0,2761771699.0,,
2761771942,5678949,1H,27,41,00:27:41.330,1664.330396,2761771945.0,,,,,,pass,"['forward_pass', 'short_or_medium_pass']",30.0,70.0,7055,Eskilsminne,4-2-3-1,6849,Jönköpings Södra,4-4-1,517376,H. Norrby,LDMF,True,-10.0,,12.0,807610.0,T. Bermudez,CF,41.0,68.0,2761771698.0,7.603363,"['set_piece_attack', 'free_kick']",7.0,3.0,28.0,20.0,55.0,0.0,6849.0,Jönköpings Södra,4-4-1,,,,,,,,,,,,,,,,,,,,,,,,,,,,,,,,,,,,,,,,,,,,,,,
2761771945,5678949,1H,27,42,00:27:42.666,1665.666366,2761771700.0,,,,,,pass,"['head_pass', 'loss', 'short_or_medium_pass']",41.0,68.0,7055,Eskilsminne,4-2-3-1,6849,Jönköpings Södra,4-4-1,807610,T. Bermudez,CF,False,68.0,high,10.0,613701.0,H. Lyck,RCB,45.0,82.0,2761771698.0,7.603363,"['set_piece_attack', 'free_kick']",7.0,4.0,28.0,20.0,55.0,0.0,6849.0,Jönköpings Södra,4-4-1,,,,,,,,,,,,,,,,,,,,,,,,,,,,,,,,,,,,,,,,,,,,,,,
2761771700,5678949,1H,27,44,00:27:44.218,1667.218813,2761771702.0,,,,,,clearance,[],55.0,18.0,6849,Jönköpings Södra,4-4-1,7055,Eskilsminne,4-2-3-1,613701,H. Lyck,RCB,,,,,,,,,,2761771698.0,7.603363,"['set_piece_attack', 'free_kick']",7.0,5.0,28.0,20.0,55.0,0.0,6849.0,Jönköpings Södra,4-4-1,,,,,,,,,,,,,,,,,,,,,,,,,,,,,,,,,,,,,,,,,,,,,,,
2761771702,5678949,1H,27,45,00:27:45.706,1668.706895,,,,,,,game_interruption,['ball_out'],55.0,0.0,6849,Jönköpings Södra,4-4-1,7055,Eskilsminne,4-2-3-1,0,,,,,,,,,,,,2761771698.0,7.603363,"['set_piece_attack', 'free_kick']",7.0,6.0,28.0,20.0,55.0,0.0,6849.0,Jönköpings Södra,4-4-1,,,,,,,,,,,,,,,,,,,,,,,,,,,,,,,,,,,,,,,,,,,,,,,
2761771948,5678949,1H,27,55,00:27:55.102,1678.102872,2761771950.0,,,,,,throw_in,[],49.0,100.0,7055,Eskilsminne,4-2-3-1,6849,Jönköpings Södra,4-4-1,813232,J. Albin,RB,True,-153.0,,27.0,739449.0,L. Larsen,RCB,26.0,82.0,2761771948.0,4.132764,['throw_in'],3.0,0.0,49.0,100.0,32.0,85.0,7055.0,Eskilsminne,4-2-3-1,,,,,,,,,,,,,,,,,,,,,,,,,,,,,,,,,,,,,,,,,,,,,,,
2761771950,5678949,1H,27,56,00:27:56.854,1679.854199,2761771954.0,,,,,,pass,"['forward_pass', 'short_or_medium_pass']",26.0,82.0,7055,Eskilsminne,4-2-3-1,6849,Jönköpings Södra,4-4-1,739449,L. Larsen,RCB,True,16.0,,7.0,813232.0,J. Albin,RB,32.0,85.0,2761771948.0,4.132764,['throw_in'],3.0,1.0,49.0,100.0,32.0,85.0,7055.0,Eskilsminne,4-2-3-1,,,,,,,,,,,,,,,,,,,,,,,,,,,,,,,,,,,,,,,,,,,,,,,
2761771704,5678949,1H,27,59,00:27:59.235,1682.235636,2761771705.0,,,,,,duel,"['loose_ball_duel', 'recovery', 'counterpressing_recovery', 'carry']",68.0,15.0,6849,Jönköpings Södra,4-4-1,7055,Eskilsminne,4-2-3-1,1060409,L. Lyck,CF,,,,,,,,,,2761771704.0,8.946547,['attack'],8.0,0.0,68.0,15.0,90.0,69.0,6849.0,Jönköpings Södra,4-4-1,,,True,False,False,center,0.0534,,,,,,,,,,,,,,,,,,,-4.882,61.0,19.0,,,,,,,,,,,,,,,,,,,
2761771954,5678949,1H,27,59,00:27:59.235,1682.235636,2761771705.0,,,,,,duel,['loose_ball_duel'],32.0,85.0,7055,Eskilsminne,4-2-3-1,6849,Jönköpings Södra,4-4-1,813232,J. Albin,RB,,,,,,,,,,2761771948.0,4.132764,['throw_in'],3.0,2.0,49.0,100.0,32.0,85.0,7055.0,Eskilsminne,4-2-3-1,,,,,,,,,,,,,,,,,,,,,,,,,,,,,,,,,,,,,,,,,,,,,,,
2761771705,5678949,1H,28,1,00:28:01.415,1684.415312,2761771956.0,,,,,,pass,['short_or_medium_pass'],61.0,19.0,6849,Jönköpings Södra,4-4-1,7055,Eskilsminne,4-2-3-1,1060409,L. Lyck,CF,False,45.0,,5.0,493674.0,C. Seger,RDMF,64.0,24.0,2761771704.0,8.946547,['attack'],8.0,1.0,68.0,15.0,90.0,69.0,6849.0,Jönköpings Södra,4-4-1,,,True,False,False,center,0.0534,,,,,,,,,,,,,,,,,,,,,,,,,,,,,,,,,,,,,,,,
2761771956,5678949,1H,28,1,00:28:01.550,1684.55012,2761771706.0,,,,,,touch,[],36.0,76.0,7055,Eskilsminne,4-2-3-1,6849,Jönköpings Södra,4-4-1,493674,C. Seger,RDMF,,,,,,,,,,2761771704.0,8.946547,['attack'],8.0,2.0,68.0,15.0,90.0,69.0,6849.0,Jönköpings Södra,4-4-1,,,True,False,False,center,0.0534,,,,,,,,,,,,,,,,,,,,,,,,,,,,,,,,,,,,,,,,
2761771706,5678949,1H,28,4,00:28:04.757,1687.757484,2761771707.0,,,,,,pass,"['lateral_pass', 'short_or_medium_pass']",76.0,42.0,6849,Jönköpings Södra,4-4-1,7055,Eskilsminne,4-2-3-1,51679,J. Drott,LCMF,True,72.0,,20.0,951150.0,H. Israelsson,RW,82.0,70.0,2761771704.0,8.946547,['attack'],8.0,3.0,68.0,15.0,90.0,69.0,6849.0,Jönköpings Södra,4-4-1,,,True,False,False,center,0.0534,,,,,,,,,,,,,,,,,,,,,,,,,,,,,,,,,,,,,,,,
2761771707,5678949,1H,28,6,00:28:06.149,1689.149608,2761771712.0,,,,,,touch,['carry'],82.0,70.0,6849,Jönköpings Södra,4-4-1,7055,Eskilsminne,4-2-3-1,951150,H. Israelsson,RW,,,,,,,,,,2761771704.0,8.946547,['attack'],8.0,4.0,68.0,15.0,90.0,69.0,6849.0,Jönköpings Södra,4-4-1,,,True,False,False,center,0.0534,,,,,,,,,,,,,,,,,,,6.636,90.0,69.0,,,,,,,,,,,,,,,,,,,
2761771712,5678949,1H,28,7,00:28:07.699,1690.699707,2761771713.0,,,,,,duel,"['dribble', 'ground_duel', 'offensive_duel']",89.0,74.0,6849,Jönköpings Södra,4-4-1,7055,Eskilsminne,4-2-3-1,951150,H. Israelsson,RW,,,,,,,,,,2761771704.0,8.946547,['attack'],8.0,5.0,68.0,15.0,90.0,69.0,6849.0,Jönköpings Södra,4-4-1,,,True,False,False,center,0.0534,51079.0,L. Ohlander,LB,dribble,True,True,,,False,left,2761771959.0,,,,,,,,,,,,,,,,,,,,,,,,,,,,,
2761771959,5678949,1H,28,7,00:28:07.699,1690.699707,2761771713.0,,,,,,duel,"['defensive_duel', 'ground_duel']",11.0,26.0,7055,Eskilsminne,4-2-3-1,6849,Jönköpings Södra,4-4-1,51079,L. Ohlander,LB,,,,,,,,,,2761771704.0,8.946547,['attack'],8.0,6.0,68.0,15.0,90.0,69.0,6849.0,Jönköpings Södra,4-4-1,,,True,False,False,center,0.0534,951150.0,H. Israelsson,RW,defensive_duel,,,False,False,False,right,2761771712.0,,,,,,,,,,,,,,,,,,,,,,,,,,,,,
2761771713,5678949,1H,28,8,00:28:08.664,1691.664659,,,,,,,shot,"['shot_after_throw_in', 'touch_in_box']",90.0,69.0,6849,Jönköpings Södra,4-4-1,7055,Eskilsminne,4-2-3-1,951150,H. Israelsson,RW,,,,,,,,,,2761771704.0,8.946547,['attack'],8.0,7.0,68.0,15.0,90.0,69.0,6849.0,Jönköpings Södra,4-4-1,,,True,False,False,center,0.0534,,,,,,,,,,,,,,,,,,,,,,right_foot,False,False,bc,0.05337,,,,,,,,,,,,,,
2761771960,5678949,1H,28,9,00:28:09.444,1692.444659,2761771714.0,,,,,,interception,"['loss', 'shot_block']",9.0,29.0,7055,Eskilsminne,4-2-3-1,6849,Jönköpings Södra,4-4-1,51079,L. Ohlander,LB,,,,,,,,,,,,,,,,,,,,,,,,,,,,,,,,,,,,,,,,,,,,,,,,,,,,,,,,,,,,,,,,,,,,
2761771714,5678949,1H,28,12,00:28:12.989,1695.989991,,,,,,,game_interruption,['ball_out'],82.0,100.0,6849,Jönköpings Södra,4-4-1,7055,Eskilsminne,4-2-3-1,0,,,,,,,,,,,,,,,,,,,,,,,,,,,,,,,,,,,,,,,,,,,,,,,,,,,,,,,,,,,,,,,,,,,,,,
2761771715,5678949,1H,28,39,00:28:39.645,1722.645585,2761771717.0,,,,,,throw_in,['shot_assist'],87.0,100.0,6849,Jönköpings Södra,4-4-1,7055,Eskilsminne,4-2-3-1,692804,O. Almström,LB,True,-83.0,,31.0,258063.0,S. Crona,RCMF,90.0,54.0,2761771715.0,1.098704,"['attack', 'throw_in']",2.0,0.0,87.0,100.0,90.0,54.0,6849.0,Jönköpings Södra,4-4-1,,,True,False,False,right,0.0595,,,,,,,,,,,,,,,,,,,,,,,,,,,,,,,,,,,,,,,,
2761771717,5678949,1H,28,41,00:28:41.842,1724.842993,,,,,,,shot,"['opportunity', 'shot_after_throw_in', 'touch_in_box']",90.0,54.0,6849,Jönköpings Södra,4-4-1,7055,Eskilsminne,4-2-3-1,258063,S. Crona,RCMF,,,,,,,,,,2761771715.0,1.098704,"['attack', 'throw_in']",2.0,1.0,87.0,100.0,90.0,54.0,6849.0,Jönköpings Södra,4-4-1,,,True,False,False,right,0.0595,,,,,,,,,,,,,,,,,,,,,,right_foot,False,False,bc,0.05948,,,,,,,,,,,,,,
2761771965,5678949,1H,28,42,00:28:42.577,1725.577978,2761771720.0,,,,,,interception,"['loss', 'shot_block']",3.0,46.0,7055,Eskilsminne,4-2-3-1,6849,Jönköpings Södra,4-4-1,739449,L. Larsen,RCB,,,,,,,,,,2761771965.0,0.178183,[],1.0,0.0,3.0,46.0,11.0,40.0,7055.0,Eskilsminne,4-2-3-1,,,,,,,,,,,,,,,,,,,,,,,,,,,,,,,,,,,,,,,,,,,,,,,
2761771720,5678949,1H,28,42,00:28:42.934,1725.934344,2761771722.0,,,,,,pass,"['deep_completion', 'head_pass', 'key_pass', 'recovery', 'counterpressing_recovery', 'short_or_medium_pass', 'shot_assist', 'touch_in_box']",89.0,60.0,6849,Jönköpings Södra,4-4-1,7055,Eskilsminne,4-2-3-1,51679,J. Drott,LCMF,True,-73.0,high,10.0,1060409.0,L. Lyck,CF,91.0,45.0,2761771720.0,0.6420255,['attack'],2.0,0.0,89.0,60.0,91.0,45.0,6849.0,Jönköpings Södra,4-4-1,,,True,False,False,center,0.3063,,,,,,,,,,,,,,,,,,,,,,,,,,,,,,,,,,,,,,,,
2761771722,5678949,1H,28,44,00:28:44.218,1727.218395,,,,,,,shot,"['opportunity', 'shot_after_throw_in', 'touch_in_box']",91.0,45.0,6849,Jönköpings Södra,4-4-1,7055,Eskilsminne,4-2-3-1,1060409,L. Lyck,CF,,,,,,,,,,2761771720.0,0.6420255,['attack'],2.0,1.0,89.0,60.0,91.0,45.0,6849.0,Jönköpings Södra,4-4-1,,,True,False,False,center,0.3063,,,,,,,,,,,,,,,,,,,,,,right_foot,False,False,bc,0.3063,,,,,,,,,,,,,,
2761771971,5678949,1H,28,44,00:28:44.795,1727.795136,2761771725.0,,,,,,interception,"['loss', 'recovery', 'counterpressing_recovery', 'shot_block']",2.0,50.0,7055,Eskilsminne,4-2-3-1,6849,Jönköpings Södra,4-4-1,739449,L. Larsen,RCB,,,,,,,,,,2761771971.0,0.5161695,[],1.0,0.0,2.0,50.0,14.0,50.0,7055.0,Eskilsminne,4-2-3-1,,,,,,,,,,,,,,,,,,,,,,,,,,,,,,,,,,,,,,,,,,,,,,,
2761771725,5678949,1H,28,45,00:28:45.827,1728.827475,,,,,,,shot,"['head_shot', 'shot_after_throw_in', 'touch_in_box']",86.0,50.0,6849,Jönköpings Södra,4-4-1,7055,Eskilsminne,4-2-3-1,615327,I. Ellbring,LW,,,,,,,,,,2761771725.0,0.0,['attack'],1.0,0.0,86.0,50.0,86.0,50.0,6849.0,Jönköpings Södra,4-4-1,,,True,False,False,center,0.1949,,,,,,,,,,,,,,,,,,,,,,head_or_other,False,False,olb,0.1949,,,,,,,,,,,,,,
2761771726,5678949,1H,28,49,00:28:49.531,1732.531655,,,,,,,game_interruption,['ball_out'],100.0,30.0,6849,Jönköpings Södra,4-4-1,7055,Eskilsminne,4-2-3-1,0,,,,,,,,,,,,,,,,,,,,,,,,,,,,,,,,,,,,,,,,,,,,,,,,,,,,,,,,,,,,,,,,,,,,,,
2761771978,5678949,1H,29,10,00:29:10.044,1753.044723,2761771980.0,,,,,,goal_kick,[],0.0,38.0,7055,Eskilsminne,4-2-3-1,6849,Jönköpings Södra,4-4-1,566323,F. Velander,LCB,True,-23.0,,30.0,517376.0,H. Norrby,LDMF,31.0,21.0,2761771978.0,7.085286,"['set_piece_attack', 'free_kick']",3.0,0.0,0.0,38.0,42.0,33.0,7055.0,Eskilsminne,4-2-3-1,,,,,,,,,,,,,,,,,,,,,,,,,,,,,,,,,,,,,,,,,,,,,,,
2761771980,5678949,1H,29,14,00:29:14.478,1757.47828,2761771981.0,,,,,,pass,"['lateral_pass', 'short_or_medium_pass']",31.0,21.0,7055,Eskilsminne,4-2-3-1,6849,Jönköpings Södra,4-4-1,517376,H. Norrby,LDMF,True,-48.0,,13.0,51079.0,L. Ohlander,LB,39.0,7.0,2761771978.0,7.085286,"['set_piece_attack', 'free_kick']",3.0,1.0,0.0,38.0,42.0,33.0,7055.0,Eskilsminne,4-2-3-1,,,,,,,,,,,,,,,,,,,,,,,,,,,,,,,,,,,,,,,,,,,,,,,
2761771981,5678949,1H,29,16,00:29:16.518,1759.518066,2761771728.0,,,,,,pass,"['lateral_pass', 'loss', 'progressive_pass', 'short_or_medium_pass']",39.0,7.0,7055,Eskilsminne,4-2-3-1,6849,Jönköpings Södra,4-4-1,51079,L. Ohlander,LB,False,80.0,,18.0,258063.0,S. Crona,RDMF,42.0,33.0,2761771978.0,7.085286,"['set_piece_attack', 'free_kick']",3.0,2.0,0.0,38.0,42.0,33.0,7055.0,Eskilsminne,4-2-3-1,,,,,,,,,,,,,,,,,,,,,,,,,,,,,,,,,,,,,,,,,,,,,,,
2761771728,5678949,1H,29,17,00:29:17.741,1760.741952,2761771729.0,,,,,,pass,"['back_pass', 'recovery', 'short_or_medium_pass']",58.0,67.0,6849,Jönköpings Södra,4-4-1,7055,Eskilsminne,4-2-3-1,258063,S. Crona,RCMF,True,151.0,,31.0,73.0,M. Johansson,RB,32.0,89.0,2761771728.0,6.321432,['transition_medium'],3.0,0.0,58.0,67.0,42.0,91.0,6849.0,Jönköpings Södra,4-4-1,,,,,,,,,,,,,,,,,,,,,,,,,,,,,,,,,,,,,,,,,,,,,,,
2761771729,5678949,1H,29,23,00:29:23.158,1766.158609,2761771731.0,,,,,,pass,"['forward_pass', 'short_or_medium_pass']",32.0,89.0,6849,Jönköpings Södra,4-4-1,7055,Eskilsminne,4-2-3-1,73,M. Johansson,RB,False,6.0,,11.0,613701.0,H. Lyck,RCB,42.0,91.0,2761771728.0,6.321432,['transition_medium'],3.0,1.0,58.0,67.0,42.0,91.0,6849.0,Jönköpings Södra,4-4-1,,,,,,,,,,,,,,,,,,,,,,,,,,,,,,,,,,,,,,,,,,,,,,,
2761771731,5678949,1H,29,24,00:29:24.063,1767.063384,2761771990.0,,,,,,duel,"['defensive_duel', 'ground_duel', 'loss', 'sliding_tackle']",42.0,91.0,6849,Jönköpings Södra,4-4-1,7055,Eskilsminne,4-2-3-1,613701,H. Lyck,RCB,,,,,,,,,,2761771728.0,6.321432,['transition_medium'],3.0,2.0,58.0,67.0,42.0,91.0,6849.0,Jönköpings Södra,4-4-1,,,,,,,,51079.0,L. Ohlander,LB,defensive_duel,,,True,False,False,,2761771988.0,,,,,,,,,,,,,,,,,,,,,,,,,,,,,
2761771988,5678949,1H,29,24,00:29:24.063,1767.063384,2761771990.0,,,,,,duel,"['ground_duel', 'interception', 'offensive_duel', 'recovery']",58.0,9.0,7055,Eskilsminne,4-2-3-1,6849,Jönköpings Södra,4-4-1,51079,L. Ohlander,LB,,,,,,,,,,2761771988.0,12.794719,"['attack', 'transition_medium']",8.0,0.0,58.0,9.0,84.0,62.0,7055.0,Eskilsminne,4-2-3-1,,,False,False,False,center,0.0,613701.0,H. Lyck,RCB,offensive_duel,True,False,,,False,,2761771731.0,,,,,,,,,,,,,,,,,,,,,,,,,,,,,
2761771990,5678949,1H,29,24,00:29:24.751,1767.751127,2761771992.0,,,,,,touch,[],62.0,17.0,7055,Eskilsminne,4-2-3-1,6849,Jönköpings Södra,4-4-1,989684,M. Larsson,LAMF,,,,,,,,,,2761771988.0,12.794719,"['attack', 'transition_medium']",8.0,1.0,58.0,9.0,84.0,62.0,7055.0,Eskilsminne,4-2-3-1,,,False,False,False,center,0.0,,,,,,,,,,,,,,,,,,,,,,,,,,,,,,,,,,,,,,,,
2761771992,5678949,1H,29,27,00:29:27.144,1770.14414,2761771994.0,,,,,,pass,"['back_pass', 'short_or_medium_pass']",56.0,23.0,7055,Eskilsminne,4-2-3-1,6849,Jönköpings Södra,4-4-1,338669,C. Ljungberg,AMF,True,-143.0,,5.0,517376.0,H. Norrby,LDMF,52.0,19.0,2761771988.0,12.794719,"['attack', 'transition_medium']",8.0,2.0,58.0,9.0,84.0,62.0,7055.0,Eskilsminne,4-2-3-1,,,False,False,False,center,0.0,,,,,,,,,,,,,,,,,,,,,,,,,,,,,,,,,,,,,,,,
2761771994,5678949,1H,29,27,00:29:27.577,1770.577698,2761771996.0,,,,,,pass,"['forward_pass', 'progressive_pass', 'short_or_medium_pass']",52.0,19.0,7055,Eskilsminne,4-2-3-1,6849,Jönköpings Södra,4-4-1,517376,H. Norrby,LDMF,True,20.0,,16.0,807610.0,T. Bermudez,CF,66.0,27.0,2761771988.0,12.794719,"['attack', 'transition_medium']",8.0,3.0,58.0,9.0,84.0,62.0,7055.0,Eskilsminne,4-2-3-1,,,False,False,False,center,0.0,,,,,,,,,,,,,,,,,,,,,,,,,,,,,,,,,,,,,,,,
2761771996,5678949,1H,29,30,00:29:30.671,1773.671084,2761771997.0,,,,,,pass,"['lateral_pass', 'short_or_medium_pass']",66.0,27.0,7055,Eskilsminne,4-2-3-1,6849,Jönköpings Södra,4-4-1,807610,T. Bermudez,CF,True,100.0,,23.0,493674.0,C. Seger,RDMF,62.0,60.0,2761771988.0,12.794719,"['attack', 'transition_medium']",8.0,4.0,58.0,9.0,84.0,62.0,7055.0,Eskilsminne,4-2-3-1,,,False,False,False,center,0.0,,,,,,,,,,,,,,,,,,,,,,,,,,,,,,,,,,,,,,,,
2761771997,5678949,1H,29,32,00:29:32.090,1775.090586,2761771998.0,,,,,,touch,[],62.0,60.0,7055,Eskilsminne,4-2-3-1,6849,Jönköpings Södra,4-4-1,493674,C. Seger,RDMF,,,,,,,,,,2761771988.0,12.794719,"['attack', 'transition_medium']",8.0,5.0,58.0,9.0,84.0,62.0,7055.0,Eskilsminne,4-2-3-1,,,False,False,False,center,0.0,,,,,,,,,,,,,,,,,,,,,,,,,,,,,,,,,,,,,,,,
2761771998,5678949,1H,29,34,00:29:34.869,1777.869171,2761771999.0,,,,,,pass,"['deep_completion', 'forward_pass', 'short_or_medium_pass']",75.0,64.0,7055,Eskilsminne,4-2-3-1,6849,Jönköpings Södra,4-4-1,493674,C. Seger,RDMF,True,-13.0,,10.0,807610.0,T. Bermudez,CF,84.0,62.0,2761771988.0,12.794719,"['attack', 'transition_medium']",8.0,6.0,58.0,9.0,84.0,62.0,7055.0,Eskilsminne,4-2-3-1,,,False,False,False,center,0.0,,,,,,,,,,,,,,,,,,,,,,,,,,,,,,,,,,,,,,,,
2761771735,5678949,1H,29,36,00:29:36.858,1779.858103,2761771737.0,,,,,,duel,"['defensive_duel', 'dribbled_past_attempt', 'ground_duel', 'recovery']",16.0,38.0,6849,Jönköpings Södra,4-4-1,7055,Eskilsminne,4-2-3-1,558236,L. Eek,LCB,,,,,,,,,,2761771735.0,35.9026825,"['attack', 'transition_low']",15.0,0.0,16.0,38.0,90.0,38.0,6849.0,Jönköpings Södra,4-4-1,,,False,False,False,left,0.0,807610.0,T. Bermudez,CF,defensive_duel,,,True,True,True,left,2761771999.0,,,,,,,,,,,,,,,,,,,,,,,,,,,,,
2761771999,5678949,1H,29,36,00:29:36.858,1779.858103,2761771737.0,,,,,,duel,"['dribble', 'ground_duel', 'loss', 'offensive_duel']",84.0,62.0,7055,Eskilsminne,4-2-3-1,6849,Jönköpings Södra,4-4-1,807610,T. Bermudez,CF,,,,,,,,,,2761771988.0,12.794719,"['attack', 'transition_medium']",8.0,7.0,58.0,9.0,84.0,62.0,7055.0,Eskilsminne,4-2-3-1,,,False,False,False,center,0.0,558236.0,L. Eek,LCB,dribble,False,False,,,True,right,2761771735.0,,,,,,,,,,,,,,,,,,,,,,,,,,,,,
2761771737,5678949,1H,29,37,00:29:37.753,1780.75339,2761771739.0,,,,,,pass,"['forward_pass', 'short_or_medium_pass']",11.0,35.0,6849,Jönköpings Södra,4-4-1,7055,Eskilsminne,4-2-3-1,692804,O. Almström,LB,True,14.0,,13.0,615327.0,I. Ellbring,LW,23.0,40.0,2761771735.0,35.9026825,"['attack', 'transition_low']",15.0,1.0,16.0,38.0,90.0,38.0,6849.0,Jönköpings Södra,4-4-1,,,False,False,False,left,0.0,,,,,,,,,,,,,,,,,,,,,,,,,,,,,,,,,,,,,,,,
2761771739,5678949,1H,29,38,00:29:38.140,1781.140328,2761771740.0,,,,,,touch,[],23.0,40.0,6849,Jönköpings Södra,4-4-1,7055,Eskilsminne,4-2-3-1,615327,I. Ellbring,LW,,,,,,,,,,2761771735.0,35.9026825,"['attack', 'transition_low']",15.0,2.0,16.0,38.0,90.0,38.0,6849.0,Jönköpings Södra,4-4-1,,,False,False,False,left,0.0,,,,,,,,,,,,,,,,,,,,,,,,,,,,,,,,,,,,,,,,
2761771740,5678949,1H,29,40,00:29:40.291,1783.291029,2761771741.0,,,,,,pass,"['forward_pass', 'short_or_medium_pass']",21.0,31.0,6849,Jönköpings Södra,4-4-1,7055,Eskilsminne,4-2-3-1,51679,J. Drott,LCMF,True,-26.0,,26.0,615327.0,I. Ellbring,LW,43.0,15.0,2761771735.0,35.9026825,"['attack', 'transition_low']",15.0,3.0,16.0,38.0,90.0,38.0,6849.0,Jönköpings Södra,4-4-1,,,False,False,False,left,0.0,,,,,,,,,,,,,,,,,,,,,,,,,,,,,,,,,,,,,,,,
2761771741,5678949,1H,29,43,00:29:43.522,1786.522457,2761771742.0,,,,,,acceleration,"['progressive_run', 'carry']",43.0,15.0,6849,Jönköpings Södra,4-4-1,7055,Eskilsminne,4-2-3-1,615327,I. Ellbring,LW,,,,,,,,,,2761771735.0,35.9026825,"['attack', 'transition_low']",15.0,4.0,16.0,38.0,90.0,38.0,6849.0,Jönköpings Södra,4-4-1,,,False,False,False,left,0.0,,,,,,,,,,,,,,,,,,,34.73,85.0,13.0,,,,,,,,,,,,,,,,,,,
2761771742,5678949,1H,29,51,00:29:51.691,1794.691359,2761771744.0,,,,,,pass,"['back_pass', 'short_or_medium_pass']",85.0,13.0,6849,Jönköpings Södra,4-4-1,7055,Eskilsminne,4-2-3-1,615327,I. Ellbring,LW,True,-169.0,,16.0,692804.0,O. Almström,LB,70.0,9.0,2761771735.0,35.9026825,"['attack', 'transition_low']",15.0,5.0,16.0,38.0,90.0,38.0,6849.0,Jönköpings Södra,4-4-1,,,False,False,False,left,0.0,,,,,,,,,,,,,,,,,,,,,,,,,,,,,,,,,,,,,,,,
2761771744,5678949,1H,29,53,00:29:53.882,1796.882935,2761771745.0,,,,,,pass,['short_or_medium_pass'],70.0,9.0,6849,Jönköpings Södra,4-4-1,7055,Eskilsminne,4-2-3-1,692804,O. Almström,LB,True,114.0,,12.0,51679.0,J. Drott,LCMF,66.0,25.0,2761771735.0,35.9026825,"['attack', 'transition_low']",15.0,6.0,16.0,38.0,90.0,38.0,6849.0,Jönköpings Södra,4-4-1,,,False,False,False,left,0.0,,,,,,,,,,,,,,,,,,,,,,,,,,,,,,,,,,,,,,,,
2761771745,5678949,1H,29,54,00:29:54.876,1797.876026,2761771746.0,,,,,,pass,"['lateral_pass', 'pass_to_final_third', 'short_or_medium_pass']",66.0,25.0,6849,Jönköpings Södra,4-4-1,7055,Eskilsminne,4-2-3-1,51679,J. Drott,LCMF,True,-45.0,,15.0,692804.0,O. Almström,LB,76.0,9.0,2761771735.0,35.9026825,"['attack', 'transition_low']",15.0,7.0,16.0,38.0,90.0,38.0,6849.0,Jönköpings Södra,4-4-1,,,False,False,False,left,0.0,,,,,,,,,,,,,,,,,,,,,,,,,,,,,,,,,,,,,,,,
2761771746,5678949,1H,29,57,00:29:57.512,1800.5123,2761771747.0,,,,,,pass,"['back_pass', 'short_or_medium_pass']",76.0,9.0,6849,Jönköpings Södra,4-4-1,7055,Eskilsminne,4-2-3-1,692804,O. Almström,LB,True,149.0,,26.0,558236.0,L. Eek,LCB,55.0,28.0,2761771735.0,35.9026825,"['attack', 'transition_low']",15.0,8.0,16.0,38.0,90.0,38.0,6849.0,Jönköpings Södra,4-4-1,,,False,False,False,left,0.0,,,,,,,,,,,,,,,,,,,,,,,,,,,,,,,,,,,,,,,,
2761771747,5678949,1H,30,0,00:30:00.682,1803.682424,2761771748.0,,,,,,pass,"['lateral_pass', 'short_or_medium_pass']",55.0,28.0,6849,Jönköpings Södra,4-4-1,7055,Eskilsminne,4-2-3-1,558236,L. Eek,LCB,True,119.0,,20.0,613701.0,H. Lyck,RCB,46.0,54.0,2761771735.0,35.9026825,"['attack', 'transition_low']",15.0,9.0,16.0,38.0,90.0,38.0,6849.0,Jönköpings Södra,4-4-1,,,False,False,False,left,0.0,,,,,,,,,,,,,,,,,,,,,,,,,,,,,,,,,,,,,,,,
2761771748,5678949,1H,30,4,00:30:04.247,1807.247125,2761771749.0,,,,,,pass,"['lateral_pass', 'short_or_medium_pass']",46.0,54.0,6849,Jönköpings Södra,4-4-1,7055,Eskilsminne,4-2-3-1,613701,H. Lyck,RCB,True,-93.0,,20.0,558236.0,L. Eek,LCB,45.0,24.0,2761771735.0,35.9026825,"['attack', 'transition_low']",15.0,10.0,16.0,38.0,90.0,38.0,6849.0,Jönköpings Södra,4-4-1,,,False,False,False,left,0.0,,,,,,,,,,,,,,,,,,,,,,,,,,,,,,,,,,,,,,,,
2761771749,5678949,1H,30,5,00:30:05.590,1808.590352,2761771750.0,,,,,,touch,['carry'],45.0,24.0,6849,Jönköpings Södra,4-4-1,7055,Eskilsminne,4-2-3-1,558236,L. Eek,LCB,,,,,,,,,,2761771735.0,35.9026825,"['attack', 'transition_low']",15.0,11.0,16.0,38.0,90.0,38.0,6849.0,Jönköpings Södra,4-4-1,,,False,False,False,left,0.0,,,,,,,,,,,,,,,,,,,11.39,57.0,22.0,,,,,,,,,,,,,,,,,,,
2761771750,5678949,1H,30,7,00:30:07.343,1810.343042,2761771751.0,,,,,,pass,"['forward_pass', 'short_or_medium_pass']",57.0,22.0,6849,Jönköpings Södra,4-4-1,7055,Eskilsminne,4-2-3-1,558236,L. Eek,LCB,True,0.0,,8.0,51679.0,J. Drott,LCMF,65.0,22.0,2761771735.0,35.9026825,"['attack', 'transition_low']",15.0,12.0,16.0,38.0,90.0,38.0,6849.0,Jönköpings Södra,4-4-1,,,False,False,False,left,0.0,,,,,,,,,,,,,,,,,,,,,,,,,,,,,,,,,,,,,,,,
2761771751,5678949,1H,30,9,00:30:09.419,1812.419024,2761771753.0,,,,,,pass,"['forward_pass', 'pass_to_final_third', 'progressive_pass', 'short_or_medium_pass']",65.0,22.0,6849,Jönköpings Södra,4-4-1,7055,Eskilsminne,4-2-3-1,51679,J. Drott,LCMF,True,-17.0,,31.0,692804.0,O. Almström,LB,93.0,9.0,2761771735.0,35.9026825,"['attack', 'transition_low']",15.0,13.0,16.0,38.0,90.0,38.0,6849.0,Jönköpings Södra,4-4-1,,,False,False,False,left,0.0,,,,,,,,,,,,,,,,,,,,,,,,,,,,,,,,,,,,,,,,
2761771753,5678949,1H,30,12,00:30:12.139,1815.139939,2761772003.0,,,,,,pass,"['cross', 'lateral_pass', 'loss', 'pass_to_penalty_area']",93.0,9.0,6849,Jönköpings Södra,4-4-1,7055,Eskilsminne,4-2-3-1,692804,O. Almström,LB,False,99.0,high,20.0,739449.0,L. Larsen,RCB,90.0,38.0,2761771735.0,35.9026825,"['attack', 'transition_low']",15.0,14.0,16.0,38.0,90.0,38.0,6849.0,Jönköpings Södra,4-4-1,,,False,False,False,left,0.0,,,,,,,,,,,,,,,,,,,,,,,,,,,,,,,,,,,,,,,,
2761772003,5678949,1H,30,13,00:30:13.381,1816.381632,2761772005.0,,,,,,interception,"['head_pass', 'recovery']",10.0,62.0,7055,Eskilsminne,4-2-3-1,6849,Jönköpings Södra,4-4-1,739449,L. Larsen,RCB,,,,,,,,,,2761772003.0,4.431009,['transition_low'],3.0,0.0,10.0,62.0,30.0,44.0,7055.0,Eskilsminne,4-2-3-1,,,,,,,,,,,,,,,,,,,,,,,,,,,,,,,,,,,,,,,,,,,,,,,
2761772005,5678949,1H,30,16,00:30:16.021,1819.021069,2761772007.0,,,,,,pass,"['forward_pass', 'head_pass', 'short_or_medium_pass']",19.0,58.0,7055,Eskilsminne,4-2-3-1,6849,Jönköpings Södra,4-4-1,517376,H. Norrby,LDMF,True,-37.0,high,15.0,989684.0,M. Larsson,LAMF,30.0,44.0,2761772003.0,4.431009,['transition_low'],3.0,1.0,10.0,62.0,30.0,44.0,7055.0,Eskilsminne,4-2-3-1,,,,,,,,,,,,,,,,,,,,,,,,,,,,,,,,,,,,,,,,,,,,,,,
2761771754,5678949,1H,30,17,00:30:17.812,1820.812641,2761771755.0,,,,,,duel,"['aerial_duel', 'recovery', 'counterpressing_recovery']",70.0,56.0,6849,Jönköpings Södra,4-4-1,7055,Eskilsminne,4-2-3-1,51679,J. Drott,LCMF,,,,,,,,,,2761771754.0,40.93504,['attack'],19.0,0.0,70.0,56.0,85.0,55.0,6849.0,Jönköpings Södra,4-4-1,,,True,True,True,right,0.1358,,,,,,,,,,,,,,,,,,,,,,,,,,,,,,,,989684.0,M. Larsson,LAMF,0.0,True,181.0,2761772007.0,,
2761772007,5678949,1H,30,17,00:30:17.812,1820.812641,2761771755.0,,,,,,duel,"['aerial_duel', 'loss']",30.0,44.0,7055,Eskilsminne,4-2-3-1,6849,Jönköpings Södra,4-4-1,989684,M. Larsson,LAMF,,,,,,,,,,2761772003.0,4.431009,['transition_low'],3.0,2.0,10.0,62.0,30.0,44.0,7055.0,Eskilsminne,4-2-3-1,,,,,,,,,,,,,,,,,,,,,,,,,,,,,,,,,,,,,,,51679.0,J. Drott,LCMF,181.0,False,0.0,2761771754.0,,
2761771755,5678949,1H,30,21,00:30:21.947,1824.947021,2761771757.0,,,,,,pass,"['forward_pass', 'pass_to_final_third', 'short_or_medium_pass']",59.0,83.0,6849,Jönköpings Södra,4-4-1,7055,Eskilsminne,4-2-3-1,73,M. Johansson,RB,True,33.0,,16.0,951150.0,H. Israelsson,RW,72.0,95.0,2761771754.0,40.93504,['attack'],19.0,1.0,70.0,56.0,85.0,55.0,6849.0,Jönköpings Södra,4-4-1,,,True,True,True,right,0.1358,,,,,,,,,,,,,,,,,,,,,,,,,,,,,,,,,,,,,,,,
2761771757,5678949,1H,30,23,00:30:23.521,1826.521287,2761771759.0,,,,,,touch,['carry'],72.0,95.0,6849,Jönköpings Södra,4-4-1,7055,Eskilsminne,4-2-3-1,951150,H. Israelsson,RW,,,,,,,,,,2761771754.0,40.93504,['attack'],19.0,2.0,70.0,56.0,85.0,55.0,6849.0,Jönköpings Södra,4-4-1,,,True,True,True,right,0.1358,,,,,,,,,,,,,,,,,,,5.975,70.0,77.0,,,,,,,,,,,,,,,,,,,
2761771759,5678949,1H,30,30,00:30:30.091,1833.091,2761771761.0,,,,,,pass,"['deep_completion', 'forward_pass', 'pass_to_penalty_area', 'progressive_pass', 'short_or_medium_pass']",70.0,77.0,6849,Jönköpings Södra,4-4-1,7055,Eskilsminne,4-2-3-1,951150,H. Israelsson,RW,True,-12.0,,21.0,73.0,M. Johansson,RB,89.0,70.0,2761771754.0,40.93504,['attack'],19.0,3.0,70.0,56.0,85.0,55.0,6849.0,Jönköpings Södra,4-4-1,,,True,True,True,right,0.1358,,,,,,,,,,,,,,,,,,,,,,,,,,,,,,,,,,,,,,,,
2761771761,5678949,1H,30,31,00:30:31.689,1834.689146,2761772010.0,,,,,,pass,"['lateral_pass', 'loss', 'short_or_medium_pass', 'touch_in_box']",89.0,70.0,6849,Jönköpings Södra,4-4-1,7055,Eskilsminne,4-2-3-1,73,M. Johansson,RB,False,-94.0,,15.0,739449.0,L. Larsen,RCB,88.0,48.0,2761771754.0,40.93504,['attack'],19.0,4.0,70.0,56.0,85.0,55.0,6849.0,Jönköpings Södra,4-4-1,,,True,True,True,right,0.1358,,,,,,,,,,,,,,,,,,,,,,,,,,,,,,,,,,,,,,,,
2761772010,5678949,1H,30,32,00:30:32.580,1835.580078,2761771762.0,,,,,,interception,"['loss', 'pass', 'progressive_pass', 'short_or_medium_pass']",12.0,52.0,7055,Eskilsminne,4-2-3-1,6849,Jönköpings Södra,4-4-1,739449,L. Larsen,RCB,False,53.0,,5.0,615327.0,I. Ellbring,AMF,15.0,57.0,2761771754.0,40.93504,['attack'],19.0,5.0,70.0,56.0,85.0,55.0,6849.0,Jönköpings Södra,4-4-1,,,True,True,True,right,0.1358,,,,,,,,,,,,,,,,,,,,,,,,,,,,,,,,,,,,,,,,
2761771762,5678949,1H,30,32,00:30:32.926,1835.926444,2761772017.0,,,,,,touch,"['loss', 'touch_in_box']",85.0,43.0,6849,Jönköpings Södra,4-4-1,7055,Eskilsminne,4-2-3-1,615327,I. Ellbring,LW,,,,,,,,,,2761771754.0,40.93504,['attack'],19.0,6.0,70.0,56.0,85.0,55.0,6849.0,Jönköpings Södra,4-4-1,,,True,True,True,right,0.1358,,,,,,,,,,,,,,,,,,,,,,,,,,,,,,,,,,,,,,,,
2761772017,5678949,1H,30,35,00:30:35.044,1838.044611,2761771763.0,,,,,,pass,"['forward_pass', 'long_pass', 'loss', 'progressive_pass']",14.0,62.0,7055,Eskilsminne,4-2-3-1,6849,Jönköpings Södra,4-4-1,989683,H. Lindahl,RAMF,False,-34.0,high,36.0,613701.0,H. Lyck,RCB,43.0,33.0,2761771754.0,40.93504,['attack'],19.0,7.0,70.0,56.0,85.0,55.0,6849.0,Jönköpings Södra,4-4-1,,,True,True,True,right,0.1358,,,,,,,,,,,,,,,,,,,,,,,,,,,,,,,,,,,,,,,,
2761771763,5678949,1H,30,37,00:30:37.418,1840.418303,2761771764.0,,,,,,pass,"['forward_pass', 'long_pass', 'pass_to_final_third', 'progressive_pass', 'recovery', 'counterpressing_recovery']",57.0,67.0,6849,Jönköpings Södra,4-4-1,7055,Eskilsminne,4-2-3-1,613701,H. Lyck,RCB,True,18.0,high,19.0,73.0,M. Johansson,RB,74.0,77.0,2761771754.0,40.93504,['attack'],19.0,8.0,70.0,56.0,85.0,55.0,6849.0,Jönköpings Södra,4-4-1,,,True,True,True,right,0.1358,,,,,,,,,,,,,,,,,,,,,,,,,,,,,,,,,,,,,,,,
2761771764,5678949,1H,30,41,00:30:41.375,1844.375379,2761771765.0,,,,,,duel,"['ground_duel', 'offensive_duel']",74.0,77.0,6849,Jönköpings Södra,4-4-1,7055,Eskilsminne,4-2-3-1,73,M. Johansson,RB,,,,,,,,,,2761771754.0,40.93504,['attack'],19.0,9.0,70.0,56.0,85.0,55.0,6849.0,Jönköpings Södra,4-4-1,,,True,True,True,right,0.1358,517376.0,H. Norrby,LDMF,offensive_duel,True,False,,,False,,2761772018.0,,,,,,,,,,,,,,,,,,,,,,,,,,,,,
2761772018,5678949,1H,30,41,00:30:41.375,1844.375379,2761771765.0,,,,,,duel,"['defensive_duel', 'ground_duel']",26.0,23.0,7055,Eskilsminne,4-2-3-1,6849,Jönköpings Södra,4-4-1,517376,H. Norrby,LDMF,,,,,,,,,,2761771754.0,40.93504,['attack'],19.0,10.0,70.0,56.0,85.0,55.0,6849.0,Jönköpings Södra,4-4-1,,,True,True,True,right,0.1358,73.0,M. Johansson,RB,defensive_duel,,,True,False,False,,2761771764.0,,,,,,,,,,,,,,,,,,,,,,,,,,,,,
2761771765,5678949,1H,30,42,00:30:42.936,1845.936032,2761771767.0,,,,,,pass,['short_or_medium_pass'],74.0,82.0,6849,Jönköpings Södra,4-4-1,7055,Eskilsminne,4-2-3-1,73,M. Johansson,RB,True,63.0,,7.0,951150.0,H. Israelsson,RW,77.0,91.0,2761771754.0,40.93504,['attack'],19.0,11.0,70.0,56.0,85.0,55.0,6849.0,Jönköpings Södra,4-4-1,,,True,True,True,right,0.1358,,,,,,,,,,,,,,,,,,,,,,,,,,,,,,,,,,,,,,,,
2761771767,5678949,1H,30,46,00:30:46.613,1849.613284,2761771768.0,,,,,,pass,"['back_pass', 'short_or_medium_pass']",77.0,91.0,6849,Jönköpings Södra,4-4-1,7055,Eskilsminne,4-2-3-1,951150,H. Israelsson,RW,True,-144.0,,13.0,258063.0,S. Crona,RCMF,67.0,79.0,2761771754.0,40.93504,['attack'],19.0,12.0,70.0,56.0,85.0,55.0,6849.0,Jönköpings Södra,4-4-1,,,True,True,True,right,0.1358,,,,,,,,,,,,,,,,,,,,,,,,,,,,,,,,,,,,,,,,
2761771768,5678949,1H,30,50,00:30:50.064,1853.064319,2761771769.0,,,,,,pass,"['forward_pass', 'short_or_medium_pass']",67.0,79.0,6849,Jönköpings Södra,4-4-1,7055,Eskilsminne,4-2-3-1,258063,S. Crona,RCMF,True,27.0,,22.0,951150.0,H. Israelsson,RW,86.0,94.0,2761771754.0,40.93504,['attack'],19.0,13.0,70.0,56.0,85.0,55.0,6849.0,Jönköpings Södra,4-4-1,,,True,True,True,right,0.1358,,,,,,,,,,,,,,,,,,,,,,,,,,,,,,,,,,,,,,,,
2761771769,5678949,1H,30,52,00:30:52.527,1855.527868,2761771770.0,,,,,,pass,"['cross', 'deep_completed_cross', 'lateral_pass', 'pass_to_penalty_area', 'progressive_pass']",86.0,94.0,6849,Jönköpings Södra,4-4-1,7055,Eskilsminne,4-2-3-1,951150,H. Israelsson,RW,True,-79.0,high,43.0,692804.0,O. Almström,LB,93.0,31.0,2761771754.0,40.93504,['attack'],19.0,14.0,70.0,56.0,85.0,55.0,6849.0,Jönköpings Södra,4-4-1,,,True,True,True,right,0.1358,,,,,,,,,,,,,,,,,,,,,,,,,,,,,,,,,,,,,,,,
2761771770,5678949,1H,30,55,00:30:55.114,1858.114721,2761771771.0,,,,,,pass,"['back_pass', 'deep_completion', 'head_pass', 'short_or_medium_pass', 'touch_in_box']",93.0,31.0,6849,Jönköpings Södra,4-4-1,7055,Eskilsminne,4-2-3-1,692804,O. Almström,LB,True,144.0,high,8.0,51679.0,J. Drott,LCMF,87.0,38.0,2761771754.0,40.93504,['attack'],19.0,15.0,70.0,56.0,85.0,55.0,6849.0,Jönköpings Södra,4-4-1,,,True,True,True,right,0.1358,,,,,,,,,,,,,,,,,,,,,,,,,,,,,,,,,,,,,,,,
2761771771,5678949,1H,30,57,00:30:57.036,1860.036879,2761772023.0,,,,,,pass,"['forward_pass', 'loss', 'short_or_medium_pass', 'touch_in_box']",87.0,38.0,6849,Jönköpings Södra,4-4-1,7055,Eskilsminne,4-2-3-1,51679,J. Drott,LCMF,False,27.0,,3.0,813232.0,J. Albin,RB,89.0,40.0,2761771754.0,40.93504,['attack'],19.0,16.0,70.0,56.0,85.0,55.0,6849.0,Jönköpings Södra,4-4-1,,,True,True,True,right,0.1358,,,,,,,,,,,,,,,,,,,,,,,,,,,,,,,,,,,,,,,,
2761772023,5678949,1H,30,57,00:30:57.513,1860.513305,2761771772.0,,,,,,interception,"['loss', 'recovery']",11.0,60.0,7055,Eskilsminne,4-2-3-1,6849,Jönköpings Södra,4-4-1,813232,J. Albin,RB,,,,,,,,,,2761771754.0,40.93504,['attack'],19.0,17.0,70.0,56.0,85.0,55.0,6849.0,Jönköpings Södra,4-4-1,,,True,True,True,right,0.1358,,,,,,,,,,,,,,,,,,,,,,,,,,,,,,,,,,,,,,,,
2761771772,5678949,1H,30,59,00:30:59.982,1862.982057,,,,,,,shot,"['goal', 'opportunity', 'touch_in_box']",85.0,55.0,6849,Jönköpings Södra,4-4-1,7055,Eskilsminne,4-2-3-1,1060409,L. Lyck,CF,,,,,,,,,,2761771754.0,40.93504,['attack'],19.0,18.0,70.0,56.0,85.0,55.0,6849.0,Jönköpings Södra,4-4-1,,,True,True,True,right,0.1358,,,,,,,,,,,,,,,,,,,,,,left_foot,True,True,gtr,0.1358,0.7065,2761772026.0,693887.0,H. Pauli,,,,,,,,,,
2761772026,5678949,1H,31,1,00:31:01.655,1864.655161,2761771771.0,,,,,,shot_against,['conceded_goal'],1.0,48.0,7055,Eskilsminne,4-2-3-1,6849,Jönköpings Södra,4-4-1,693887,H. Pauli,GK,,,,,,,,,,,,,,,,,,,,,,,,,,,,,,,,,,,,,,,,,,,,,,,,,,,,,,,,,,,,,,,,,,,,
2761772027,5678949,1H,31,32,00:31:32.213,1895.213868,2761772028.0,,,,,,pass,"['back_pass', 'short_or_medium_pass']",49.0,50.0,7055,Eskilsminne,4-2-3-1,6849,Jönköpings Södra,4-4-1,0,,,True,166.0,,17.0,493674.0,C. Seger,RDMF,33.0,56.0,2761772027.0,43.985744,['attack'],16.0,0.0,49.0,50.0,86.0,43.0,7055.0,Eskilsminne,4-2-3-1,,,False,False,False,left,0.0,,,,,,,,,,,,,,,,,,,,,,,,,,,,,,,,,,,,,,,,
2761772028,5678949,1H,31,33,00:31:33.519,1896.519078,2761772031.0,,,,,,pass,"['lateral_pass', 'short_or_medium_pass']",33.0,56.0,7055,Eskilsminne,4-2-3-1,6849,Jönköpings Södra,4-4-1,493674,C. Seger,RDMF,True,92.0,,23.0,813232.0,J. Albin,RB,32.0,90.0,2761772027.0,43.985744,['attack'],16.0,1.0,49.0,50.0,86.0,43.0,7055.0,Eskilsminne,4-2-3-1,,,False,False,False,left,0.0,,,,,,,,,,,,,,,,,,,,,,,,,,,,,,,,,,,,,,,,
2761772031,5678949,1H,31,37,00:31:37.834,1900.834876,2761772033.0,,,,,,pass,"['lateral_pass', 'short_or_medium_pass']",32.0,90.0,7055,Eskilsminne,4-2-3-1,6849,Jönköpings Södra,4-4-1,813232,J. Albin,RB,True,-101.0,,37.0,566323.0,F. Velander,LCB,26.0,37.0,2761772027.0,43.985744,['attack'],16.0,2.0,49.0,50.0,86.0,43.0,7055.0,Eskilsminne,4-2-3-1,,,False,False,False,left,0.0,,,,,,,,,,,,,,,,,,,,,,,,,,,,,,,,,,,,,,,,
2761772033,5678949,1H,31,44,00:31:44.673,1907.673382,2761772035.0,,,,,,pass,"['forward_pass', 'short_or_medium_pass']",26.0,37.0,7055,Eskilsminne,4-2-3-1,6849,Jönköpings Södra,4-4-1,566323,F. Velander,LCB,True,6.0,,19.0,517376.0,H. Norrby,LDMF,44.0,40.0,2761772027.0,43.985744,['attack'],16.0,3.0,49.0,50.0,86.0,43.0,7055.0,Eskilsminne,4-2-3-1,,,False,False,False,left,0.0,,,,,,,,,,,,,,,,,,,,,,,,,,,,,,,,,,,,,,,,
2761772035,5678949,1H,31,46,00:31:46.297,1909.297808,2761772036.0,,,,,,pass,"['back_pass', 'short_or_medium_pass']",44.0,40.0,7055,Eskilsminne,4-2-3-1,6849,Jönköpings Södra,4-4-1,517376,H. Norrby,LDMF,True,180.0,,11.0,566323.0,F. Velander,LCB,34.0,39.0,2761772027.0,43.985744,['attack'],16.0,4.0,49.0,50.0,86.0,43.0,7055.0,Eskilsminne,4-2-3-1,,,False,False,False,left,0.0,,,,,,,,,,,,,,,,,,,,,,,,,,,,,,,,,,,,,,,,
2761772036,5678949,1H,31,48,00:31:48.765,1911.765383,2761772039.0,,,,,,pass,"['lateral_pass', 'short_or_medium_pass']",34.0,39.0,7055,Eskilsminne,4-2-3-1,6849,Jönköpings Södra,4-4-1,566323,F. Velander,LCB,True,72.0,,27.0,493674.0,C. Seger,RDMF,42.0,77.0,2761772027.0,43.985744,['attack'],16.0,5.0,49.0,50.0,86.0,43.0,7055.0,Eskilsminne,4-2-3-1,,,False,False,False,left,0.0,,,,,,,,,,,,,,,,,,,,,,,,,,,,,,,,,,,,,,,,
2761772039,5678949,1H,31,50,00:31:50.757,1913.757792,2761772040.0,,,,,,touch,['carry'],42.0,77.0,7055,Eskilsminne,4-2-3-1,6849,Jönköpings Södra,4-4-1,493674,C. Seger,RDMF,,,,,,,,,,2761772027.0,43.985744,['attack'],16.0,6.0,49.0,50.0,86.0,43.0,7055.0,Eskilsminne,4-2-3-1,,,False,False,False,left,0.0,,,,,,,,,,,,,,,,,,,13.39,55.0,75.0,,,,,,,,,,,,,,,,,,,
2761772040,5678949,1H,31,54,00:31:54.076,1917.076351,2761772042.0,,,,,,pass,"['forward_pass', 'pass_to_final_third', 'short_or_medium_pass']",55.0,75.0,7055,Eskilsminne,4-2-3-1,6849,Jönköpings Södra,4-4-1,493674,C. Seger,RDMF,True,43.0,,17.0,813232.0,J. Albin,RB,67.0,91.0,2761772027.0,43.985744,['attack'],16.0,7.0,49.0,50.0,86.0,43.0,7055.0,Eskilsminne,4-2-3-1,,,False,False,False,left,0.0,,,,,,,,,,,,,,,,,,,,,,,,,,,,,,,,,,,,,,,,
2761772042,5678949,1H,31,56,00:31:56.869,1919.869454,2761772044.0,,,,,,pass,"['back_pass', 'short_or_medium_pass']",67.0,91.0,7055,Eskilsminne,4-2-3-1,6849,Jönköpings Södra,4-4-1,813232,J. Albin,RB,True,-135.0,,29.0,739449.0,L. Larsen,RCB,47.0,61.0,2761772027.0,43.985744,['attack'],16.0,8.0,49.0,50.0,86.0,43.0,7055.0,Eskilsminne,4-2-3-1,,,False,False,False,left,0.0,,,,,,,,,,,,,,,,,,,,,,,,,,,,,,,,,,,,,,,,
2761772044,5678949,1H,32,0,00:32:00.340,1923.340592,2761772046.0,,,,,,pass,"['lateral_pass', 'short_or_medium_pass']",47.0,61.0,7055,Eskilsminne,4-2-3-1,6849,Jönköpings Södra,4-4-1,739449,L. Larsen,RCB,True,-59.0,,18.0,51079.0,L. Ohlander,LB,55.0,38.0,2761772027.0,43.985744,['attack'],16.0,9.0,49.0,50.0,86.0,43.0,7055.0,Eskilsminne,4-2-3-1,,,False,False,False,left,0.0,,,,,,,,,,,,,,,,,,,,,,,,,,,,,,,,,,,,,,,,
2761772046,5678949,1H,32,2,00:32:02.556,1925.556124,2761772048.0,,,,,,pass,"['lateral_pass', 'pass_to_final_third', 'short_or_medium_pass']",55.0,38.0,7055,Eskilsminne,4-2-3-1,6849,Jönköpings Södra,4-4-1,51079,L. Ohlander,LB,True,-50.0,,24.0,989684.0,M. Larsson,LAMF,70.0,11.0,2761772027.0,43.985744,['attack'],16.0,10.0,49.0,50.0,86.0,43.0,7055.0,Eskilsminne,4-2-3-1,,,False,False,False,left,0.0,,,,,,,,,,,,,,,,,,,,,,,,,,,,,,,,,,,,,,,,
2761772048,5678949,1H,32,5,00:32:05.737,1928.737625,2761772050.0,,,,,,pass,"['back_pass', 'short_or_medium_pass']",70.0,11.0,7055,Eskilsminne,4-2-3-1,6849,Jönköpings Södra,4-4-1,989684,M. Larsson,LAMF,True,149.0,,11.0,51079.0,L. Ohlander,LB,61.0,19.0,2761772027.0,43.985744,['attack'],16.0,11.0,49.0,50.0,86.0,43.0,7055.0,Eskilsminne,4-2-3-1,,,False,False,False,left,0.0,,,,,,,,,,,,,,,,,,,,,,,,,,,,,,,,,,,,,,,,
2761772050,5678949,1H,32,8,00:32:08.927,1931.927511,2761772052.0,,,,,,pass,"['forward_pass', 'pass_to_final_third', 'progressive_pass', 'short_or_medium_pass']",61.0,19.0,7055,Eskilsminne,4-2-3-1,6849,Jönköpings Södra,4-4-1,51079,L. Ohlander,LB,True,-18.0,,19.0,989684.0,M. Larsson,LAMF,78.0,11.0,2761772027.0,43.985744,['attack'],16.0,12.0,49.0,50.0,86.0,43.0,7055.0,Eskilsminne,4-2-3-1,,,False,False,False,left,0.0,,,,,,,,,,,,,,,,,,,,,,,,,,,,,,,,,,,,,,,,
2761772052,5678949,1H,32,12,00:32:12.596,1935.596816,2761772054.0,,,,,,pass,"['back_pass', 'short_or_medium_pass']",78.0,11.0,7055,Eskilsminne,4-2-3-1,6849,Jönköpings Södra,4-4-1,989684,M. Larsson,LAMF,True,135.0,,10.0,51079.0,L. Ohlander,LB,71.0,20.0,2761772027.0,43.985744,['attack'],16.0,13.0,49.0,50.0,86.0,43.0,7055.0,Eskilsminne,4-2-3-1,,,False,False,False,left,0.0,,,,,,,,,,,,,,,,,,,,,,,,,,,,,,,,,,,,,,,,
2761772054,5678949,1H,32,15,00:32:15.735,1938.735196,2761771776.0,,,,,,pass,"['cross', 'lateral_pass', 'long_pass', 'loss', 'pass_to_penalty_area']",71.0,20.0,7055,Eskilsminne,4-2-3-1,6849,Jönköpings Södra,4-4-1,51079,L. Ohlander,LB,False,50.0,high,47.0,0.0,,,100.0,73.0,2761772027.0,43.985744,['attack'],16.0,14.0,49.0,50.0,86.0,43.0,7055.0,Eskilsminne,4-2-3-1,,,False,False,False,left,0.0,,,,,,,,,,,,,,,,,,,,,,,,,,,,,,,,,,,,,,,,
2761771775,5678949,1H,32,16,00:32:16.664,1939.664028,2761771776.0,,,,,,interception,[],14.0,57.0,6849,Jönköpings Södra,4-4-1,7055,Eskilsminne,4-2-3-1,613701,H. Lyck,RCB,,,,,,,,,,2761772027.0,43.985744,['attack'],16.0,15.0,49.0,50.0,86.0,43.0,7055.0,Eskilsminne,4-2-3-1,,,False,False,False,left,0.0,,,,,,,,,,,,,,,,,,,,,,,,,,,,,,,,,,,,,,,,
2761771776,5678949,1H,32,19,00:32:19.876,1942.876284,,,,,,,game_interruption,['ball_out'],0.0,27.0,6849,Jönköpings Södra,4-4-1,7055,Eskilsminne,4-2-3-1,0,,,,,,,,,,,,,,,,,,,,,,,,,,,,,,,,,,,,,,,,,,,,,,,,,,,,,,,,,,,,,,,,,,,,,,
2761772059,5678949,1H,33,13,00:33:13.729,1996.729008,2761772062.0,,,,,,corner,['shot_assist'],100.0,100.0,7055,Eskilsminne,4-2-3-1,6849,Jönköpings Södra,4-4-1,566323,F. Velander,LCB,True,-102.0,high,30.0,338669.0,C. Ljungberg,AMF,94.0,57.0,2761772059.0,0.7966185,"['corner', 'set_piece_attack', 'attack']",2.0,0.0,100.0,100.0,94.0,57.0,7055.0,Eskilsminne,4-2-3-1,,,True,False,False,right,0.1552,,,,,,,,,,,,,,,,,,,,,,,,,,,,,,,,,,,,,,,,
2761772062,5678949,1H,33,15,00:33:15.322,1998.322245,,,,,,,shot,"['head_shot', 'opportunity', 'shot_after_corner', 'touch_in_box']",94.0,57.0,7055,Eskilsminne,4-2-3-1,6849,Jönköpings Södra,4-4-1,338669,C. Ljungberg,AMF,,,,,,,,,,2761772059.0,0.7966185,"['corner', 'set_piece_attack', 'attack']",2.0,1.0,100.0,100.0,94.0,57.0,7055.0,Eskilsminne,4-2-3-1,,,True,False,False,right,0.1552,,,,,,,,,,,,,,,,,,,,,,head_or_other,False,False,otr,0.1552,,,,,,,,,,,,,,
2761771778,5678949,1H,33,17,00:33:17.432,2000.432941,,,,,,,game_interruption,['ball_out'],0.0,42.0,6849,Jönköpings Södra,4-4-1,7055,Eskilsminne,4-2-3-1,0,,,,,,,,,,,,,,,,,,,,,,,,,,,,,,,,,,,,,,,,,,,,,,,,,,,,,,,,,,,,,,,,,,,,,,
2761771780,5678949,1H,33,32,00:33:32.427,2015.427433,2761771782.0,,,,,,goal_kick,[],0.0,50.0,6849,Jönköpings Södra,4-4-1,7055,Eskilsminne,4-2-3-1,0,,,True,-51.0,,29.0,258063.0,S. Crona,RCMF,22.0,17.0,2761771780.0,7.352078,"['set_piece_attack', 'free_kick']",3.0,0.0,0.0,50.0,47.0,93.0,6849.0,Jönköpings Södra,4-4-1,,,,,,,,,,,,,,,,,,,,,,,,,,,,,,,,,,,,,,,,,,,,,,,
2761771782,5678949,1H,33,34,00:33:34.094,2017.09438,2761771784.0,,,,,,pass,"['lateral_pass', 'short_or_medium_pass']",22.0,17.0,6849,Jönköpings Södra,4-4-1,7055,Eskilsminne,4-2-3-1,258063,S. Crona,RCMF,True,121.0,,22.0,899727.0,A. Eriksson,GK,11.0,44.0,2761771780.0,7.352078,"['set_piece_attack', 'free_kick']",3.0,1.0,0.0,50.0,47.0,93.0,6849.0,Jönköpings Södra,4-4-1,,,,,,,,,,,,,,,,,,,,,,,,,,,,,,,,,,,,,,,,,,,,,,,
2761771784,5678949,1H,33,37,00:33:37.543,2020.543628,2761772065.0,,,,,,pass,"['forward_pass', 'long_pass', 'loss', 'progressive_pass']",11.0,44.0,6849,Jönköpings Södra,4-4-1,7055,Eskilsminne,4-2-3-1,899727,A. Eriksson,GK,False,42.0,high,50.0,51079.0,L. Ohlander,LB,47.0,93.0,2761771780.0,7.352078,"['set_piece_attack', 'free_kick']",3.0,2.0,0.0,50.0,47.0,93.0,6849.0,Jönköpings Södra,4-4-1,,,,,,,,,,,,,,,,,,,,,,,,,,,,,,,,,,,,,,,,,,,,,,,
2761772065,5678949,1H,33,42,00:33:42.015,2025.015394,2761772067.0,,,,,,pass,"['back_pass', 'recovery', 'short_or_medium_pass']",53.0,7.0,7055,Eskilsminne,4-2-3-1,6849,Jönköpings Södra,4-4-1,51079,L. Ohlander,LB,True,152.0,,19.0,566323.0,F. Velander,LCB,37.0,21.0,2761772065.0,65.895527,['attack'],25.0,0.0,53.0,7.0,41.0,0.0,7055.0,Eskilsminne,4-2-3-1,,,False,False,False,right,0.0,,,,,,,,,,,,,,,,,,,,,,,,,,,,,,,,,,,,,,,,
2761772067,5678949,1H,33,45,00:33:45.877,2028.87706,2761772069.0,,,,,,pass,"['lateral_pass', 'short_or_medium_pass']",37.0,21.0,7055,Eskilsminne,4-2-3-1,6849,Jönköpings Södra,4-4-1,566323,F. Velander,LCB,True,-51.0,,13.0,51079.0,L. Ohlander,LB,45.0,6.0,2761772065.0,65.895527,['attack'],25.0,1.0,53.0,7.0,41.0,0.0,7055.0,Eskilsminne,4-2-3-1,,,False,False,False,right,0.0,,,,,,,,,,,,,,,,,,,,,,,,,,,,,,,,,,,,,,,,
2761772069,5678949,1H,33,47,00:33:47.734,2030.734052,2761772070.0,,,,,,pass,"['lateral_pass', 'short_or_medium_pass']",45.0,6.0,7055,Eskilsminne,4-2-3-1,6849,Jönköpings Södra,4-4-1,51079,L. Ohlander,LB,True,67.0,,20.0,517376.0,H. Norrby,LDMF,52.0,34.0,2761772065.0,65.895527,['attack'],25.0,2.0,53.0,7.0,41.0,0.0,7055.0,Eskilsminne,4-2-3-1,,,False,False,False,right,0.0,,,,,,,,,,,,,,,,,,,,,,,,,,,,,,,,,,,,,,,,
2761772070,5678949,1H,33,50,00:33:50.477,2033.477989,2761772072.0,,,,,,pass,"['lateral_pass', 'short_or_medium_pass']",52.0,34.0,7055,Eskilsminne,4-2-3-1,6849,Jönköpings Södra,4-4-1,517376,H. Norrby,LDMF,True,106.0,,18.0,493674.0,C. Seger,RDMF,48.0,60.0,2761772065.0,65.895527,['attack'],25.0,3.0,53.0,7.0,41.0,0.0,7055.0,Eskilsminne,4-2-3-1,,,False,False,False,right,0.0,,,,,,,,,,,,,,,,,,,,,,,,,,,,,,,,,,,,,,,,
2761772072,5678949,1H,33,51,00:33:51.920,2034.920332,2761772073.0,,,,,,touch,['carry'],48.0,60.0,7055,Eskilsminne,4-2-3-1,6849,Jönköpings Södra,4-4-1,493674,C. Seger,RDMF,,,,,,,,,,2761772065.0,65.895527,['attack'],25.0,4.0,53.0,7.0,41.0,0.0,7055.0,Eskilsminne,4-2-3-1,,,False,False,False,right,0.0,,,,,,,,,,,,,,,,,,,3.461,52.0,66.0,,,,,,,,,,,,,,,,,,,
2761772073,5678949,1H,33,53,00:33:53.033,2036.033045,2761772074.0,,,,,,pass,"['forward_pass', 'short_or_medium_pass']",52.0,66.0,7055,Eskilsminne,4-2-3-1,6849,Jönköpings Södra,4-4-1,493674,C. Seger,RDMF,True,45.0,,19.0,813232.0,J. Albin,RB,65.0,86.0,2761772065.0,65.895527,['attack'],25.0,5.0,53.0,7.0,41.0,0.0,7055.0,Eskilsminne,4-2-3-1,,,False,False,False,right,0.0,,,,,,,,,,,,,,,,,,,,,,,,,,,,,,,,,,,,,,,,
2761772074,5678949,1H,33,56,00:33:56.261,2039.261096,2761772075.0,,,,,,pass,"['lateral_pass', 'short_or_medium_pass']",65.0,86.0,7055,Eskilsminne,4-2-3-1,6849,Jönköpings Södra,4-4-1,813232,J. Albin,RB,True,-125.0,,13.0,493674.0,C. Seger,RDMF,58.0,71.0,2761772065.0,65.895527,['attack'],25.0,6.0,53.0,7.0,41.0,0.0,7055.0,Eskilsminne,4-2-3-1,,,False,False,False,right,0.0,,,,,,,,,,,,,,,,,,,,,,,,,,,,,,,,,,,,,,,,
2761772075,5678949,1H,33,59,00:33:59.714,2042.714566,2761772077.0,,,,,,pass,"['forward_pass', 'short_or_medium_pass']",58.0,71.0,7055,Eskilsminne,4-2-3-1,6849,Jönköpings Södra,4-4-1,493674,C. Seger,RDMF,True,-27.0,,9.0,517376.0,H. Norrby,LDMF,66.0,65.0,2761772065.0,65.895527,['attack'],25.0,7.0,53.0,7.0,41.0,0.0,7055.0,Eskilsminne,4-2-3-1,,,False,False,False,right,0.0,,,,,,,,,,,,,,,,,,,,,,,,,,,,,,,,,,,,,,,,
2761772077,5678949,1H,34,0,00:34:00.483,2043.48314,2761772079.0,,,,,,pass,"['back_pass', 'short_or_medium_pass']",66.0,65.0,7055,Eskilsminne,4-2-3-1,6849,Jönköpings Södra,4-4-1,517376,H. Norrby,LDMF,True,141.0,,15.0,493674.0,C. Seger,RDMF,55.0,78.0,2761772065.0,65.895527,['attack'],25.0,8.0,53.0,7.0,41.0,0.0,7055.0,Eskilsminne,4-2-3-1,,,False,False,False,right,0.0,,,,,,,,,,,,,,,,,,,,,,,,,,,,,,,,,,,,,,,,
2761772079,5678949,1H,34,4,00:34:04.263,2047.263874,2761772080.0,,,,,,pass,"['forward_pass', 'pass_to_final_third', 'progressive_pass', 'short_or_medium_pass']",55.0,78.0,7055,Eskilsminne,4-2-3-1,6849,Jönköpings Södra,4-4-1,493674,C. Seger,RDMF,True,21.0,,19.0,813232.0,J. Albin,RB,72.0,88.0,2761772065.0,65.895527,['attack'],25.0,9.0,53.0,7.0,41.0,0.0,7055.0,Eskilsminne,4-2-3-1,,,False,False,False,right,0.0,,,,,,,,,,,,,,,,,,,,,,,,,,,,,,,,,,,,,,,,
2761772080,5678949,1H,34,6,00:34:06.663,2049.663192,2761772082.0,,,,,,pass,"['lateral_pass', 'short_or_medium_pass']",72.0,88.0,7055,Eskilsminne,4-2-3-1,6849,Jönköpings Södra,4-4-1,813232,J. Albin,RB,True,-133.0,,17.0,493674.0,C. Seger,RDMF,61.0,69.0,2761772065.0,65.895527,['attack'],25.0,10.0,53.0,7.0,41.0,0.0,7055.0,Eskilsminne,4-2-3-1,,,False,False,False,right,0.0,,,,,,,,,,,,,,,,,,,,,,,,,,,,,,,,,,,,,,,,
2761772082,5678949,1H,34,10,00:34:10.726,2053.726372,2761772084.0,,,,,,pass,"['back_pass', 'short_or_medium_pass']",61.0,69.0,7055,Eskilsminne,4-2-3-1,6849,Jönköpings Södra,4-4-1,493674,C. Seger,RDMF,True,-137.0,,23.0,566323.0,F. Velander,LCB,45.0,45.0,2761772065.0,65.895527,['attack'],25.0,11.0,53.0,7.0,41.0,0.0,7055.0,Eskilsminne,4-2-3-1,,,False,False,False,right,0.0,,,,,,,,,,,,,,,,,,,,,,,,,,,,,,,,,,,,,,,,
2761772084,5678949,1H,34,12,00:34:12.872,2055.87267,2761772085.0,,,,,,pass,"['lateral_pass', 'short_or_medium_pass']",45.0,45.0,7055,Eskilsminne,4-2-3-1,6849,Jönköpings Södra,4-4-1,566323,F. Velander,LCB,True,96.0,,18.0,739449.0,L. Larsen,RCB,43.0,72.0,2761772065.0,65.895527,['attack'],25.0,12.0,53.0,7.0,41.0,0.0,7055.0,Eskilsminne,4-2-3-1,,,False,False,False,right,0.0,,,,,,,,,,,,,,,,,,,,,,,,,,,,,,,,,,,,,,,,
2761772085,5678949,1H,34,16,00:34:16.224,2059.224354,2761772086.0,,,,,,pass,"['forward_pass', 'short_or_medium_pass']",43.0,72.0,7055,Eskilsminne,4-2-3-1,6849,Jönköpings Södra,4-4-1,739449,L. Larsen,RCB,True,-24.0,,12.0,493674.0,C. Seger,RDMF,53.0,64.0,2761772065.0,65.895527,['attack'],25.0,13.0,53.0,7.0,41.0,0.0,7055.0,Eskilsminne,4-2-3-1,,,False,False,False,right,0.0,,,,,,,,,,,,,,,,,,,,,,,,,,,,,,,,,,,,,,,,
2761772086,5678949,1H,34,18,00:34:18.583,2061.583672,2761772087.0,,,,,,pass,['short_or_medium_pass'],53.0,64.0,7055,Eskilsminne,4-2-3-1,6849,Jönköpings Södra,4-4-1,493674,C. Seger,RDMF,True,79.0,,10.0,517376.0,H. Norrby,LDMF,55.0,79.0,2761772065.0,65.895527,['attack'],25.0,14.0,53.0,7.0,41.0,0.0,7055.0,Eskilsminne,4-2-3-1,,,False,False,False,right,0.0,,,,,,,,,,,,,,,,,,,,,,,,,,,,,,,,,,,,,,,,
2761772087,5678949,1H,34,21,00:34:21.182,2064.182284,2761772089.0,,,,,,pass,"['back_pass', 'short_or_medium_pass']",55.0,79.0,7055,Eskilsminne,4-2-3-1,6849,Jönköpings Södra,4-4-1,517376,H. Norrby,LDMF,True,174.0,,20.0,739449.0,L. Larsen,RCB,36.0,82.0,2761772065.0,65.895527,['attack'],25.0,15.0,53.0,7.0,41.0,0.0,7055.0,Eskilsminne,4-2-3-1,,,False,False,False,right,0.0,,,,,,,,,,,,,,,,,,,,,,,,,,,,,,,,,,,,,,,,
2761772089,5678949,1H,34,26,00:34:26.129,2069.129098,2761772090.0,,,,,,pass,"['forward_pass', 'short_or_medium_pass']",36.0,82.0,7055,Eskilsminne,4-2-3-1,6849,Jönköpings Södra,4-4-1,739449,L. Larsen,RCB,True,25.0,,15.0,813232.0,J. Albin,RB,49.0,91.0,2761772065.0,65.895527,['attack'],25.0,16.0,53.0,7.0,41.0,0.0,7055.0,Eskilsminne,4-2-3-1,,,False,False,False,right,0.0,,,,,,,,,,,,,,,,,,,,,,,,,,,,,,,,,,,,,,,,
2761772090,5678949,1H,34,30,00:34:30.139,2073.139262,2761772092.0,,,,,,pass,"['back_pass', 'short_or_medium_pass']",49.0,91.0,7055,Eskilsminne,4-2-3-1,6849,Jönköpings Södra,4-4-1,813232,J. Albin,RB,True,-161.0,,24.0,739449.0,L. Larsen,RCB,27.0,80.0,2761772065.0,65.895527,['attack'],25.0,17.0,53.0,7.0,41.0,0.0,7055.0,Eskilsminne,4-2-3-1,,,False,False,False,right,0.0,,,,,,,,,,,,,,,,,,,,,,,,,,,,,,,,,,,,,,,,
2761772092,5678949,1H,34,33,00:34:33.577,2076.577775,2761772094.0,,,,,,pass,"['back_pass', 'short_or_medium_pass']",27.0,80.0,7055,Eskilsminne,4-2-3-1,6849,Jönköpings Södra,4-4-1,739449,L. Larsen,RCB,True,-157.0,,14.0,693887.0,H. Pauli,GK,15.0,72.0,2761772065.0,65.895527,['attack'],25.0,18.0,53.0,7.0,41.0,0.0,7055.0,Eskilsminne,4-2-3-1,,,False,False,False,right,0.0,,,,,,,,,,,,,,,,,,,,,,,,,,,,,,,,,,,,,,,,
2761772094,5678949,1H,34,37,00:34:37.051,2080.051664,2761772096.0,,,,,,pass,"['forward_pass', 'long_pass', 'progressive_pass']",15.0,72.0,7055,Eskilsminne,4-2-3-1,6849,Jönköpings Södra,4-4-1,693887,H. Pauli,GK,True,6.0,high,44.0,807610.0,T. Bermudez,CF,57.0,79.0,2761772065.0,65.895527,['attack'],25.0,19.0,53.0,7.0,41.0,0.0,7055.0,Eskilsminne,4-2-3-1,,,False,False,False,right,0.0,,,,,,,,,,,,,,,,,,,,,,,,,,,,,,,,,,,,,,,,
2761772096,5678949,1H,34,39,00:34:39.769,2082.769334,2761771791.0,,,,,,touch,['loss'],57.0,79.0,7055,Eskilsminne,4-2-3-1,6849,Jönköpings Södra,4-4-1,807610,T. Bermudez,CF,,,,,,,,,,2761772065.0,65.895527,['attack'],25.0,20.0,53.0,7.0,41.0,0.0,7055.0,Eskilsminne,4-2-3-1,,,False,False,False,right,0.0,,,,,,,,,,,,,,,,,,,,,,,,,,,,,,,,,,,,,,,,
2761771791,5678949,1H,34,39,00:34:39.912,2082.912375,2761771792.0,,,,,,pass,"['forward_pass', 'head_pass', 'progressive_pass', 'recovery', 'short_or_medium_pass']",40.0,22.0,6849,Jönköpings Södra,4-4-1,7055,Eskilsminne,4-2-3-1,558236,L. Eek,LCB,True,21.0,high,19.0,258063.0,S. Crona,RCMF,57.0,32.0,2761772065.0,65.895527,['attack'],25.0,21.0,53.0,7.0,41.0,0.0,7055.0,Eskilsminne,4-2-3-1,,,False,False,False,right,0.0,,,,,,,,,,,,,,,,,,,,,,,,,,,,,,,,,,,,,,,,
2761771792,5678949,1H,34,41,00:34:41.018,2084.018521,2761772098.0,,,,,,touch,['loss'],57.0,32.0,6849,Jönköpings Södra,4-4-1,7055,Eskilsminne,4-2-3-1,258063,S. Crona,RCMF,,,,,,,,,,2761772065.0,65.895527,['attack'],25.0,22.0,53.0,7.0,41.0,0.0,7055.0,Eskilsminne,4-2-3-1,,,False,False,False,right,0.0,,,,,,,,,,,,,,,,,,,,,,,,,,,,,,,,,,,,,,,,
2761772098,5678949,1H,34,45,00:34:45.330,2088.3309,2761771793.0,,,,,,pass,"['lateral_pass', 'short_or_medium_pass']",41.0,65.0,7055,Eskilsminne,4-2-3-1,6849,Jönköpings Södra,4-4-1,493674,C. Seger,RDMF,False,-90.0,,44.0,0.0,,,41.0,0.0,2761772065.0,65.895527,['attack'],25.0,23.0,53.0,7.0,41.0,0.0,7055.0,Eskilsminne,4-2-3-1,,,False,False,False,right,0.0,,,,,,,,,,,,,,,,,,,,,,,,,,,,,,,,,,,,,,,,
2761771793,5678949,1H,34,50,00:34:50.490,2093.490942,,,,,,,game_interruption,['ball_out'],59.0,100.0,6849,Jönköpings Södra,4-4-1,7055,Eskilsminne,4-2-3-1,0,,,,,,,,,,,,2761772065.0,65.895527,['attack'],25.0,24.0,53.0,7.0,41.0,0.0,7055.0,Eskilsminne,4-2-3-1,,,False,False,False,right,0.0,,,,,,,,,,,,,,,,,,,,,,,,,,,,,,,,,,,,,,,,
2761771794,5678949,1H,34,53,00:34:53.223,2096.223832,2761771796.0,,,,,,throw_in,[],54.0,100.0,6849,Jönköpings Södra,4-4-1,7055,Eskilsminne,4-2-3-1,73,M. Johansson,RB,True,-146.0,,21.0,613701.0,H. Lyck,RCB,37.0,83.0,2761771794.0,30.525261,"['attack', 'throw_in']",19.0,0.0,54.0,100.0,79.0,35.0,6849.0,Jönköpings Södra,4-4-1,,,False,False,False,center,0.0,,,,,,,,,,,,,,,,,,,,,,,,,,,,,,,,,,,,,,,,
2761771796,5678949,1H,34,55,00:34:55.488,2098.488162,2761771797.0,,,,,,touch,['carry'],37.0,83.0,6849,Jönköpings Södra,4-4-1,7055,Eskilsminne,4-2-3-1,613701,H. Lyck,RCB,,,,,,,,,,2761771794.0,30.525261,"['attack', 'throw_in']",19.0,1.0,54.0,100.0,79.0,35.0,6849.0,Jönköpings Södra,4-4-1,,,False,False,False,center,0.0,,,,,,,,,,,,,,,,,,,8.213,42.0,64.0,,,,,,,,,,,,,,,,,,,
2761771797,5678949,1H,34,59,00:34:59.942,2102.942413,2761771798.0,,,,,,pass,['short_or_medium_pass'],42.0,64.0,6849,Jönköpings Södra,4-4-1,7055,Eskilsminne,4-2-3-1,613701,H. Lyck,RCB,True,54.0,,9.0,615327.0,I. Ellbring,LW,47.0,75.0,2761771794.0,30.525261,"['attack', 'throw_in']",19.0,2.0,54.0,100.0,79.0,35.0,6849.0,Jönköpings Södra,4-4-1,,,False,False,False,center,0.0,,,,,,,,,,,,,,,,,,,,,,,,,,,,,,,,,,,,,,,,
2761771798,5678949,1H,35,1,00:35:01.027,2104.027724,2761771799.0,,,,,,touch,['carry'],47.0,75.0,6849,Jönköpings Södra,4-4-1,7055,Eskilsminne,4-2-3-1,615327,I. Ellbring,LW,,,,,,,,,,2761771794.0,30.525261,"['attack', 'throw_in']",19.0,3.0,54.0,100.0,79.0,35.0,6849.0,Jönköpings Södra,4-4-1,,,False,False,False,center,0.0,,,,,,,,,,,,,,,,,,,10.42,58.0,77.0,,,,,,,,,,,,,,,,,,,
2761771799,5678949,1H,35,5,00:35:05.060,2108.060114,2761771800.0,,,,,,pass,"['linkup_play', 'short_or_medium_pass']",58.0,77.0,6849,Jönköpings Södra,4-4-1,7055,Eskilsminne,4-2-3-1,615327,I. Ellbring,LW,True,-117.0,,10.0,258063.0,S. Crona,RCMF,54.0,64.0,2761771794.0,30.525261,"['attack', 'throw_in']",19.0,4.0,54.0,100.0,79.0,35.0,6849.0,Jönköpings Södra,4-4-1,,,False,False,False,center,0.0,,,,,,,,,,,,,,,,,,,,,,,,,,,,,,,,,,,,,,,,
2761771800,5678949,1H,35,7,00:35:07.301,2110.301182,2761771801.0,,,,,,pass,"['lateral_pass', 'short_or_medium_pass']",54.0,64.0,6849,Jönköpings Södra,4-4-1,7055,Eskilsminne,4-2-3-1,258063,S. Crona,RCMF,True,-129.0,,13.0,613701.0,H. Lyck,RCB,46.0,49.0,2761771794.0,30.525261,"['attack', 'throw_in']",19.0,5.0,54.0,100.0,79.0,35.0,6849.0,Jönköpings Södra,4-4-1,,,False,False,False,center,0.0,,,,,,,,,,,,,,,,,,,,,,,,,,,,,,,,,,,,,,,,
2761771801,5678949,1H,35,9,00:35:09.269,2112.269869,2761771802.0,,,,,,touch,['carry'],46.0,49.0,6849,Jönköpings Södra,4-4-1,7055,Eskilsminne,4-2-3-1,613701,H. Lyck,RCB,,,,,,,,,,2761771794.0,30.525261,"['attack', 'throw_in']",19.0,6.0,54.0,100.0,79.0,35.0,6849.0,Jönköpings Södra,4-4-1,,,False,False,False,center,0.0,,,,,,,,,,,,,,,,,,,10.42,56.0,46.0,,,,,,,,,,,,,,,,,,,
2761771802,5678949,1H,35,10,00:35:10.289,2113.289073,2761771803.0,,,,,,pass,"['lateral_pass', 'short_or_medium_pass']",56.0,46.0,6849,Jönköpings Södra,4-4-1,7055,Eskilsminne,4-2-3-1,613701,H. Lyck,RCB,True,-122.0,,19.0,558236.0,L. Eek,LCB,47.0,22.0,2761771794.0,30.525261,"['attack', 'throw_in']",19.0,7.0,54.0,100.0,79.0,35.0,6849.0,Jönköpings Södra,4-4-1,,,False,False,False,center,0.0,,,,,,,,,,,,,,,,,,,,,,,,,,,,,,,,,,,,,,,,
2761771803,5678949,1H,35,11,00:35:11.670,2114.670432,2761771804.0,,,,,,touch,['carry'],47.0,22.0,6849,Jönköpings Södra,4-4-1,7055,Eskilsminne,4-2-3-1,558236,L. Eek,LCB,,,,,,,,,,2761771794.0,30.525261,"['attack', 'throw_in']",19.0,8.0,54.0,100.0,79.0,35.0,6849.0,Jönköpings Södra,4-4-1,,,False,False,False,center,0.0,,,,,,,,,,,,,,,,,,,7.145,54.0,23.0,,,,,,,,,,,,,,,,,,,
2761771804,5678949,1H,35,12,00:35:12.520,2115.520805,2761771805.0,,,,,,pass,"['lateral_pass', 'short_or_medium_pass']",54.0,23.0,6849,Jönköpings Södra,4-4-1,7055,Eskilsminne,4-2-3-1,558236,L. Eek,LCB,True,-50.0,,16.0,692804.0,O. Almström,LB,64.0,6.0,2761771794.0,30.525261,"['attack', 'throw_in']",19.0,9.0,54.0,100.0,79.0,35.0,6849.0,Jönköpings Södra,4-4-1,,,False,False,False,center,0.0,,,,,,,,,,,,,,,,,,,,,,,,,,,,,,,,,,,,,,,,
2761771805,5678949,1H,35,14,00:35:14.808,2117.808435,2761772107.0,,,,,,pass,"['forward_pass', 'loss', 'pass_to_final_third', 'carry', 'short_or_medium_pass']",64.0,6.0,6849,Jönköpings Södra,4-4-1,7055,Eskilsminne,4-2-3-1,692804,O. Almström,LB,False,-18.0,,3.0,813232.0,J. Albin,RB,67.0,5.0,2761771794.0,30.525261,"['attack', 'throw_in']",19.0,10.0,54.0,100.0,79.0,35.0,6849.0,Jönköpings Södra,4-4-1,,,False,False,False,center,0.0,,,,,,,,,,,,,,,,,,,-28.51,62.0,24.0,,,,,,,,,,,,,,,,,,,
2761772107,5678949,1H,35,15,00:35:15.036,2118.03609,2761771806.0,,,,,,interception,"['loss', 'recovery']",33.0,95.0,7055,Eskilsminne,4-2-3-1,6849,Jönköpings Södra,4-4-1,813232,J. Albin,RB,,,,,,,,,,2761771794.0,30.525261,"['attack', 'throw_in']",19.0,11.0,54.0,100.0,79.0,35.0,6849.0,Jönköpings Södra,4-4-1,,,False,False,False,center,0.0,,,,,,,,,,,,,,,,,,,,,,,,,,,,,,,,,,,,,,,,
2761771806,5678949,1H,35,16,00:35:16.952,2119.952957,2761772106.0,,,,,,pass,"['loss', 'short_or_medium_pass']",62.0,24.0,6849,Jönköpings Södra,4-4-1,7055,Eskilsminne,4-2-3-1,692804,O. Almström,LB,False,-45.0,,5.0,813232.0,J. Albin,RB,65.0,19.0,2761771794.0,30.525261,"['attack', 'throw_in']",19.0,12.0,54.0,100.0,79.0,35.0,6849.0,Jönköpings Södra,4-4-1,,,False,False,False,center,0.0,,,,,,,,,,,,,,,,,,,,,,,,,,,,,,,,,,,,,,,,
2761772106,5678949,1H,35,17,00:35:17.205,2120.205504,2761771807.0,,,,,,interception,"['loss', 'recovery', 'counterpressing_recovery']",35.0,81.0,7055,Eskilsminne,4-2-3-1,6849,Jönköpings Södra,4-4-1,813232,J. Albin,RB,,,,,,,,,,2761771794.0,30.525261,"['attack', 'throw_in']",19.0,13.0,54.0,100.0,79.0,35.0,6849.0,Jönköpings Södra,4-4-1,,,False,False,False,center,0.0,,,,,,,,,,,,,,,,,,,,,,,,,,,,,,,,,,,,,,,,
2761771807,5678949,1H,35,17,00:35:17.934,2120.93403,2761771808.0,,,,,,pass,"['recovery', 'counterpressing_recovery', 'short_or_medium_pass']",69.0,33.0,6849,Jönköpings Södra,4-4-1,7055,Eskilsminne,4-2-3-1,51679,J. Drott,LCMF,True,-70.0,,12.0,558236.0,L. Eek,LCB,72.0,16.0,2761771794.0,30.525261,"['attack', 'throw_in']",19.0,14.0,54.0,100.0,79.0,35.0,6849.0,Jönköpings Södra,4-4-1,,,False,False,False,center,0.0,,,,,,,,,,,,,,,,,,,,,,,,,,,,,,,,,,,,,,,,
2761771808,5678949,1H,35,19,00:35:19.296,2122.296609,2761771809.0,,,,,,pass,['short_or_medium_pass'],72.0,16.0,6849,Jönköpings Södra,4-4-1,7055,Eskilsminne,4-2-3-1,558236,L. Eek,LCB,True,90.0,,10.0,692804.0,O. Almström,LB,72.0,31.0,2761771794.0,30.525261,"['attack', 'throw_in']",19.0,15.0,54.0,100.0,79.0,35.0,6849.0,Jönköpings Södra,4-4-1,,,False,False,False,center,0.0,,,,,,,,,,,,,,,,,,,,,,,,,,,,,,,,,,,,,,,,
2761771809,5678949,1H,35,22,00:35:22.088,2125.088929,2761771811.0,,,,,,pass,"['forward_pass', 'head_pass', 'short_or_medium_pass']",72.0,31.0,6849,Jönköpings Södra,4-4-1,7055,Eskilsminne,4-2-3-1,692804,O. Almström,LB,True,0.0,high,9.0,1060409.0,L. Lyck,CF,81.0,31.0,2761771794.0,30.525261,"['attack', 'throw_in']",19.0,16.0,54.0,100.0,79.0,35.0,6849.0,Jönköpings Södra,4-4-1,,,False,False,False,center,0.0,,,,,,,,,,,,,,,,,,,,,,,,,,,,,,,,,,,,,,,,
2761771811,5678949,1H,35,23,00:35:23.145,2126.145272,2761771813.0,,,,,,touch,[],81.0,31.0,6849,Jönköpings Södra,4-4-1,7055,Eskilsminne,4-2-3-1,1060409,L. Lyck,CF,,,,,,,,,,2761771794.0,30.525261,"['attack', 'throw_in']",19.0,17.0,54.0,100.0,79.0,35.0,6849.0,Jönköpings Södra,4-4-1,,,False,False,False,center,0.0,,,,,,,,,,,,,,,,,,,,,,,,,,,,,,,,,,,,,,,,
2761771813,5678949,1H,35,24,00:35:24.352,2127.352914,,,,,,,infraction,['foul'],79.0,35.0,6849,Jönköpings Södra,4-4-1,7055,Eskilsminne,4-2-3-1,1060409,L. Lyck,CF,,,,,,,,,,2761771794.0,30.525261,"['attack', 'throw_in']",19.0,18.0,54.0,100.0,79.0,35.0,6849.0,Jönköpings Södra,4-4-1,,,False,False,False,center,0.0,,,,,,,,,,,,False,False,hand_foul,,,,,,,,,,,,,,,,,,,,,,,,,,
2761772111,5678949,1H,35,44,00:35:44.249,2147.249423,2761772112.0,,,,,,free_kick,[],22.0,68.0,7055,Eskilsminne,4-2-3-1,6849,Jönköpings Södra,4-4-1,739449,L. Larsen,RCB,True,-57.0,,46.0,989684.0,M. Larsson,LAMF,46.0,11.0,2761772111.0,7.385126,"['set_piece_attack', 'free_kick']",5.0,0.0,22.0,68.0,71.0,16.0,7055.0,Eskilsminne,4-2-3-1,,,,,,,,,,,,,,,,,,,,,,,,,,,,,,,,,,,,,,,,,,,,,,,
2761772112,5678949,1H,35,47,00:35:47.501,2150.501849,2761772114.0,,,,,,pass,"['forward_pass', 'short_or_medium_pass', 'under_pressure']",46.0,11.0,7055,Eskilsminne,4-2-3-1,6849,Jönköpings Södra,4-4-1,989684,M. Larsson,LAMF,True,23.0,,12.0,338669.0,C. Ljungberg,AMF,57.0,17.0,2761772111.0,7.385126,"['set_piece_attack', 'free_kick']",5.0,1.0,22.0,68.0,71.0,16.0,7055.0,Eskilsminne,4-2-3-1,,,,,,,,,,,,,,,,,,,,,,,,,,,,,,,,,,,,,,,,,,,,,,,
2761772114,5678949,1H,35,48,00:35:48.941,2151.941026,2761771818.0,,,,,,touch,"['progressive_run', 'carry']",57.0,17.0,7055,Eskilsminne,4-2-3-1,6849,Jönköpings Södra,4-4-1,338669,C. Ljungberg,AMF,,,,,,,,,,2761772111.0,7.385126,"['set_piece_attack', 'free_kick']",5.0,2.0,22.0,68.0,71.0,16.0,7055.0,Eskilsminne,4-2-3-1,,,,,,,,,,,,,,,,,,,,,,,,,,12.19,71.0,16.0,,,,,,,,,,,,,,,,,,,
2761771818,5678949,1H,35,51,00:35:51.634,2154.634549,2761772119.0,,,,,,duel,"['foul_suffered', 'ground_duel', 'offensive_duel', 'recovery']",29.0,84.0,6849,Jönköpings Södra,4-4-1,7055,Eskilsminne,4-2-3-1,613701,H. Lyck,RCB,,,,,,,,,,2761772111.0,7.385126,"['set_piece_attack', 'free_kick']",5.0,3.0,22.0,68.0,71.0,16.0,7055.0,Eskilsminne,4-2-3-1,,,,,,,,338669.0,C. Ljungberg,AMF,offensive_duel,True,True,,,False,,2761772117.0,,,,,,,,,,,,,,,,,,,,,,,,,,,,,
2761772117,5678949,1H,35,51,00:35:51.634,2154.634549,2761772119.0,,,,,,duel,"['defensive_duel', 'ground_duel', 'loss']",71.0,16.0,7055,Eskilsminne,4-2-3-1,6849,Jönköpings Södra,4-4-1,338669,C. Ljungberg,AMF,,,,,,,,,,2761772111.0,7.385126,"['set_piece_attack', 'free_kick']",5.0,4.0,22.0,68.0,71.0,16.0,7055.0,Eskilsminne,4-2-3-1,,,,,,,,613701.0,H. Lyck,RCB,defensive_duel,,,False,False,False,,2761771818.0,,,,,,,,,,,,,,,,,,,,,,,,,,,,,
2761772119,5678949,1H,35,54,00:35:54.721,2157.721798,2761771818.0,,,,,,infraction,['foul'],73.0,18.0,7055,Eskilsminne,4-2-3-1,6849,Jönköpings Södra,4-4-1,338669,C. Ljungberg,AMF,,,,,,,,,,,,,,,,,,,,,,,,,,,,,,,,,,,,,,,,False,False,regular_foul,613701.0,H. Lyck,RCB,,,,,,,,,,,,,,,,,,,,,,,
2761771820,5678949,1H,35,58,00:35:58.331,2161.331934,2761771822.0,,,,,,free_kick,[],25.0,78.0,6849,Jönköpings Södra,4-4-1,7055,Eskilsminne,4-2-3-1,899727,A. Eriksson,GK,True,-17.0,,10.0,258063.0,S. Crona,RCMF,34.0,73.0,2761771820.0,19.0300335,"['set_piece_attack', 'attack', 'free_kick']",9.0,0.0,25.0,78.0,77.0,0.0,6849.0,Jönköpings Södra,4-4-1,,,False,False,False,left,0.0,,,,,,,,,,,,,,,,,,,,,,,,,,,,,,,,,,,,,,,,
2761771822,5678949,1H,35,58,00:35:58.694,2161.694114,2761771824.0,,,,,,touch,[],34.0,73.0,6849,Jönköpings Södra,4-4-1,7055,Eskilsminne,4-2-3-1,258063,S. Crona,RCMF,,,,,,,,,,2761771820.0,19.0300335,"['set_piece_attack', 'attack', 'free_kick']",9.0,1.0,25.0,78.0,77.0,0.0,6849.0,Jönköpings Södra,4-4-1,,,False,False,False,left,0.0,,,,,,,,,,,,,,,,,,,,,,,,,,,,,,,,,,,,,,,,
2761771824,5678949,1H,36,8,00:36:08.608,2171.608955,2761771825.0,,,,,,pass,"['lateral_pass', 'pass_to_final_third', 'short_or_medium_pass']",63.0,24.0,6849,Jönköpings Södra,4-4-1,7055,Eskilsminne,4-2-3-1,558236,L. Eek,LCB,True,-50.0,,15.0,692804.0,O. Almström,LB,72.0,6.0,2761771820.0,19.0300335,"['set_piece_attack', 'attack', 'free_kick']",9.0,2.0,25.0,78.0,77.0,0.0,6849.0,Jönköpings Södra,4-4-1,,,False,False,False,left,0.0,,,,,,,,,,,,,,,,,,,,,,,,,,,,,,,,,,,,,,,,
2761771825,5678949,1H,36,11,00:36:11.503,2174.503357,2761771826.0,,,,,,pass,"['forward_pass', 'progressive_pass', 'short_or_medium_pass']",72.0,6.0,6849,Jönköpings Södra,4-4-1,7055,Eskilsminne,4-2-3-1,692804,O. Almström,LB,True,8.0,,21.0,615327.0,I. Ellbring,LW,92.0,11.0,2761771820.0,19.0300335,"['set_piece_attack', 'attack', 'free_kick']",9.0,3.0,25.0,78.0,77.0,0.0,6849.0,Jönköpings Södra,4-4-1,,,False,False,False,left,0.0,,,,,,,,,,,,,,,,,,,,,,,,,,,,,,,,,,,,,,,,
2761771826,5678949,1H,36,13,00:36:13.251,2176.25163,2761772124.0,,,,,,duel,"['dribble', 'ground_duel', 'loss', 'offensive_duel']",92.0,11.0,6849,Jönköpings Södra,4-4-1,7055,Eskilsminne,4-2-3-1,615327,I. Ellbring,LW,,,,,,,,,,2761771820.0,19.0300335,"['set_piece_attack', 'attack', 'free_kick']",9.0,4.0,25.0,78.0,77.0,0.0,6849.0,Jönköpings Södra,4-4-1,,,False,False,False,left,0.0,813232.0,J. Albin,RB,dribble,False,False,,,False,right,2761772123.0,,,,,,,,,,,,,,,,,,,,,,,,,,,,,
2761772123,5678949,1H,36,13,00:36:13.251,2176.25163,2761772124.0,,,,,,duel,"['defensive_duel', 'ground_duel', 'recovery']",8.0,89.0,7055,Eskilsminne,4-2-3-1,6849,Jönköpings Södra,4-4-1,813232,J. Albin,RB,,,,,,,,,,2761771820.0,19.0300335,"['set_piece_attack', 'attack', 'free_kick']",9.0,5.0,25.0,78.0,77.0,0.0,6849.0,Jönköpings Södra,4-4-1,,,False,False,False,left,0.0,615327.0,I. Ellbring,LW,defensive_duel,,,True,True,False,left,2761771826.0,,,,,,,,,,,,,,,,,,,,,,,,,,,,,
2761772124,5678949,1H,36,16,00:36:16.095,2179.095123,2761771827.0,,,,,,pass,"['forward_pass', 'loss', 'progressive_pass', 'short_or_medium_pass']",9.0,93.0,7055,Eskilsminne,4-2-3-1,6849,Jönköpings Södra,4-4-1,813232,J. Albin,RB,False,0.0,,6.0,692804.0,O. Almström,LB,15.0,93.0,2761771820.0,19.0300335,"['set_piece_attack', 'attack', 'free_kick']",9.0,6.0,25.0,78.0,77.0,0.0,6849.0,Jönköpings Södra,4-4-1,,,False,False,False,left,0.0,,,,,,,,,,,,,,,,,,,,,,,,,,,,,,,,,,,,,,,,
2761771827,5678949,1H,36,16,00:36:16.417,2179.417263,2761771828.0,,,,,,interception,[],85.0,7.0,6849,Jönköpings Södra,4-4-1,7055,Eskilsminne,4-2-3-1,692804,O. Almström,LB,,,,,,,,,,2761771820.0,19.0300335,"['set_piece_attack', 'attack', 'free_kick']",9.0,7.0,25.0,78.0,77.0,0.0,6849.0,Jönköpings Södra,4-4-1,,,False,False,False,left,0.0,,,,,,,,,,,,,,,,,,,,,,,,,,,,,,,,,,,,,,,,
2761771828,5678949,1H,36,18,00:36:18.306,2181.306672,,,,,,,game_interruption,['ball_out'],77.0,0.0,6849,Jönköpings Södra,4-4-1,7055,Eskilsminne,4-2-3-1,0,,,,,,,,,,,,2761771820.0,19.0300335,"['set_piece_attack', 'attack', 'free_kick']",9.0,8.0,25.0,78.0,77.0,0.0,6849.0,Jönköpings Södra,4-4-1,,,False,False,False,left,0.0,,,,,,,,,,,,,,,,,,,,,,,,,,,,,,,,,,,,,,,,
2761772127,5678949,1H,36,40,00:36:40.322,2203.322589,2761772129.0,,,,,,throw_in,[],15.0,100.0,7055,Eskilsminne,4-2-3-1,6849,Jönköpings Södra,4-4-1,813232,J. Albin,RB,True,-19.0,,21.0,807610.0,T. Bermudez,CF,34.0,90.0,2761772127.0,6.8692425,['throw_in'],6.0,0.0,15.0,100.0,11.0,100.0,7055.0,Eskilsminne,4-2-3-1,,,,,,,,,,,,,,,,,,,,,,,,,,,,,,,,,,,,,,,,,,,,,,,
2761771830,5678949,1H,36,41,00:36:41.889,2204.889641,2761771831.0,,,,,,duel,"['defensive_duel', 'ground_duel']",66.0,10.0,6849,Jönköpings Södra,4-4-1,7055,Eskilsminne,4-2-3-1,558236,L. Eek,LCB,,,,,,,,,,2761772127.0,6.8692425,['throw_in'],6.0,1.0,15.0,100.0,11.0,100.0,7055.0,Eskilsminne,4-2-3-1,,,,,,,,807610.0,T. Bermudez,CF,defensive_duel,,,True,True,False,,2761772129.0,,,,,,,,,,,,,,,,,,,,,,,,,,,,,
2761772129,5678949,1H,36,41,00:36:41.889,2204.889641,2761771831.0,,,,,,duel,"['ground_duel', 'loss', 'offensive_duel']",34.0,90.0,7055,Eskilsminne,4-2-3-1,6849,Jönköpings Södra,4-4-1,807610,T. Bermudez,CF,,,,,,,,,,2761772127.0,6.8692425,['throw_in'],6.0,2.0,15.0,100.0,11.0,100.0,7055.0,Eskilsminne,4-2-3-1,,,,,,,,558236.0,L. Eek,LCB,offensive_duel,False,False,,,False,,2761771830.0,,,,,,,,,,,,,,,,,,,,,,,,,,,,,
2761771831,5678949,1H,36,45,00:36:45.779,2208.779581,2761772132.0,,,,,,pass,"['back_pass', 'loss', 'short_or_medium_pass']",81.0,12.0,6849,Jönköpings Södra,4-4-1,7055,Eskilsminne,4-2-3-1,558236,L. Eek,LCB,False,171.0,,6.0,493674.0,C. Seger,RDMF,75.0,13.0,2761772127.0,6.8692425,['throw_in'],6.0,3.0,15.0,100.0,11.0,100.0,7055.0,Eskilsminne,4-2-3-1,,,,,,,,,,,,,,,,,,,,,,,,,,,,,,,,,,,,,,,,,,,,,,,
2761772132,5678949,1H,36,45,00:36:45.975,2208.975361,2761771832.0,,,,,,clearance,['loss'],25.0,87.0,7055,Eskilsminne,4-2-3-1,6849,Jönköpings Södra,4-4-1,493674,C. Seger,RDMF,,,,,,,,,,2761772127.0,6.8692425,['throw_in'],6.0,4.0,15.0,100.0,11.0,100.0,7055.0,Eskilsminne,4-2-3-1,,,,,,,,,,,,,,,,,,,,,,,,,,,,,,,,,,,,,,,,,,,,,,,
2761771832,5678949,1H,36,48,00:36:48.408,2211.408302,,,,,,,game_interruption,['ball_out'],89.0,0.0,6849,Jönköpings Södra,4-4-1,7055,Eskilsminne,4-2-3-1,0,,,,,,,,,,,,2761772127.0,6.8692425,['throw_in'],6.0,5.0,15.0,100.0,11.0,100.0,7055.0,Eskilsminne,4-2-3-1,,,,,,,,,,,,,,,,,,,,,,,,,,,,,,,,,,,,,,,,,,,,,,,
2761771834,5678949,1H,37,9,00:37:09.789,2232.789069,2761771835.0,,,,,,throw_in,['shot_assist'],82.0,0.0,6849,Jönköpings Södra,4-4-1,7055,Eskilsminne,4-2-3-1,692804,O. Almström,LB,True,69.0,,26.0,613701.0,H. Lyck,RCB,90.0,36.0,2761771834.0,3.158801,"['attack', 'throw_in']",8.0,0.0,82.0,0.0,87.0,47.0,6849.0,Jönköpings Södra,4-4-1,,,True,False,False,center,0.0096,,,,,,,,,,,,,,,,,,,,,,,,,,,,,,,,,,,,,,,,
2761771835,5678949,1H,37,11,00:37:11.053,2234.053878,2761771837.0,,,,,,duel,['aerial_duel'],90.0,36.0,6849,Jönköpings Södra,4-4-1,7055,Eskilsminne,4-2-3-1,613701,H. Lyck,RCB,,,,,,,,,,2761771834.0,3.158801,"['attack', 'throw_in']",8.0,1.0,82.0,0.0,87.0,47.0,6849.0,Jönköpings Södra,4-4-1,,,True,False,False,center,0.0096,,,,,,,,,,,,,,,,,,,,,,,,,,,,,,,,989683.0,H. Lindahl,RAMF,0.0,True,0.0,2761772136.0,,
2761772136,5678949,1H,37,11,00:37:11.053,2234.053878,2761772139.0,,,,,,duel,['aerial_duel'],10.0,64.0,7055,Eskilsminne,4-2-3-1,6849,Jönköpings Södra,4-4-1,989683,H. Lindahl,RAMF,,,,,,,,,,2761771834.0,3.158801,"['attack', 'throw_in']",8.0,2.0,82.0,0.0,87.0,47.0,6849.0,Jönköpings Södra,4-4-1,,,True,False,False,center,0.0096,,,,,,,,,,,,,,,,,,,,,,,,,,,,,,,,613701.0,H. Lyck,RCB,0.0,False,0.0,2761771835.0,,
2761771837,5678949,1H,37,12,00:37:12.163,2235.16355,2761771839.0,,,,,,duel,['aerial_duel'],88.0,47.0,6849,Jönköpings Södra,4-4-1,7055,Eskilsminne,4-2-3-1,258063,S. Crona,RCMF,,,,,,,,,,2761771834.0,3.158801,"['attack', 'throw_in']",8.0,3.0,82.0,0.0,87.0,47.0,6849.0,Jönköpings Södra,4-4-1,,,True,False,False,center,0.0096,,,,,,,,,,,,,,,,,,,,,,,,,,,,,,,,338669.0,C. Ljungberg,AMF,184.0,True,183.0,2761772139.0,,
2761772139,5678949,1H,37,12,00:37:12.163,2235.16355,2761773431.0,,,,,,duel,['aerial_duel'],12.0,53.0,7055,Eskilsminne,4-2-3-1,6849,Jönköpings Södra,4-4-1,338669,C. Ljungberg,AMF,,,,,,,,,,2761771834.0,3.158801,"['attack', 'throw_in']",8.0,4.0,82.0,0.0,87.0,47.0,6849.0,Jönköpings Södra,4-4-1,,,True,False,False,center,0.0096,,,,,,,,,,,,,,,,,,,,,,,,,,,,,,,,258063.0,S. Crona,RCMF,183.0,False,184.0,2761771837.0,,
2761771839,5678949,1H,37,12,00:37:12.530,2235.530366,2761771838.0,,,,,,duel,['aerial_duel'],88.0,45.0,6849,Jönköpings Södra,4-4-1,7055,Eskilsminne,4-2-3-1,1060409,L. Lyck,CF,,,,,,,,,,2761771834.0,3.158801,"['attack', 'throw_in']",8.0,5.0,82.0,0.0,87.0,47.0,6849.0,Jönköpings Södra,4-4-1,,,True,False,False,center,0.0096,,,,,,,,,,,,,,,,,,,,,,,,,,,,,,,,0.0,,,,True,0.0,2761773431.0,,
2761773431,5678949,1H,37,12,00:37:12.530,2235.530366,2761771838.0,,,,,,duel,['aerial_duel'],12.0,55.0,7055,Eskilsminne,4-2-3-1,6849,Jönköpings Södra,4-4-1,0,,,,,,,,,,,,2761771834.0,3.158801,"['attack', 'throw_in']",8.0,6.0,82.0,0.0,87.0,47.0,6849.0,Jönköpings Södra,4-4-1,,,True,False,False,center,0.0096,,,,,,,,,,,,,,,,,,,,,,,,,,,,,,,,1060409.0,L. Lyck,CF,0.0,False,,2761771839.0,,
2761771838,5678949,1H,37,13,00:37:13.365,2236.365374,,,,,,,shot,"['head_shot', 'shot_after_throw_in', 'touch_in_box']",87.0,47.0,6849,Jönköpings Södra,4-4-1,7055,Eskilsminne,4-2-3-1,258063,S. Crona,RCMF,,,,,,,,,,2761771834.0,3.158801,"['attack', 'throw_in']",8.0,7.0,82.0,0.0,87.0,47.0,6849.0,Jönköpings Södra,4-4-1,,,True,False,False,center,0.0096,,,,,,,,,,,,,,,,,,,,,,head_or_other,False,False,bc,0.009647,,,,,,,,,,,,,,
2761772146,5678949,1H,37,14,00:37:14.517,2237.517764,2761772149.0,,,,,,interception,"['head_pass', 'recovery', 'counterpressing_recovery', 'shot_block']",4.0,53.0,7055,Eskilsminne,4-2-3-1,6849,Jönköpings Södra,4-4-1,739449,L. Larsen,RCB,,,,,,,,,,2761772146.0,41.231374,[],17.0,0.0,4.0,53.0,92.0,0.0,7055.0,Eskilsminne,4-2-3-1,,,,,,,,,,,,,,,,,,,,,,,,,,,,,,,,,,,,,,,,,,,,,,,
2761771841,5678949,1H,37,15,00:37:15.711,2238.711923,2761772150.0,,,,,,duel,['loose_ball_duel'],83.0,40.0,6849,Jönköpings Södra,4-4-1,7055,Eskilsminne,4-2-3-1,258063,S. Crona,RCMF,,,,,,,,,,2761772146.0,41.231374,[],17.0,1.0,4.0,53.0,92.0,0.0,7055.0,Eskilsminne,4-2-3-1,,,,,,,,,,,,,,,,,,,,,,,,,,,,,,,,,,,,,,,,,,,,,,,
2761772149,5678949,1H,37,15,00:37:15.711,2238.711923,2761772150.0,,,,,,duel,['loose_ball_duel'],17.0,60.0,7055,Eskilsminne,4-2-3-1,6849,Jönköpings Södra,4-4-1,807610,T. Bermudez,CF,,,,,,,,,,2761772146.0,41.231374,[],17.0,2.0,4.0,53.0,92.0,0.0,7055.0,Eskilsminne,4-2-3-1,,,,,,,,,,,,,,,,,,,,,,,,,,,,,,,,,,,,,,,,,,,,,,,
2761772150,5678949,1H,37,17,00:37:17.341,2240.341094,2761772151.0,,,,,,pass,"['head_pass', 'short_or_medium_pass']",18.0,60.0,7055,Eskilsminne,4-2-3-1,6849,Jönköpings Södra,4-4-1,807610,T. Bermudez,CF,True,-81.0,high,6.0,338669.0,C. Ljungberg,AMF,19.0,51.0,2761772146.0,41.231374,[],17.0,3.0,4.0,53.0,92.0,0.0,7055.0,Eskilsminne,4-2-3-1,,,,,,,,,,,,,,,,,,,,,,,,,,,,,,,,,,,,,,,,,,,,,,,
2761772151,5678949,1H,37,18,00:37:18.660,2241.660443,2761772153.0,,,,,,pass,"['forward_pass', 'long_pass']",19.0,51.0,7055,Eskilsminne,4-2-3-1,6849,Jönköpings Södra,4-4-1,338669,C. Ljungberg,AMF,True,-40.0,high,38.0,989684.0,M. Larsson,LAMF,47.0,16.0,2761772146.0,41.231374,[],17.0,4.0,4.0,53.0,92.0,0.0,7055.0,Eskilsminne,4-2-3-1,,,,,,,,,,,,,,,,,,,,,,,,,,,,,,,,,,,,,,,,,,,,,,,
2761772153,5678949,1H,37,22,00:37:22.739,2245.739084,2761772154.0,,,,,,pass,"['back_pass', 'short_or_medium_pass']",47.0,16.0,7055,Eskilsminne,4-2-3-1,6849,Jönköpings Södra,4-4-1,989684,M. Larsson,LAMF,True,-171.0,,13.0,51079.0,L. Ohlander,LB,35.0,13.0,2761772146.0,41.231374,[],17.0,5.0,4.0,53.0,92.0,0.0,7055.0,Eskilsminne,4-2-3-1,,,,,,,,,,,,,,,,,,,,,,,,,,,,,,,,,,,,,,,,,,,,,,,
2761772154,5678949,1H,37,25,00:37:25.620,2248.620305,2761772155.0,,,,,,pass,"['back_pass', 'short_or_medium_pass']",35.0,13.0,7055,Eskilsminne,4-2-3-1,6849,Jönköpings Södra,4-4-1,51079,L. Ohlander,LB,True,158.0,,10.0,566323.0,F. Velander,LCB,26.0,19.0,2761772146.0,41.231374,[],17.0,6.0,4.0,53.0,92.0,0.0,7055.0,Eskilsminne,4-2-3-1,,,,,,,,,,,,,,,,,,,,,,,,,,,,,,,,,,,,,,,,,,,,,,,
2761772155,5678949,1H,37,27,00:37:27.869,2250.869032,2761772157.0,,,,,,pass,"['lateral_pass', 'short_or_medium_pass']",26.0,19.0,7055,Eskilsminne,4-2-3-1,6849,Jönköpings Södra,4-4-1,566323,F. Velander,LCB,True,79.0,,15.0,493674.0,C. Seger,RDMF,29.0,41.0,2761772146.0,41.231374,[],17.0,7.0,4.0,53.0,92.0,0.0,7055.0,Eskilsminne,4-2-3-1,,,,,,,,,,,,,,,,,,,,,,,,,,,,,,,,,,,,,,,,,,,,,,,
2761772157,5678949,1H,37,30,00:37:30.704,2253.704129,2761772158.0,,,,,,pass,"['lateral_pass', 'short_or_medium_pass']",29.0,41.0,7055,Eskilsminne,4-2-3-1,6849,Jönköpings Södra,4-4-1,493674,C. Seger,RDMF,True,68.0,,32.0,813232.0,J. Albin,RB,40.0,85.0,2761772146.0,41.231374,[],17.0,8.0,4.0,53.0,92.0,0.0,7055.0,Eskilsminne,4-2-3-1,,,,,,,,,,,,,,,,,,,,,,,,,,,,,,,,,,,,,,,,,,,,,,,
2761772158,5678949,1H,37,33,00:37:33.047,2256.047915,2761772159.0,,,,,,touch,"['progressive_run', 'carry']",40.0,85.0,7055,Eskilsminne,4-2-3-1,6849,Jönköpings Södra,4-4-1,813232,J. Albin,RB,,,,,,,,,,2761772146.0,41.231374,[],17.0,9.0,4.0,53.0,92.0,0.0,7055.0,Eskilsminne,4-2-3-1,,,,,,,,,,,,,,,,,,,,,,,,,,19.11,59.0,82.0,,,,,,,,,,,,,,,,,,,
2761772159,5678949,1H,37,39,00:37:39.571,2262.571964,2761772161.0,,,,,,pass,"['lateral_pass', 'short_or_medium_pass']",59.0,82.0,7055,Eskilsminne,4-2-3-1,6849,Jönköpings Södra,4-4-1,813232,J. Albin,RB,True,-113.0,,21.0,493674.0,C. Seger,RDMF,51.0,54.0,2761772146.0,41.231374,[],17.0,10.0,4.0,53.0,92.0,0.0,7055.0,Eskilsminne,4-2-3-1,,,,,,,,,,,,,,,,,,,,,,,,,,,,,,,,,,,,,,,,,,,,,,,
2761772161,5678949,1H,37,43,00:37:43.504,2266.504556,2761772162.0,,,,,,pass,"['lateral_pass', 'short_or_medium_pass']",51.0,54.0,7055,Eskilsminne,4-2-3-1,6849,Jönköpings Södra,4-4-1,493674,C. Seger,RDMF,True,-85.0,,21.0,51079.0,L. Ohlander,LB,53.0,23.0,2761772146.0,41.231374,[],17.0,11.0,4.0,53.0,92.0,0.0,7055.0,Eskilsminne,4-2-3-1,,,,,,,,,,,,,,,,,,,,,,,,,,,,,,,,,,,,,,,,,,,,,,,
2761772162,5678949,1H,37,45,00:37:45.771,2268.771685,2761772164.0,,,,,,pass,"['lateral_pass', 'short_or_medium_pass']",53.0,23.0,7055,Eskilsminne,4-2-3-1,6849,Jönköpings Södra,4-4-1,51079,L. Ohlander,LB,True,-52.0,,17.0,989684.0,M. Larsson,LAMF,63.0,4.0,2761772146.0,41.231374,[],17.0,12.0,4.0,53.0,92.0,0.0,7055.0,Eskilsminne,4-2-3-1,,,,,,,,,,,,,,,,,,,,,,,,,,,,,,,,,,,,,,,,,,,,,,,
2761772164,5678949,1H,37,48,00:37:48.707,2271.707556,2761772167.0,,,,,,pass,"['forward_pass', 'pass_to_final_third', 'progressive_pass', 'short_or_medium_pass']",63.0,4.0,7055,Eskilsminne,4-2-3-1,6849,Jönköpings Södra,4-4-1,989684,M. Larsson,LAMF,True,6.0,,36.0,517376.0,H. Norrby,LDMF,97.0,10.0,2761772146.0,41.231374,[],17.0,13.0,4.0,53.0,92.0,0.0,7055.0,Eskilsminne,4-2-3-1,,,,,,,,,,,,,,,,,,,,,,,,,,,,,,,,,,,,,,,,,,,,,,,
2761771844,5678949,1H,37,54,00:37:54.701,2277.701178,2761772168.0,,,,,,duel,"['defensive_duel', 'ground_duel']",3.0,90.0,6849,Jönköpings Södra,4-4-1,7055,Eskilsminne,4-2-3-1,613701,H. Lyck,RCB,,,,,,,,,,2761772146.0,41.231374,[],17.0,14.0,4.0,53.0,92.0,0.0,7055.0,Eskilsminne,4-2-3-1,,,,,,,,517376.0,H. Norrby,LDMF,defensive_duel,,,True,False,False,,2761772167.0,,,,,,,,,,,,,,,,,,,,,,,,,,,,,
2761772167,5678949,1H,37,54,00:37:54.701,2277.701178,2761772168.0,,,,,,duel,"['ground_duel', 'offensive_duel']",97.0,10.0,7055,Eskilsminne,4-2-3-1,6849,Jönköpings Södra,4-4-1,517376,H. Norrby,LDMF,,,,,,,,,,2761772146.0,41.231374,[],17.0,15.0,4.0,53.0,92.0,0.0,7055.0,Eskilsminne,4-2-3-1,,,,,,,,613701.0,H. Lyck,RCB,offensive_duel,True,False,,,False,,2761771844.0,,,,,,,,,,,,,,,,,,,,,,,,,,,,,
2761771845,5678949,1H,37,56,00:37:56.797,2279.797098,,,,,,,game_interruption,['ball_out'],8.0,100.0,6849,Jönköpings Södra,4-4-1,7055,Eskilsminne,4-2-3-1,0,,,,,,,,,,,,2761772146.0,41.231374,[],17.0,16.0,4.0,53.0,92.0,0.0,7055.0,Eskilsminne,4-2-3-1,,,,,,,,,,,,,,,,,,,,,,,,,,,,,,,,,,,,,,,,,,,,,,,
2761772168,5678949,1H,38,5,00:38:05.633,2288.633098,2761772169.0,,,,,,throw_in,[],90.0,0.0,7055,Eskilsminne,4-2-3-1,6849,Jönköpings Södra,4-4-1,51079,L. Ohlander,LB,True,170.0,,28.0,566323.0,F. Velander,LCB,64.0,7.0,2761772168.0,2.5038175,"['attack', 'throw_in']",3.0,0.0,90.0,0.0,70.0,7.0,7055.0,Eskilsminne,4-2-3-1,,,False,False,False,left,0.0,,,,,,,,,,,,,,,,,,,,,,,,,,,,,,,,,,,,,,,,
2761772169,5678949,1H,38,8,00:38:08.102,2291.102605,2761771847.0,,,,,,pass,"['forward_pass', 'loss', 'pass_to_final_third', 'short_or_medium_pass']",64.0,7.0,7055,Eskilsminne,4-2-3-1,6849,Jönköpings Södra,4-4-1,566323,F. Velander,LCB,False,0.0,,6.0,615327.0,I. Ellbring,AMF,70.0,7.0,2761772168.0,2.5038175,"['attack', 'throw_in']",3.0,1.0,90.0,0.0,70.0,7.0,7055.0,Eskilsminne,4-2-3-1,,,False,False,False,left,0.0,,,,,,,,,,,,,,,,,,,,,,,,,,,,,,,,,,,,,,,,
2761771847,5678949,1H,38,8,00:38:08.171,2291.171226,2761771848.0,,,,,,interception,[],30.0,93.0,6849,Jönköpings Södra,4-4-1,7055,Eskilsminne,4-2-3-1,615327,I. Ellbring,LW,,,,,,,,,,2761772168.0,2.5038175,"['attack', 'throw_in']",3.0,2.0,90.0,0.0,70.0,7.0,7055.0,Eskilsminne,4-2-3-1,,,False,False,False,left,0.0,,,,,,,,,,,,,,,,,,,,,,,,,,,,,,,,,,,,,,,,
2761771848,5678949,1H,38,9,00:38:09.935,2292.93599,,,,,,,game_interruption,['ball_out'],33.0,100.0,6849,Jönköpings Södra,4-4-1,7055,Eskilsminne,4-2-3-1,0,,,,,,,,,,,,,,,,,,,,,,,,,,,,,,,,,,,,,,,,,,,,,,,,,,,,,,,,,,,,,,,,,,,,,,
2761772170,5678949,1H,38,30,00:38:30.340,2313.340155,2761772171.0,,,,,,throw_in,[],63.0,0.0,7055,Eskilsminne,4-2-3-1,6849,Jönköpings Södra,4-4-1,51079,L. Ohlander,LB,True,15.0,,20.0,989684.0,M. Larsson,LAMF,81.0,8.0,2761772170.0,8.9492295,['throw_in'],6.0,0.0,63.0,0.0,100.0,9.0,7055.0,Eskilsminne,4-2-3-1,,,,,,,,,,,,,,,,,,,,,,,,,,,,,,,,,,,,,,,,,,,,,,,
2761772171,5678949,1H,38,32,00:38:32.104,2315.104885,2761771859.0,,,,,,touch,['loss'],81.0,8.0,7055,Eskilsminne,4-2-3-1,6849,Jönköpings Södra,4-4-1,989684,M. Larsson,LAMF,,,,,,,,,,2761772170.0,8.9492295,['throw_in'],6.0,1.0,63.0,0.0,100.0,9.0,7055.0,Eskilsminne,4-2-3-1,,,,,,,,,,,,,,,,,,,,,,,,,,,,,,,,,,,,,,,,,,,,,,,
2761771859,5678949,1H,38,33,00:38:33.865,2316.865137,2761771861.0,,,,,,pass,"['recovery', 'counterpressing_recovery', 'short_or_medium_pass']",16.0,91.0,6849,Jönköpings Södra,4-4-1,7055,Eskilsminne,4-2-3-1,73,M. Johansson,RB,True,-74.0,,7.0,258063.0,S. Crona,RCMF,18.0,81.0,2761772170.0,8.9492295,['throw_in'],6.0,2.0,63.0,0.0,100.0,9.0,7055.0,Eskilsminne,4-2-3-1,,,,,,,,,,,,,,,,,,,,,,,,,,,,,,,,,,,,,,,,,,,,,,,
2761771861,5678949,1H,38,36,00:38:36.714,2319.714031,2761772176.0,,,,,,pass,"['forward_pass', 'loss', 'progressive_pass', 'short_or_medium_pass']",18.0,81.0,6849,Jönköpings Södra,4-4-1,7055,Eskilsminne,4-2-3-1,258063,S. Crona,RCMF,False,0.0,,5.0,517376.0,H. Norrby,LDMF,23.0,81.0,2761772170.0,8.9492295,['throw_in'],6.0,3.0,63.0,0.0,100.0,9.0,7055.0,Eskilsminne,4-2-3-1,,,,,,,,,,,,,,,,,,,,,,,,,,,,,,,,,,,,,,,,,,,,,,,
2761772176,5678949,1H,38,37,00:38:37.136,2320.136628,2761771862.0,,,,,,interception,[],77.0,19.0,7055,Eskilsminne,4-2-3-1,6849,Jönköpings Södra,4-4-1,517376,H. Norrby,LDMF,,,,,,,,,,2761772170.0,8.9492295,['throw_in'],6.0,4.0,63.0,0.0,100.0,9.0,7055.0,Eskilsminne,4-2-3-1,,,,,,,,,,,,,,,,,,,,,,,,,,,,,,,,,,,,,,,,,,,,,,,
2761771862,5678949,1H,38,41,00:38:41.442,2324.442141,,,,,,,game_interruption,['ball_out'],0.0,91.0,6849,Jönköpings Södra,4-4-1,7055,Eskilsminne,4-2-3-1,0,,,,,,,,,,,,2761772170.0,8.9492295,['throw_in'],6.0,5.0,63.0,0.0,100.0,9.0,7055.0,Eskilsminne,4-2-3-1,,,,,,,,,,,,,,,,,,,,,,,,,,,,,,,,,,,,,,,,,,,,,,,
2761771863,5678949,1H,39,2,00:39:02.520,2345.520441,2761771865.0,,,,,,goal_kick,[],0.0,61.0,6849,Jönköpings Södra,4-4-1,7055,Eskilsminne,4-2-3-1,899727,A. Eriksson,GK,True,12.0,,55.0,258063.0,S. Crona,RCMF,56.0,77.0,2761771863.0,16.466126,"['set_piece_attack', 'attack', 'free_kick']",11.0,0.0,0.0,61.0,76.0,58.0,6849.0,Jönköpings Södra,4-4-1,,,False,False,False,center,0.0,,,,,,,,,,,,,,,,,,,,,,,,,,,,,,,,,,,,,,,,
2761771865,5678949,1H,39,5,00:39:05.606,2348.606681,2761772178.0,,,,,,duel,"['aerial_duel', 'loss']",56.0,77.0,6849,Jönköpings Södra,4-4-1,7055,Eskilsminne,4-2-3-1,258063,S. Crona,RCMF,,,,,,,,,,2761771863.0,16.466126,"['set_piece_attack', 'attack', 'free_kick']",11.0,1.0,0.0,61.0,76.0,58.0,6849.0,Jönköpings Södra,4-4-1,,,False,False,False,center,0.0,,,,,,,,,,,,,,,,,,,,,,,,,,,,,,,,517376.0,H. Norrby,LDMF,0.0,False,183.0,2761772177.0,,
2761772177,5678949,1H,39,5,00:39:05.699,2348.699322,2761772178.0,,,,,,duel,['aerial_duel'],44.0,23.0,7055,Eskilsminne,4-2-3-1,6849,Jönköpings Södra,4-4-1,517376,H. Norrby,LDMF,,,,,,,,,,2761771863.0,16.466126,"['set_piece_attack', 'attack', 'free_kick']",11.0,2.0,0.0,61.0,76.0,58.0,6849.0,Jönköpings Södra,4-4-1,,,False,False,False,center,0.0,,,,,,,,,,,,,,,,,,,,,,,,,,,,,,,,258063.0,S. Crona,RCMF,183.0,False,0.0,2761771865.0,,
2761772178,5678949,1H,39,7,00:39:07.298,2350.298667,2761772179.0,,,,,,pass,"['forward_pass', 'head_pass', 'recovery', 'counterpressing_recovery', 'short_or_medium_pass']",35.0,22.0,7055,Eskilsminne,4-2-3-1,6849,Jönköpings Södra,4-4-1,493674,C. Seger,RDMF,True,-39.0,high,13.0,989684.0,M. Larsson,LAMF,45.0,10.0,2761771863.0,16.466126,"['set_piece_attack', 'attack', 'free_kick']",11.0,3.0,0.0,61.0,76.0,58.0,6849.0,Jönköpings Södra,4-4-1,,,False,False,False,center,0.0,,,,,,,,,,,,,,,,,,,,,,,,,,,,,,,,,,,,,,,,
2761772179,5678949,1H,39,8,00:39:08.320,2351.320797,2761772183.0,,,,,,pass,"['head_pass', 'lateral_pass', 'short_or_medium_pass']",45.0,10.0,7055,Eskilsminne,4-2-3-1,6849,Jönköpings Södra,4-4-1,989684,M. Larsson,LAMF,True,112.0,high,17.0,517376.0,H. Norrby,LDMF,39.0,33.0,2761771863.0,16.466126,"['set_piece_attack', 'attack', 'free_kick']",11.0,4.0,0.0,61.0,76.0,58.0,6849.0,Jönköpings Södra,4-4-1,,,False,False,False,center,0.0,,,,,,,,,,,,,,,,,,,,,,,,,,,,,,,,,,,,,,,,
2761772183,5678949,1H,39,9,00:39:09.021,2352.021109,2761771867.0,,,,,,pass,"['loss', 'progressive_pass', 'short_or_medium_pass']",39.0,33.0,7055,Eskilsminne,4-2-3-1,6849,Jönköpings Södra,4-4-1,517376,H. Norrby,LDMF,False,-117.0,,5.0,615327.0,I. Ellbring,AMF,37.0,26.0,2761771863.0,16.466126,"['set_piece_attack', 'attack', 'free_kick']",11.0,5.0,0.0,61.0,76.0,58.0,6849.0,Jönköpings Södra,4-4-1,,,False,False,False,center,0.0,,,,,,,,,,,,,,,,,,,,,,,,,,,,,,,,,,,,,,,,
2761771867,5678949,1H,39,11,00:39:11.060,2354.060578,2761771869.0,,,,,,interception,"['forward_pass', 'pass', 'pass_to_final_third', 'recovery', 'counterpressing_recovery', 'short_or_medium_pass']",63.0,74.0,6849,Jönköpings Södra,4-4-1,7055,Eskilsminne,4-2-3-1,615327,I. Ellbring,LW,True,30.0,,13.0,951150.0,H. Israelsson,RW,74.0,84.0,2761771863.0,16.466126,"['set_piece_attack', 'attack', 'free_kick']",11.0,6.0,0.0,61.0,76.0,58.0,6849.0,Jönköpings Södra,4-4-1,,,False,False,False,center,0.0,,,,,,,,,,,,,,,,,,,,,,,,,,,,,,,,,,,,,,,,
2761771869,5678949,1H,39,12,00:39:12.763,2355.763312,2761771870.0,,,,,,pass,['short_or_medium_pass'],74.0,84.0,6849,Jönköpings Södra,4-4-1,7055,Eskilsminne,4-2-3-1,951150,H. Israelsson,RW,True,-90.0,,10.0,1060409.0,L. Lyck,CF,74.0,69.0,2761771863.0,16.466126,"['set_piece_attack', 'attack', 'free_kick']",11.0,7.0,0.0,61.0,76.0,58.0,6849.0,Jönköpings Södra,4-4-1,,,False,False,False,center,0.0,,,,,,,,,,,,,,,,,,,,,,,,,,,,,,,,,,,,,,,,
2761771870,5678949,1H,39,15,00:39:15.319,2358.319304,2761771872.0,,,,,,pass,"['lateral_pass', 'short_or_medium_pass']",74.0,69.0,6849,Jönköpings Södra,4-4-1,7055,Eskilsminne,4-2-3-1,1060409,L. Lyck,CF,True,-90.0,,13.0,51679.0,J. Drott,LCMF,74.0,50.0,2761771863.0,16.466126,"['set_piece_attack', 'attack', 'free_kick']",11.0,8.0,0.0,61.0,76.0,58.0,6849.0,Jönköpings Södra,4-4-1,,,False,False,False,center,0.0,,,,,,,,,,,,,,,,,,,,,,,,,,,,,,,,,,,,,,,,
2761771872,5678949,1H,39,17,00:39:17.098,2360.098686,2761771874.0,,,,,,pass,['short_or_medium_pass'],74.0,50.0,6849,Jönköpings Södra,4-4-1,7055,Eskilsminne,4-2-3-1,51679,J. Drott,LCMF,True,74.0,,7.0,1060409.0,L. Lyck,CF,76.0,60.0,2761771863.0,16.466126,"['set_piece_attack', 'attack', 'free_kick']",11.0,9.0,0.0,61.0,76.0,58.0,6849.0,Jönköpings Södra,4-4-1,,,False,False,False,center,0.0,,,,,,,,,,,,,,,,,,,,,,,,,,,,,,,,,,,,,,,,
2761771874,5678949,1H,39,17,00:39:17.521,2360.521821,2761772186.0,,,,,,touch,['loss'],76.0,60.0,6849,Jönköpings Södra,4-4-1,7055,Eskilsminne,4-2-3-1,1060409,L. Lyck,CF,,,,,,,,,,2761771863.0,16.466126,"['set_piece_attack', 'attack', 'free_kick']",11.0,10.0,0.0,61.0,76.0,58.0,6849.0,Jönköpings Södra,4-4-1,,,False,False,False,center,0.0,,,,,,,,,,,,,,,,,,,,,,,,,,,,,,,,,,,,,,,,
2761772186,5678949,1H,39,20,00:39:20.451,2363.451313,2761772188.0,,,,,,pass,"['recovery', 'short_or_medium_pass']",24.0,42.0,7055,Eskilsminne,4-2-3-1,6849,Jönköpings Södra,4-4-1,813232,J. Albin,RB,True,-90.0,,10.0,989684.0,M. Larsson,LAMF,24.0,27.0,2761772186.0,8.462622,['transition_low'],5.0,0.0,24.0,42.0,36.0,82.0,7055.0,Eskilsminne,4-2-3-1,,,,,,,,,,,,,,,,,,,,,,,,,,,,,,,,,,,,,,,,,,,,,,,
2761772188,5678949,1H,39,23,00:39:23.209,2366.209329,2761772191.0,,,,,,pass,"['back_pass', 'short_or_medium_pass']",24.0,27.0,7055,Eskilsminne,4-2-3-1,6849,Jönköpings Södra,4-4-1,989684,M. Larsson,LAMF,True,158.0,,11.0,566323.0,F. Velander,LCB,14.0,33.0,2761772186.0,8.462622,['transition_low'],5.0,1.0,24.0,42.0,36.0,82.0,7055.0,Eskilsminne,4-2-3-1,,,,,,,,,,,,,,,,,,,,,,,,,,,,,,,,,,,,,,,,,,,,,,,
2761772191,5678949,1H,39,24,00:39:24.154,2367.154317,2761772193.0,,,,,,pass,"['forward_pass', 'short_or_medium_pass']",14.0,33.0,7055,Eskilsminne,4-2-3-1,6849,Jönköpings Södra,4-4-1,566323,F. Velander,LCB,True,47.0,,22.0,517376.0,H. Norrby,LDMF,29.0,56.0,2761772186.0,8.462622,['transition_low'],5.0,2.0,24.0,42.0,36.0,82.0,7055.0,Eskilsminne,4-2-3-1,,,,,,,,,,,,,,,,,,,,,,,,,,,,,,,,,,,,,,,,,,,,,,,
2761772193,5678949,1H,39,28,00:39:28.042,2371.042708,2761771878.0,,,,,,pass,"['lateral_pass', 'loss', 'progressive_pass', 'short_or_medium_pass']",29.0,56.0,7055,Eskilsminne,4-2-3-1,6849,Jönköpings Södra,4-4-1,517376,H. Norrby,LDMF,False,66.0,,19.0,692804.0,O. Almström,LB,36.0,82.0,2761772186.0,8.462622,['transition_low'],5.0,3.0,24.0,42.0,36.0,82.0,7055.0,Eskilsminne,4-2-3-1,,,,,,,,,,,,,,,,,,,,,,,,,,,,,,,,,,,,,,,,,,,,,,,
2761771878,5678949,1H,39,29,00:39:29.785,2372.785162,2761771880.0,,,,,,touch,[],64.0,18.0,6849,Jönköpings Södra,4-4-1,7055,Eskilsminne,4-2-3-1,692804,O. Almström,LB,,,,,,,,,,2761772186.0,8.462622,['transition_low'],5.0,4.0,24.0,42.0,36.0,82.0,7055.0,Eskilsminne,4-2-3-1,,,,,,,,,,,,,,,,,,,,,,,,,,,,,,,,,,,,,,,,,,,,,,,
2761771880,5678949,1H,39,31,00:39:31.645,2374.645657,2761771883.0,,,,,,duel,"['dribble', 'ground_duel', 'offensive_duel']",75.0,13.0,6849,Jönköpings Södra,4-4-1,7055,Eskilsminne,4-2-3-1,692804,O. Almström,LB,,,,,,,,,,,,,,,,,,,,,,,,,,,,,493674.0,C. Seger,RDMF,dribble,True,False,,,True,left,2761772195.0,,,,,,,,,,,,,,,,,,,,,,,,,,,,,
2761772195,5678949,1H,39,31,00:39:31.645,2374.645657,2761771883.0,,,,,,duel,"['defensive_duel', 'dribbled_past_attempt', 'ground_duel', 'sliding_tackle']",25.0,87.0,7055,Eskilsminne,4-2-3-1,6849,Jönköpings Södra,4-4-1,493674,C. Seger,RDMF,,,,,,,,,,,,,,,,,,,,,,,,,,,,,692804.0,O. Almström,LB,defensive_duel,,,True,False,True,right,2761771880.0,,,,,,,,,,,,,,,,,,,,,,,,,,,,,
2761771882,5678949,1H,39,35,00:39:35.224,2378.224054,,,,,,,game_interruption,['ball_out'],77.0,0.0,6849,Jönköpings Södra,4-4-1,7055,Eskilsminne,4-2-3-1,0,,,,,,,,,,,,,,,,,,,,,,,,,,,,,,,,,,,,,,,,,,,,,,,,,,,,,,,,,,,,,,,,,,,,,,
2761771883,5678949,1H,39,39,00:39:39.232,2382.232322,2761771887.0,,,,,,throw_in,[],71.0,0.0,6849,Jönköpings Södra,4-4-1,7055,Eskilsminne,4-2-3-1,692804,O. Almström,LB,True,113.0,,15.0,615327.0,I. Ellbring,LW,66.0,21.0,2761771883.0,10.138844,"['attack', 'throw_in']",4.0,0.0,71.0,0.0,93.0,43.0,6849.0,Jönköpings Södra,4-4-1,,,True,False,False,left,0.1665,,,,,,,,,,,,,,,,,,,,,,,,,,,,,,,,,,,,,,,,
2761771887,5678949,1H,39,44,00:39:44.809,2387.809958,2761771889.0,,,,,,pass,"['deep_completion', 'forward_pass', 'pass_to_final_third', 'pass_to_penalty_area', 'progressive_pass', 'short_or_medium_pass']",66.0,21.0,6849,Jönköpings Södra,4-4-1,7055,Eskilsminne,4-2-3-1,615327,I. Ellbring,LW,True,14.0,,33.0,51679.0,J. Drott,LCMF,97.0,32.0,2761771883.0,10.138844,"['attack', 'throw_in']",4.0,1.0,71.0,0.0,93.0,43.0,6849.0,Jönköpings Södra,4-4-1,,,True,False,False,left,0.1665,,,,,,,,,,,,,,,,,,,,,,,,,,,,,,,,,,,,,,,,
2761771889,5678949,1H,39,49,00:39:49.255,2392.255091,2761771890.0,,,,,,pass,"['deep_completion', 'key_pass', 'short_or_medium_pass', 'shot_assist', 'touch_in_box']",97.0,32.0,6849,Jönköpings Södra,4-4-1,7055,Eskilsminne,4-2-3-1,51679,J. Drott,LCMF,True,120.0,,9.0,1060409.0,L. Lyck,CF,93.0,43.0,2761771883.0,10.138844,"['attack', 'throw_in']",4.0,2.0,71.0,0.0,93.0,43.0,6849.0,Jönköpings Södra,4-4-1,,,True,False,False,left,0.1665,,,,,,,,,,,,,,,,,,,,,,,,,,,,,,,,,,,,,,,,
2761771890,5678949,1H,39,49,00:39:49.487,2392.487241,,,,,,,shot,"['opportunity', 'shot_after_throw_in', 'touch_in_box']",93.0,43.0,6849,Jönköpings Södra,4-4-1,7055,Eskilsminne,4-2-3-1,1060409,L. Lyck,CF,,,,,,,,,,2761771883.0,10.138844,"['attack', 'throw_in']",4.0,3.0,71.0,0.0,93.0,43.0,6849.0,Jönköpings Södra,4-4-1,,,True,False,False,left,0.1665,,,,,,,,,,,,,,,,,,,,,,left_foot,False,False,bc,0.1665,,,,,,,,,,,,,,
2761772200,5678949,1H,39,50,00:39:50.577,2393.577042,2761771892.0,,,,,,interception,['shot_block'],4.0,63.0,7055,Eskilsminne,4-2-3-1,6849,Jönköpings Södra,4-4-1,566323,F. Velander,LCB,,,,,,,,,,,,,,,,,,,,,,,,,,,,,,,,,,,,,,,,,,,,,,,,,,,,,,,,,,,,,,,,,,,,
2761771892,5678949,1H,39,52,00:39:52.990,2395.990411,,,,,,,game_interruption,['ball_out'],100.0,27.0,6849,Jönköpings Södra,4-4-1,7055,Eskilsminne,4-2-3-1,0,,,,,,,,,,,,,,,,,,,,,,,,,,,,,,,,,,,,,,,,,,,,,,,,,,,,,,,,,,,,,,,,,,,,,,
2761771894,5678949,1H,40,13,00:40:13.475,2416.475255,2761772204.0,,,,,,corner,[],100.0,0.0,6849,Jönköpings Södra,4-4-1,7055,Eskilsminne,4-2-3-1,615327,I. Ellbring,LW,False,98.0,high,30.0,566323.0,F. Velander,LCB,96.0,43.0,2761771894.0,2.4993915,"['corner', 'set_piece_attack', 'attack']",3.0,0.0,100.0,0.0,80.0,61.0,6849.0,Jönköpings Södra,4-4-1,,,True,False,False,left,0.0188,,,,,,,,,,,,,,,,,,,,,,,,,,,,,,,,,,,,,,,,
2761772204,5678949,1H,40,15,00:40:15.013,2418.013097,2761771898.0,,,,,,interception,"['head_pass', 'loss']",4.0,57.0,7055,Eskilsminne,4-2-3-1,6849,Jönköpings Södra,4-4-1,566323,F. Velander,LCB,,,,,,,,,,2761771894.0,2.4993915,"['corner', 'set_piece_attack', 'attack']",3.0,1.0,100.0,0.0,80.0,61.0,6849.0,Jönköpings Södra,4-4-1,,,True,False,False,left,0.0188,,,,,,,,,,,,,,,,,,,,,,,,,,,,,,,,,,,,,,,,
2761771898,5678949,1H,40,16,00:40:16.936,2419.936196,,,,,,,shot,['shot_after_corner'],80.0,61.0,6849,Jönköpings Södra,4-4-1,7055,Eskilsminne,4-2-3-1,73,M. Johansson,RB,,,,,,,,,,2761771894.0,2.4993915,"['corner', 'set_piece_attack', 'attack']",3.0,2.0,100.0,0.0,80.0,61.0,6849.0,Jönköpings Södra,4-4-1,,,True,False,False,left,0.0188,,,,,,,,,,,,,,,,,,,,,,right_foot,False,False,bc,0.01884,,,,,,,,,,,,,,
2761772205,5678949,1H,40,17,00:40:17.819,2420.819296,2761772207.0,,,,,,interception,"['carry', 'shot_block']",12.0,58.0,7055,Eskilsminne,4-2-3-1,6849,Jönköpings Södra,4-4-1,493674,C. Seger,RDMF,,,,,,,,,,2761772205.0,10.1302945,[],5.0,0.0,12.0,58.0,5.0,75.0,7055.0,Eskilsminne,4-2-3-1,,,,,,,,,,,,,,,,,,,,,,,,,,-11.5,4.0,88.0,,,,,,,,,,,,,,,,,,,
2761772207,5678949,1H,40,20,00:40:20.869,2423.869201,2761771902.0,,,,,,pass,"['forward_pass', 'loss', 'progressive_pass', 'short_or_medium_pass']",23.0,84.0,7055,Eskilsminne,4-2-3-1,6849,Jönköpings Södra,4-4-1,493674,C. Seger,RDMF,False,-34.0,,8.0,258063.0,S. Crona,RDMF,29.0,78.0,2761772205.0,10.1302945,[],5.0,1.0,12.0,58.0,5.0,75.0,7055.0,Eskilsminne,4-2-3-1,,,,,,,,,,,,,,,,,,,,,,,,,,,,,,,,,,,,,,,,,,,,,,,
2761771902,5678949,1H,40,21,00:40:21.303,2424.303961,2761772208.0,,,,,,interception,"['loss', 'recovery', 'counterpressing_recovery']",71.0,22.0,6849,Jönköpings Södra,4-4-1,7055,Eskilsminne,4-2-3-1,258063,S. Crona,RCMF,,,,,,,,,,2761772205.0,10.1302945,[],5.0,2.0,12.0,58.0,5.0,75.0,7055.0,Eskilsminne,4-2-3-1,,,,,,,,,,,,,,,,,,,,,,,,,,,,,,,,,,,,,,,,,,,,,,,
2761772208,5678949,1H,40,25,00:40:25.648,2428.64833,2761772211.0,,,,,,pass,"['recovery', 'counterpressing_recovery', 'short_or_medium_pass']",4.0,88.0,7055,Eskilsminne,4-2-3-1,6849,Jönköpings Södra,4-4-1,493674,C. Seger,RDMF,True,-101.0,,10.0,813232.0,J. Albin,RB,2.0,74.0,2761772205.0,10.1302945,[],5.0,3.0,12.0,58.0,5.0,75.0,7055.0,Eskilsminne,4-2-3-1,,,,,,,,,,,,,,,,,,,,,,,,,,,,,,,,,,,,,,,,,,,,,,,
2761772211,5678949,1H,40,27,00:40:27.791,2430.791596,2761771907.0,,,,,,pass,"['forward_pass', 'loss', 'progressive_pass', 'short_or_medium_pass']",2.0,74.0,7055,Eskilsminne,4-2-3-1,6849,Jönköpings Södra,4-4-1,813232,J. Albin,RB,False,18.0,,3.0,951150.0,H. Israelsson,RAMF,5.0,75.0,2761772205.0,10.1302945,[],5.0,4.0,12.0,58.0,5.0,75.0,7055.0,Eskilsminne,4-2-3-1,,,,,,,,,,,,,,,,,,,,,,,,,,,,,,,,,,,,,,,,,,,,,,,
2761771907,5678949,1H,40,28,00:40:28.107,2431.107585,2761771909.0,,,,,,interception,"['recovery', 'counterpressing_recovery', 'carry', 'touch_in_box']",95.0,25.0,6849,Jönköpings Södra,4-4-1,7055,Eskilsminne,4-2-3-1,951150,H. Israelsson,RW,,,,,,,,,,2761771907.0,13.6512255,"['attack', 'transition_high']",11.0,0.0,95.0,25.0,89.0,50.0,6849.0,Jönköpings Södra,4-4-1,,,False,False,False,left,0.0,,,,,,,,,,,,,,,,,,,-9.727,93.0,11.0,,,,,,,,,,,,,,,,,,,
2761771909,5678949,1H,40,29,00:40:29.937,2432.937923,2761771910.0,,,,,,duel,"['ground_duel', 'offensive_duel']",97.0,13.0,6849,Jönköpings Södra,4-4-1,7055,Eskilsminne,4-2-3-1,951150,H. Israelsson,RW,,,,,,,,,,2761771907.0,13.6512255,"['attack', 'transition_high']",11.0,1.0,95.0,25.0,89.0,50.0,6849.0,Jönköpings Södra,4-4-1,,,False,False,False,left,0.0,813232.0,J. Albin,RB,offensive_duel,True,False,,,False,,2761772212.0,,,,,,,,,,,,,,,,,,,,,,,,,,,,,
2761772212,5678949,1H,40,29,00:40:29.937,2432.937923,2761771910.0,,,,,,duel,"['defensive_duel', 'ground_duel']",3.0,87.0,7055,Eskilsminne,4-2-3-1,6849,Jönköpings Södra,4-4-1,813232,J. Albin,RB,,,,,,,,,,2761771907.0,13.6512255,"['attack', 'transition_high']",11.0,2.0,95.0,25.0,89.0,50.0,6849.0,Jönköpings Södra,4-4-1,,,False,False,False,left,0.0,951150.0,H. Israelsson,RW,defensive_duel,,,True,False,False,,2761771909.0,,,,,,,,,,,,,,,,,,,,,,,,,,,,,
2761771910,5678949,1H,40,30,00:40:30.175,2433.175357,2761771912.0,,,,,,pass,"['back_pass', 'short_or_medium_pass']",93.0,11.0,6849,Jönköpings Södra,4-4-1,7055,Eskilsminne,4-2-3-1,951150,H. Israelsson,RW,True,153.0,,6.0,615327.0,I. Ellbring,LW,88.0,15.0,2761771907.0,13.6512255,"['attack', 'transition_high']",11.0,3.0,95.0,25.0,89.0,50.0,6849.0,Jönköpings Södra,4-4-1,,,False,False,False,left,0.0,,,,,,,,,,,,,,,,,,,,,,,,,,,,,,,,,,,,,,,,
2761771912,5678949,1H,40,32,00:40:32.492,2435.492048,2761771913.0,,,,,,pass,"['back_pass', 'short_or_medium_pass']",88.0,15.0,6849,Jönköpings Södra,4-4-1,7055,Eskilsminne,4-2-3-1,615327,I. Ellbring,LW,True,180.0,,15.0,258063.0,S. Crona,RCMF,74.0,15.0,2761771907.0,13.6512255,"['attack', 'transition_high']",11.0,4.0,95.0,25.0,89.0,50.0,6849.0,Jönköpings Södra,4-4-1,,,False,False,False,left,0.0,,,,,,,,,,,,,,,,,,,,,,,,,,,,,,,,,,,,,,,,
2761771913,5678949,1H,40,34,00:40:34.314,2437.314008,2761771914.0,,,,,,pass,"['forward_pass', 'short_or_medium_pass']",74.0,15.0,6849,Jönköpings Södra,4-4-1,7055,Eskilsminne,4-2-3-1,258063,S. Crona,RCMF,True,-13.0,,18.0,615327.0,I. Ellbring,LW,91.0,9.0,2761771907.0,13.6512255,"['attack', 'transition_high']",11.0,5.0,95.0,25.0,89.0,50.0,6849.0,Jönköpings Södra,4-4-1,,,False,False,False,left,0.0,,,,,,,,,,,,,,,,,,,,,,,,,,,,,,,,,,,,,,,,
2761771914,5678949,1H,40,36,00:40:36.490,2439.490481,2761771915.0,,,,,,pass,"['back_pass', 'short_or_medium_pass']",91.0,9.0,6849,Jönköpings Södra,4-4-1,7055,Eskilsminne,4-2-3-1,615327,I. Ellbring,LW,True,173.0,,16.0,51679.0,J. Drott,LCMF,76.0,12.0,2761771907.0,13.6512255,"['attack', 'transition_high']",11.0,6.0,95.0,25.0,89.0,50.0,6849.0,Jönköpings Södra,4-4-1,,,False,False,False,left,0.0,,,,,,,,,,,,,,,,,,,,,,,,,,,,,,,,,,,,,,,,
2761771915,5678949,1H,40,38,00:40:38.239,2441.239848,2761771919.0,,,,,,pass,"['forward_pass', 'short_or_medium_pass']",76.0,12.0,6849,Jönköpings Södra,4-4-1,7055,Eskilsminne,4-2-3-1,51679,J. Drott,LCMF,True,-32.0,,10.0,615327.0,I. Ellbring,LW,84.0,5.0,2761771907.0,13.6512255,"['attack', 'transition_high']",11.0,7.0,95.0,25.0,89.0,50.0,6849.0,Jönköpings Södra,4-4-1,,,False,False,False,left,0.0,,,,,,,,,,,,,,,,,,,,,,,,,,,,,,,,,,,,,,,,
2761771919,5678949,1H,40,39,00:40:39.489,2442.48977,2761771921.0,,,,,,duel,"['dribble', 'ground_duel', 'offensive_duel']",84.0,5.0,6849,Jönköpings Södra,4-4-1,7055,Eskilsminne,4-2-3-1,615327,I. Ellbring,LW,,,,,,,,,,2761771907.0,13.6512255,"['attack', 'transition_high']",11.0,8.0,95.0,25.0,89.0,50.0,6849.0,Jönköpings Södra,4-4-1,,,False,False,False,left,0.0,989683.0,H. Lindahl,RAMF,dribble,True,False,,,False,left,2761772215.0,,,,,,,,,,,,,,,,,,,,,,,,,,,,,
2761772215,5678949,1H,40,39,00:40:39.489,2442.48977,2761771921.0,,,,,,duel,"['defensive_duel', 'ground_duel']",16.0,95.0,7055,Eskilsminne,4-2-3-1,6849,Jönköpings Södra,4-4-1,989683,H. Lindahl,RAMF,,,,,,,,,,2761771907.0,13.6512255,"['attack', 'transition_high']",11.0,9.0,95.0,25.0,89.0,50.0,6849.0,Jönköpings Södra,4-4-1,,,False,False,False,left,0.0,615327.0,I. Ellbring,LW,defensive_duel,,,True,False,False,right,2761771919.0,,,,,,,,,,,,,,,,,,,,,,,,,,,,,
2761771921,5678949,1H,40,40,00:40:40.916,2443.916979,2761772218.0,,,,,,pass,"['cross', 'lateral_pass', 'loss', 'pass_to_penalty_area']",80.0,7.0,6849,Jönköpings Södra,4-4-1,7055,Eskilsminne,4-2-3-1,615327,I. Ellbring,LW,False,73.0,high,31.0,566323.0,F. Velander,LCB,89.0,50.0,2761771907.0,13.6512255,"['attack', 'transition_high']",11.0,10.0,95.0,25.0,89.0,50.0,6849.0,Jönköpings Södra,4-4-1,,,False,False,False,left,0.0,,,,,,,,,,,,,,,,,,,,,,,,,,,,,,,,,,,,,,,,
2761772218,5678949,1H,40,42,00:40:42.600,2445.600642,2761772220.0,,,,,,interception,"['head_pass', 'recovery']",11.0,50.0,7055,Eskilsminne,4-2-3-1,6849,Jönköpings Södra,4-4-1,566323,F. Velander,LCB,,,,,,,,,,2761772218.0,14.226197,['attack'],7.0,0.0,11.0,50.0,72.0,49.0,7055.0,Eskilsminne,4-2-3-1,,,True,False,False,center,0.0021,,,,,,,,,,,,,,,,,,,,,,,,,,,,,,,,,,,,,,,,
2761772220,5678949,1H,40,45,00:40:45.781,2448.781604,2761772222.0,,,,,,pass,"['forward_pass', 'short_or_medium_pass']",22.0,68.0,7055,Eskilsminne,4-2-3-1,6849,Jönköpings Södra,4-4-1,517376,H. Norrby,LDMF,True,-9.0,,20.0,338669.0,C. Ljungberg,AMF,41.0,63.0,2761772218.0,14.226197,['attack'],7.0,1.0,11.0,50.0,72.0,49.0,7055.0,Eskilsminne,4-2-3-1,,,True,False,False,center,0.0021,,,,,,,,,,,,,,,,,,,,,,,,,,,,,,,,,,,,,,,,
2761772222,5678949,1H,40,48,00:40:48.482,2451.482884,2761772226.0,,,,,,pass,"['lateral_pass', 'short_or_medium_pass']",41.0,63.0,7055,Eskilsminne,4-2-3-1,6849,Jönköpings Södra,4-4-1,338669,C. Ljungberg,AMF,True,-57.0,,30.0,807610.0,T. Bermudez,CF,56.0,26.0,2761772218.0,14.226197,['attack'],7.0,2.0,11.0,50.0,72.0,49.0,7055.0,Eskilsminne,4-2-3-1,,,True,False,False,center,0.0021,,,,,,,,,,,,,,,,,,,,,,,,,,,,,,,,,,,,,,,,
2761772226,5678949,1H,40,50,00:40:50.463,2453.463379,2761772228.0,,,,,,touch,"['progressive_run', 'carry']",56.0,26.0,7055,Eskilsminne,4-2-3-1,6849,Jönköpings Södra,4-4-1,807610,T. Bermudez,CF,,,,,,,,,,2761772218.0,14.226197,['attack'],7.0,3.0,11.0,50.0,72.0,49.0,7055.0,Eskilsminne,4-2-3-1,,,True,False,False,center,0.0021,,,,,,,,,,,,,,,,,,,19.59,72.0,49.0,,,,,,,,,,,,,,,,,,,
2761772228,5678949,1H,40,54,00:40:54.135,2457.135287,2761771923.0,,,,,,pass,"['lateral_pass', 'long_pass', 'loss', 'pass_to_penalty_area']",71.0,28.0,7055,Eskilsminne,4-2-3-1,6849,Jönköpings Södra,4-4-1,807610,T. Bermudez,CF,False,53.0,high,26.0,558236.0,L. Eek,LCB,86.0,58.0,2761772218.0,14.226197,['attack'],7.0,4.0,11.0,50.0,72.0,49.0,7055.0,Eskilsminne,4-2-3-1,,,True,False,False,center,0.0021,,,,,,,,,,,,,,,,,,,,,,,,,,,,,,,,,,,,,,,,
2761771923,5678949,1H,40,55,00:40:55.907,2458.907625,2761772231.0,,,,,,interception,"['head_pass', 'loss']",14.0,42.0,6849,Jönköpings Södra,4-4-1,7055,Eskilsminne,4-2-3-1,558236,L. Eek,LCB,,,,,,,,,,2761772218.0,14.226197,['attack'],7.0,5.0,11.0,50.0,72.0,49.0,7055.0,Eskilsminne,4-2-3-1,,,True,False,False,center,0.0021,,,,,,,,,,,,,,,,,,,,,,,,,,,,,,,,,,,,,,,,
2761772231,5678949,1H,40,57,00:40:57.746,2460.746053,,,,,,,shot,[],72.0,49.0,7055,Eskilsminne,4-2-3-1,6849,Jönköpings Södra,4-4-1,807610,T. Bermudez,CF,,,,,,,,,,2761772218.0,14.226197,['attack'],7.0,6.0,11.0,50.0,72.0,49.0,7055.0,Eskilsminne,4-2-3-1,,,True,False,False,center,0.0021,,,,,,,,,,,,,,,,,,,,,,right_foot,False,False,bc,0.002055,,,,,,,,,,,,,,
2761771924,5678949,1H,40,58,00:40:58.182,2461.182804,2761772232.0,,,,,,interception,"['loss', 'shot_block']",14.0,55.0,6849,Jönköpings Södra,4-4-1,7055,Eskilsminne,4-2-3-1,613701,H. Lyck,RCB,,,,,,,,,,2761771924.0,1.953005,[],1.0,0.0,14.0,55.0,31.0,14.0,6849.0,Jönköpings Södra,4-4-1,,,,,,,,,,,,,,,,,,,,,,,,,,,,,,,,,,,,,,,,,,,,,,,
2761772232,5678949,1H,41,2,00:41:02.088,2465.088814,2761772234.0,,,,,,pass,"['back_pass', 'recovery', 'counterpressing_recovery', 'short_or_medium_pass']",69.0,86.0,7055,Eskilsminne,4-2-3-1,6849,Jönköpings Södra,4-4-1,989683,H. Lindahl,RAMF,True,-174.0,,40.0,739449.0,L. Larsen,RCB,31.0,80.0,2761772232.0,38.8140655,['attack'],14.0,0.0,69.0,86.0,100.0,80.0,7055.0,Eskilsminne,4-2-3-1,,,False,False,False,right,0.0,,,,,,,,,,,,,,,,,,,,,,,,,,,,,,,,,,,,,,,,
2761772234,5678949,1H,41,7,00:41:07.165,2470.165564,2761772235.0,,,,,,pass,"['forward_pass', 'short_or_medium_pass']",31.0,80.0,7055,Eskilsminne,4-2-3-1,6849,Jönköpings Södra,4-4-1,739449,L. Larsen,RCB,True,27.0,,12.0,813232.0,J. Albin,RB,41.0,87.0,2761772232.0,38.8140655,['attack'],14.0,1.0,69.0,86.0,100.0,80.0,7055.0,Eskilsminne,4-2-3-1,,,False,False,False,right,0.0,,,,,,,,,,,,,,,,,,,,,,,,,,,,,,,,,,,,,,,,
2761772235,5678949,1H,41,8,00:41:08.973,2471.973885,2761772237.0,,,,,,pass,"['back_pass', 'short_or_medium_pass']",41.0,87.0,7055,Eskilsminne,4-2-3-1,6849,Jönköpings Södra,4-4-1,813232,J. Albin,RB,True,-135.0,,10.0,739449.0,L. Larsen,RCB,34.0,77.0,2761772232.0,38.8140655,['attack'],14.0,2.0,69.0,86.0,100.0,80.0,7055.0,Eskilsminne,4-2-3-1,,,False,False,False,right,0.0,,,,,,,,,,,,,,,,,,,,,,,,,,,,,,,,,,,,,,,,
2761772237,5678949,1H,41,12,00:41:12.148,2475.148527,2761772239.0,,,,,,pass,"['lateral_pass', 'short_or_medium_pass']",34.0,77.0,7055,Eskilsminne,4-2-3-1,6849,Jönköpings Södra,4-4-1,739449,L. Larsen,RCB,True,-94.0,,28.0,566323.0,F. Velander,LCB,32.0,36.0,2761772232.0,38.8140655,['attack'],14.0,3.0,69.0,86.0,100.0,80.0,7055.0,Eskilsminne,4-2-3-1,,,False,False,False,right,0.0,,,,,,,,,,,,,,,,,,,,,,,,,,,,,,,,,,,,,,,,
2761772239,5678949,1H,41,14,00:41:14.867,2477.867573,2761772240.0,,,,,,pass,"['lateral_pass', 'short_or_medium_pass']",32.0,36.0,7055,Eskilsminne,4-2-3-1,6849,Jönköpings Södra,4-4-1,566323,F. Velander,LCB,True,-47.0,,17.0,51079.0,L. Ohlander,LB,43.0,17.0,2761772232.0,38.8140655,['attack'],14.0,4.0,69.0,86.0,100.0,80.0,7055.0,Eskilsminne,4-2-3-1,,,False,False,False,right,0.0,,,,,,,,,,,,,,,,,,,,,,,,,,,,,,,,,,,,,,,,
2761772240,5678949,1H,41,17,00:41:17.693,2480.693981,2761772241.0,,,,,,pass,"['forward_pass', 'short_or_medium_pass']",43.0,17.0,7055,Eskilsminne,4-2-3-1,6849,Jönköpings Södra,4-4-1,51079,L. Ohlander,LB,True,-27.0,,13.0,989684.0,M. Larsson,LAMF,54.0,9.0,2761772232.0,38.8140655,['attack'],14.0,5.0,69.0,86.0,100.0,80.0,7055.0,Eskilsminne,4-2-3-1,,,False,False,False,right,0.0,,,,,,,,,,,,,,,,,,,,,,,,,,,,,,,,,,,,,,,,
2761772241,5678949,1H,41,19,00:41:19.641,2482.641216,2761772242.0,,,,,,pass,"['back_pass', 'short_or_medium_pass']",54.0,9.0,7055,Eskilsminne,4-2-3-1,6849,Jönköpings Södra,4-4-1,989684,M. Larsson,LAMF,True,166.0,,16.0,51079.0,L. Ohlander,LB,39.0,14.0,2761772232.0,38.8140655,['attack'],14.0,6.0,69.0,86.0,100.0,80.0,7055.0,Eskilsminne,4-2-3-1,,,False,False,False,right,0.0,,,,,,,,,,,,,,,,,,,,,,,,,,,,,,,,,,,,,,,,
2761772242,5678949,1H,41,21,00:41:21.632,2484.632994,2761772244.0,,,,,,touch,['carry'],39.0,14.0,7055,Eskilsminne,4-2-3-1,6849,Jönköpings Södra,4-4-1,51079,L. Ohlander,LB,,,,,,,,,,2761772232.0,38.8140655,['attack'],14.0,7.0,69.0,86.0,100.0,80.0,7055.0,Eskilsminne,4-2-3-1,,,False,False,False,right,0.0,,,,,,,,,,,,,,,,,,,9.576,44.0,43.0,,,,,,,,,,,,,,,,,,,
2761772244,5678949,1H,41,30,00:41:30.059,2493.059952,2761772246.0,,,,,,pass,"['lateral_pass', 'short_or_medium_pass']",44.0,43.0,7055,Eskilsminne,4-2-3-1,6849,Jönköpings Södra,4-4-1,51079,L. Ohlander,LB,True,95.0,,22.0,739449.0,L. Larsen,RCB,42.0,75.0,2761772232.0,38.8140655,['attack'],14.0,8.0,69.0,86.0,100.0,80.0,7055.0,Eskilsminne,4-2-3-1,,,False,False,False,right,0.0,,,,,,,,,,,,,,,,,,,,,,,,,,,,,,,,,,,,,,,,
2761772246,5678949,1H,41,31,00:41:31.560,2494.560822,2761772247.0,,,,,,touch,"['progressive_run', 'carry']",42.0,75.0,7055,Eskilsminne,4-2-3-1,6849,Jönköpings Södra,4-4-1,739449,L. Larsen,RCB,,,,,,,,,,2761772232.0,38.8140655,['attack'],14.0,9.0,69.0,86.0,100.0,80.0,7055.0,Eskilsminne,4-2-3-1,,,False,False,False,right,0.0,,,,,,,,,,,,,,,,,,,16.2,58.0,74.0,,,,,,,,,,,,,,,,,,,
2761772247,5678949,1H,41,35,00:41:35.878,2498.878477,2761772249.0,,,,,,pass,"['forward_pass', 'pass_to_final_third', 'progressive_pass', 'short_or_medium_pass']",58.0,74.0,7055,Eskilsminne,4-2-3-1,6849,Jönköpings Södra,4-4-1,739449,L. Larsen,RCB,True,19.0,,18.0,989683.0,H. Lindahl,RAMF,74.0,83.0,2761772232.0,38.8140655,['attack'],14.0,10.0,69.0,86.0,100.0,80.0,7055.0,Eskilsminne,4-2-3-1,,,False,False,False,right,0.0,,,,,,,,,,,,,,,,,,,,,,,,,,,,,,,,,,,,,,,,
2761772249,5678949,1H,41,36,00:41:36.736,2499.73679,2761772251.0,,,,,,pass,"['forward_pass', 'progressive_pass', 'short_or_medium_pass']",74.0,83.0,7055,Eskilsminne,4-2-3-1,6849,Jönköpings Södra,4-4-1,989683,H. Lindahl,RAMF,True,-37.0,,10.0,517376.0,H. Norrby,LDMF,82.0,74.0,2761772232.0,38.8140655,['attack'],14.0,11.0,69.0,86.0,100.0,80.0,7055.0,Eskilsminne,4-2-3-1,,,False,False,False,right,0.0,,,,,,,,,,,,,,,,,,,,,,,,,,,,,,,,,,,,,,,,
2761772251,5678949,1H,41,39,00:41:39.420,2502.420112,2761771925.0,,,,,,pass,"['forward_pass', 'loss', 'short_or_medium_pass']",82.0,74.0,7055,Eskilsminne,4-2-3-1,6849,Jönköpings Södra,4-4-1,517376,H. Norrby,LDMF,False,12.0,,19.0,0.0,,,100.0,80.0,2761772232.0,38.8140655,['attack'],14.0,12.0,69.0,86.0,100.0,80.0,7055.0,Eskilsminne,4-2-3-1,,,False,False,False,right,0.0,,,,,,,,,,,,,,,,,,,,,,,,,,,,,,,,,,,,,,,,
2761771925,5678949,1H,41,42,00:41:42.385,2505.385647,,,,,,,game_interruption,['ball_out'],0.0,20.0,6849,Jönköpings Södra,4-4-1,7055,Eskilsminne,4-2-3-1,0,,,,,,,,,,,,2761772232.0,38.8140655,['attack'],14.0,13.0,69.0,86.0,100.0,80.0,7055.0,Eskilsminne,4-2-3-1,,,False,False,False,right,0.0,,,,,,,,,,,,,,,,,,,,,,,,,,,,,,,,,,,,,,,,
2761771927,5678949,1H,42,10,00:42:10.061,2533.061629,2761771929.0,,,,,,goal_kick,[],0.0,39.0,6849,Jönköpings Södra,4-4-1,7055,Eskilsminne,4-2-3-1,899727,A. Eriksson,GK,True,-21.0,,55.0,692804.0,O. Almström,LB,54.0,11.0,,,,,,,,,,,,,,,,,,,,,,,,,,,,,,,,,,,,,,,,,,,,,,,,,,,,,,,,,,,
2761771929,5678949,1H,42,12,00:42:12.470,2535.470985,2761772257.0,,,,,,duel,['loose_ball_duel'],54.0,11.0,6849,Jönköpings Södra,4-4-1,7055,Eskilsminne,4-2-3-1,692804,O. Almström,LB,,,,,,,,,,,,,,,,,,,,,,,,,,,,,,,,,,,,,,,,,,,,,,,,,,,,,,,,,,,,,,,,,,,,
2761772255,5678949,1H,42,12,00:42:12.470,2535.470985,2761772257.0,,,,,,duel,['loose_ball_duel'],46.0,89.0,7055,Eskilsminne,4-2-3-1,6849,Jönköpings Södra,4-4-1,989683,H. Lindahl,RAMF,,,,,,,,,,,,,,,,,,,,,,,,,,,,,,,,,,,,,,,,,,,,,,,,,,,,,,,,,,,,,,,,,,,,
2761771930,5678949,1H,42,15,00:42:15.612,2538.612912,,,,,,,game_interruption,['ball_out'],62.0,0.0,6849,Jönköpings Södra,4-4-1,7055,Eskilsminne,4-2-3-1,0,,,,,,,,,,,,,,,,,,,,,,,,,,,,,,,,,,,,,,,,,,,,,,,,,,,,,,,,,,,,,,,,,,,,,,
2761772257,5678949,1H,42,29,00:42:29.469,2552.469288,2761772260.0,,,,,,throw_in,[],47.0,100.0,7055,Eskilsminne,4-2-3-1,6849,Jönköpings Södra,4-4-1,813232,J. Albin,RB,True,-43.0,,17.0,338669.0,C. Ljungberg,AMF,59.0,83.0,2761772257.0,13.798742,"['attack', 'throw_in']",8.0,0.0,47.0,100.0,84.0,51.0,7055.0,Eskilsminne,4-2-3-1,,,False,False,False,center,0.0,,,,,,,,,,,,,,,,,,,,,,,,,,,,,,,,,,,,,,,,
2761772260,5678949,1H,42,30,00:42:30.873,2553.873436,2761772262.0,,,,,,pass,"['forward_pass', 'pass_to_final_third', 'short_or_medium_pass', 'under_pressure']",59.0,83.0,7055,Eskilsminne,4-2-3-1,6849,Jönköpings Södra,4-4-1,338669,C. Ljungberg,AMF,True,6.0,,9.0,807610.0,T. Bermudez,CF,68.0,84.0,2761772257.0,13.798742,"['attack', 'throw_in']",8.0,1.0,47.0,100.0,84.0,51.0,7055.0,Eskilsminne,4-2-3-1,,,False,False,False,center,0.0,,,,,,,,,,,,,,,,,,,,,,,,,,,,,,,,,,,,,,,,
2761771932,5678949,1H,42,32,00:42:32.295,2555.295411,2761772263.0,,,,,,duel,"['defensive_duel', 'ground_duel']",32.0,16.0,6849,Jönköpings Södra,4-4-1,7055,Eskilsminne,4-2-3-1,258063,S. Crona,RCMF,,,,,,,,,,2761772257.0,13.798742,"['attack', 'throw_in']",8.0,2.0,47.0,100.0,84.0,51.0,7055.0,Eskilsminne,4-2-3-1,,,False,False,False,center,0.0,807610.0,T. Bermudez,CF,defensive_duel,,,False,False,False,,2761772262.0,,,,,,,,,,,,,,,,,,,,,,,,,,,,,
2761772262,5678949,1H,42,32,00:42:32.295,2555.295411,2761772263.0,,,,,,duel,"['ground_duel', 'offensive_duel']",68.0,84.0,7055,Eskilsminne,4-2-3-1,6849,Jönköpings Södra,4-4-1,807610,T. Bermudez,CF,,,,,,,,,,2761772257.0,13.798742,"['attack', 'throw_in']",8.0,3.0,47.0,100.0,84.0,51.0,7055.0,Eskilsminne,4-2-3-1,,,False,False,False,center,0.0,258063.0,S. Crona,RCMF,offensive_duel,True,True,,,False,,2761771932.0,,,,,,,,,,,,,,,,,,,,,,,,,,,,,
2761772263,5678949,1H,42,33,00:42:33.623,2556.623792,2761772266.0,,,,,,pass,"['lateral_pass', 'short_or_medium_pass']",70.0,79.0,7055,Eskilsminne,4-2-3-1,6849,Jönköpings Södra,4-4-1,807610,T. Bermudez,CF,True,-82.0,,14.0,517376.0,H. Norrby,LDMF,72.0,58.0,2761772257.0,13.798742,"['attack', 'throw_in']",8.0,4.0,47.0,100.0,84.0,51.0,7055.0,Eskilsminne,4-2-3-1,,,False,False,False,center,0.0,,,,,,,,,,,,,,,,,,,,,,,,,,,,,,,,,,,,,,,,
2761772266,5678949,1H,42,36,00:42:36.224,2559.224839,2761772271.0,,,,,,pass,"['lateral_pass', 'short_or_medium_pass']",72.0,58.0,7055,Eskilsminne,4-2-3-1,6849,Jönköpings Södra,4-4-1,517376,H. Norrby,LDMF,True,-87.0,,22.0,989684.0,M. Larsson,LAMF,73.0,26.0,2761772257.0,13.798742,"['attack', 'throw_in']",8.0,5.0,47.0,100.0,84.0,51.0,7055.0,Eskilsminne,4-2-3-1,,,False,False,False,center,0.0,,,,,,,,,,,,,,,,,,,,,,,,,,,,,,,,,,,,,,,,
2761772271,5678949,1H,42,39,00:42:39.933,2562.93347,2761771935.0,,,,,,pass,"['forward_pass', 'long_pass', 'loss', 'pass_to_penalty_area', 'through_pass']",73.0,26.0,7055,Eskilsminne,4-2-3-1,6849,Jönköpings Södra,4-4-1,989684,M. Larsson,LAMF,False,29.0,high,26.0,899727.0,A. Eriksson,GK,95.0,45.0,2761772257.0,13.798742,"['attack', 'throw_in']",8.0,6.0,47.0,100.0,84.0,51.0,7055.0,Eskilsminne,4-2-3-1,,,False,False,False,center,0.0,,,,,,,,,,,,,,,,,,,,,,,,,,,,,,,,,,,,,,,,
2761771935,5678949,1H,42,41,00:42:41.282,2564.28223,2761772271.0,,,,,,goalkeeper_exit,[],5.0,55.0,6849,Jönköpings Södra,4-4-1,7055,Eskilsminne,4-2-3-1,899727,A. Eriksson,GK,,,,,,,,,,2761772257.0,13.798742,"['attack', 'throw_in']",8.0,7.0,47.0,100.0,84.0,51.0,7055.0,Eskilsminne,4-2-3-1,,,False,False,False,center,0.0,,,,,,,,,,,,,,,,,,,,,,,,,,,,,,,,,,,,,,,,
2761771936,5678949,1H,42,45,00:42:45.253,2568.25383,2761771937.0,,,,,,pass,"['hand_pass', 'lateral_pass', 'recovery', 'short_or_medium_pass']",16.0,49.0,6849,Jönköpings Södra,4-4-1,7055,Eskilsminne,4-2-3-1,899727,A. Eriksson,GK,True,-94.0,,14.0,558236.0,L. Eek,LCB,15.0,29.0,2761771936.0,28.054091,[],9.0,0.0,16.0,49.0,34.0,0.0,6849.0,Jönköpings Södra,4-4-1,,,,,,,,,,,,,,,,,,,,,,,,,,,,,,,,,,,,,,,,,,,,,,,
2761771937,5678949,1H,42,46,00:42:46.744,2569.744827,2761771938.0,,,,,,touch,['carry'],15.0,29.0,6849,Jönköpings Södra,4-4-1,7055,Eskilsminne,4-2-3-1,558236,L. Eek,LCB,,,,,,,,,,2761771936.0,28.054091,[],9.0,1.0,16.0,49.0,34.0,0.0,6849.0,Jönköpings Södra,4-4-1,,,,,,,,,,,,,,,,,,,,,,,,,,24.59,38.0,36.0,,,,,,,,,,,,,,,,,,,
2761771938,5678949,1H,42,55,00:42:55.669,2578.669845,2761771939.0,,,,,,pass,"['lateral_pass', 'short_or_medium_pass']",38.0,36.0,6849,Jönköpings Södra,4-4-1,7055,Eskilsminne,4-2-3-1,558236,L. Eek,LCB,True,112.0,,16.0,613701.0,H. Lyck,RCB,32.0,57.0,2761771936.0,28.054091,[],9.0,2.0,16.0,49.0,34.0,0.0,6849.0,Jönköpings Södra,4-4-1,,,,,,,,,,,,,,,,,,,,,,,,,,,,,,,,,,,,,,,,,,,,,,,
2761771939,5678949,1H,42,58,00:42:58.142,2581.142107,2761771940.0,,,,,,pass,"['lateral_pass', 'short_or_medium_pass']",32.0,57.0,6849,Jönköpings Södra,4-4-1,7055,Eskilsminne,4-2-3-1,613701,H. Lyck,RCB,True,-101.0,,20.0,558236.0,L. Eek,LCB,29.0,28.0,2761771936.0,28.054091,[],9.0,3.0,16.0,49.0,34.0,0.0,6849.0,Jönköpings Södra,4-4-1,,,,,,,,,,,,,,,,,,,,,,,,,,,,,,,,,,,,,,,,,,,,,,,
2761771940,5678949,1H,43,1,00:43:01.073,2584.07397,2761771943.0,,,,,,pass,"['back_pass', 'short_or_medium_pass']",29.0,28.0,6849,Jönköpings Södra,4-4-1,7055,Eskilsminne,4-2-3-1,558236,L. Eek,LCB,True,148.0,,19.0,899727.0,A. Eriksson,GK,13.0,42.0,2761771936.0,28.054091,[],9.0,4.0,16.0,49.0,34.0,0.0,6849.0,Jönköpings Södra,4-4-1,,,,,,,,,,,,,,,,,,,,,,,,,,,,,,,,,,,,,,,,,,,,,,,
2761771943,5678949,1H,43,6,00:43:06.014,2589.014899,2761771944.0,,,,,,pass,"['lateral_pass', 'short_or_medium_pass']",13.0,42.0,6849,Jönköpings Södra,4-4-1,7055,Eskilsminne,4-2-3-1,899727,A. Eriksson,GK,True,-62.0,,19.0,558236.0,L. Eek,LCB,22.0,18.0,2761771936.0,28.054091,[],9.0,5.0,16.0,49.0,34.0,0.0,6849.0,Jönköpings Södra,4-4-1,,,,,,,,,,,,,,,,,,,,,,,,,,,,,,,,,,,,,,,,,,,,,,,
2761771944,5678949,1H,43,7,00:43:07.502,2590.502461,2761771946.0,,,,,,pass,"['forward_pass', 'short_or_medium_pass']",22.0,18.0,6849,Jönköpings Södra,4-4-1,7055,Eskilsminne,4-2-3-1,558236,L. Eek,LCB,True,-38.0,,11.0,258063.0,S. Crona,RCMF,30.0,8.0,2761771936.0,28.054091,[],9.0,6.0,16.0,49.0,34.0,0.0,6849.0,Jönköpings Södra,4-4-1,,,,,,,,,,,,,,,,,,,,,,,,,,,,,,,,,,,,,,,,,,,,,,,
2761771946,5678949,1H,43,10,00:43:10.606,2593.606154,2761771947.0,,,,,,pass,['long_pass'],30.0,8.0,6849,Jönköpings Södra,4-4-1,7055,Eskilsminne,4-2-3-1,258063,S. Crona,RCMF,False,-51.0,high,7.0,0.0,,,34.0,0.0,2761771936.0,28.054091,[],9.0,7.0,16.0,49.0,34.0,0.0,6849.0,Jönköpings Södra,4-4-1,,,,,,,,,,,,,,,,,,,,,,,,,,,,,,,,,,,,,,,,,,,,,,,
2761771947,5678949,1H,43,16,00:43:16.009,2599.009688,,,,,,,game_interruption,['ball_out'],34.0,0.0,6849,Jönköpings Södra,4-4-1,7055,Eskilsminne,4-2-3-1,0,,,,,,,,,,,,2761771936.0,28.054091,[],9.0,8.0,16.0,49.0,34.0,0.0,6849.0,Jönköpings Södra,4-4-1,,,,,,,,,,,,,,,,,,,,,,,,,,,,,,,,,,,,,,,,,,,,,,,
2761771949,5678949,1H,43,22,00:43:22.045,2605.045417,2761771951.0,,,,,,throw_in,['carry'],40.0,0.0,6849,Jönköpings Södra,4-4-1,7055,Eskilsminne,4-2-3-1,692804,O. Almström,LB,True,70.0,,12.0,692804.0,O. Almström,LB,44.0,16.0,2761771949.0,19.579734,['throw_in'],8.0,0.0,40.0,0.0,44.0,95.0,6849.0,Jönköpings Södra,4-4-1,,,,,,,,,,,,,,,,,,,,,,,,,,8.407,44.0,16.0,,,,,,,,,,,,,,,,,,,
2761771951,5678949,1H,43,25,00:43:25.850,2608.850082,2761771952.0,,,,,,pass,['short_or_medium_pass'],44.0,16.0,6849,Jönköpings Södra,4-4-1,7055,Eskilsminne,4-2-3-1,692804,O. Almström,LB,True,100.0,,11.0,258063.0,S. Crona,RCMF,42.0,32.0,2761771949.0,19.579734,['throw_in'],8.0,1.0,40.0,0.0,44.0,95.0,6849.0,Jönköpings Södra,4-4-1,,,,,,,,,,,,,,,,,,,,,,,,,,,,,,,,,,,,,,,,,,,,,,,
2761771952,5678949,1H,43,27,00:43:27.364,2610.364094,2761771953.0,,,,,,pass,"['lateral_pass', 'short_or_medium_pass', 'under_pressure']",42.0,32.0,6849,Jönköpings Södra,4-4-1,7055,Eskilsminne,4-2-3-1,258063,S. Crona,RCMF,True,102.0,,24.0,73.0,M. Johansson,RB,37.0,67.0,2761771949.0,19.579734,['throw_in'],8.0,2.0,40.0,0.0,44.0,95.0,6849.0,Jönköpings Södra,4-4-1,,,,,,,,,,,,,,,,,,,,,,,,,,,,,,,,,,,,,,,,,,,,,,,
2761771953,5678949,1H,43,29,00:43:29.433,2612.43367,2761771955.0,,,,,,touch,['carry'],37.0,67.0,6849,Jönköpings Södra,4-4-1,7055,Eskilsminne,4-2-3-1,73,M. Johansson,RB,,,,,,,,,,2761771949.0,19.579734,['throw_in'],8.0,3.0,40.0,0.0,44.0,95.0,6849.0,Jönköpings Södra,4-4-1,,,,,,,,,,,,,,,,,,,,,,,,,,8.376,48.0,82.0,,,,,,,,,,,,,,,,,,,
2761771955,5678949,1H,43,34,00:43:34.330,2617.33034,2761771957.0,,,,,,pass,"['back_pass', 'short_or_medium_pass']",48.0,82.0,6849,Jönköpings Södra,4-4-1,7055,Eskilsminne,4-2-3-1,73,M. Johansson,RB,True,138.0,,14.0,951150.0,H. Israelsson,RW,38.0,96.0,2761771949.0,19.579734,['throw_in'],8.0,4.0,40.0,0.0,44.0,95.0,6849.0,Jönköpings Södra,4-4-1,,,,,,,,,,,,,,,,,,,,,,,,,,,,,,,,,,,,,,,,,,,,,,,
2761771957,5678949,1H,43,40,00:43:40.158,2623.158612,2761771958.0,,,,,,duel,"['ground_duel', 'linkup_play', 'offensive_duel', 'carry']",38.0,96.0,6849,Jönköpings Södra,4-4-1,7055,Eskilsminne,4-2-3-1,951150,H. Israelsson,RW,,,,,,,,,,2761771949.0,19.579734,['throw_in'],8.0,5.0,40.0,0.0,44.0,95.0,6849.0,Jönköpings Södra,4-4-1,,,,,,,,51079.0,L. Ohlander,LB,offensive_duel,False,False,,,False,,2761772278.0,,,,,,,,5.939,44.0,95.0,,,,,,,,,,,,,,,,,,,
2761772278,5678949,1H,43,40,00:43:40.158,2623.158612,2761772280.0,,,,,,duel,"['defensive_duel', 'ground_duel']",62.0,4.0,7055,Eskilsminne,4-2-3-1,6849,Jönköpings Södra,4-4-1,51079,L. Ohlander,LB,,,,,,,,,,2761771949.0,19.579734,['throw_in'],8.0,6.0,40.0,0.0,44.0,95.0,6849.0,Jönköpings Södra,4-4-1,,,,,,,,951150.0,H. Israelsson,RW,defensive_duel,,,True,False,False,,2761771957.0,,,,,,,,,,,,,,,,,,,,,,,,,,,,,
2761771958,5678949,1H,43,41,00:43:41.625,2624.625151,2761772282.0,,,,,,duel,['loose_ball_duel'],44.0,95.0,6849,Jönköpings Södra,4-4-1,7055,Eskilsminne,4-2-3-1,951150,H. Israelsson,RW,,,,,,,,,,2761771949.0,19.579734,['throw_in'],8.0,7.0,40.0,0.0,44.0,95.0,6849.0,Jönköpings Södra,4-4-1,,,,,,,,,,,,,,,,,,,,,,,,,,,,,,,,,,,,,,,,,,,,,,,
2761772280,5678949,1H,43,41,00:43:41.625,2624.625151,2761772282.0,,,,,,duel,"['loose_ball_duel', 'recovery']",56.0,5.0,7055,Eskilsminne,4-2-3-1,6849,Jönköpings Södra,4-4-1,51079,L. Ohlander,LB,,,,,,,,,,2761772280.0,7.748408,['attack'],3.0,0.0,56.0,5.0,83.0,44.0,7055.0,Eskilsminne,4-2-3-1,,,True,True,True,left,0.0812,,,,,,,,,,,,,,,,,,,,,,,,,,,,,,,,,,,,,,,,
2761772282,5678949,1H,43,48,00:43:48.451,2631.451976,2761772284.0,,,,,,pass,"['assist', 'deep_completion', 'key_pass', 'lateral_pass', 'progressive_pass', 'short_or_medium_pass', 'shot_assist']",76.0,19.0,7055,Eskilsminne,4-2-3-1,6849,Jönköpings Södra,4-4-1,51079,L. Ohlander,LB,True,68.0,,19.0,338669.0,C. Ljungberg,AMF,83.0,44.0,2761772280.0,7.748408,['attack'],3.0,1.0,56.0,5.0,83.0,44.0,7055.0,Eskilsminne,4-2-3-1,,,True,True,True,left,0.0812,,,,,,,,,,,,,,,,,,,,,,,,,,,,,,,,,,,,,,,,
2761772284,5678949,1H,43,50,00:43:50.295,2633.295142,,,,,,,shot,"['goal', 'opportunity']",83.0,44.0,7055,Eskilsminne,4-2-3-1,6849,Jönköpings Södra,4-4-1,338669,C. Ljungberg,AMF,,,,,,,,,,2761772280.0,7.748408,['attack'],3.0,2.0,56.0,5.0,83.0,44.0,7055.0,Eskilsminne,4-2-3-1,,,True,True,True,left,0.0812,,,,,,,,,,,,,,,,,,,,,,right_foot,True,True,gbr,0.08125,0.3826,2761771961.0,899727.0,A. Eriksson,,,,,,,,,,
2761771961,5678949,1H,43,51,00:43:51.413,2634.413053,2761772284.0,,,,,,shot_against,['conceded_goal'],6.0,49.0,6849,Jönköpings Södra,4-4-1,7055,Eskilsminne,4-2-3-1,899727,A. Eriksson,GK,,,,,,,,,,,,,,,,,,,,,,,,,,,,,,,,,,,,,,,,,,,,,,,,,,,,,,,,,,,,,,,,,,,,
2761771962,5678949,1H,44,1,00:44:01.198,2644.198497,,,,,,,infraction,['yellow_card'],33.0,43.0,6849,Jönköpings Södra,4-4-1,7055,Eskilsminne,4-2-3-1,73,M. Johansson,RB,,,,,,,,,,,,,,,,,,,,,,,,,,,,,,,,,,,,,,,,True,False,protest_foul,,,,,,,,,,,,,,,,,,,,,,,,,,
2761771963,5678949,1H,45,1,00:45:01.588,2704.588176,2761771964.0,,,,,,pass,"['back_pass', 'short_or_medium_pass']",50.0,50.0,6849,Jönköpings Södra,4-4-1,7055,Eskilsminne,4-2-3-1,1060409,L. Lyck,CF,True,171.0,,13.0,258063.0,S. Crona,RCMF,38.0,53.0,2761771963.0,7.0902695,[],6.0,0.0,50.0,50.0,73.0,14.0,6849.0,Jönköpings Södra,4-4-1,,,,,,,,,,,,,,,,,,,,,,,,,,,,,,,,,,,,,,,,,,,,,,,
2761771964,5678949,1H,45,3,00:45:03.475,2706.475321,2761771966.0,,,,,,pass,"['lateral_pass', 'short_or_medium_pass']",38.0,53.0,6849,Jönköpings Södra,4-4-1,7055,Eskilsminne,4-2-3-1,258063,S. Crona,RCMF,True,-76.0,,25.0,558236.0,L. Eek,LCB,44.0,18.0,2761771963.0,7.0902695,[],6.0,1.0,50.0,50.0,73.0,14.0,6849.0,Jönköpings Södra,4-4-1,,,,,,,,,,,,,,,,,,,,,,,,,,,,,,,,,,,,,,,,,,,,,,,
2761771966,5678949,1H,45,5,00:45:05.073,2708.073335,2761771967.0,,,,,,touch,"['progressive_run', 'carry']",44.0,18.0,6849,Jönköpings Södra,4-4-1,7055,Eskilsminne,4-2-3-1,558236,L. Eek,LCB,,,,,,,,,,2761771963.0,7.0902695,[],6.0,2.0,50.0,50.0,73.0,14.0,6849.0,Jönköpings Södra,4-4-1,,,,,,,,,,,,,,,,,,,,,,,,,,16.32,61.0,18.0,,,,,,,,,,,,,,,,,,,
2761771967,5678949,1H,45,7,00:45:07.845,2710.84529,2761771968.0,,,,,,pass,"['pass_to_final_third', 'short_or_medium_pass']",61.0,18.0,6849,Jönköpings Södra,4-4-1,7055,Eskilsminne,4-2-3-1,558236,L. Eek,LCB,True,-49.0,,11.0,615327.0,I. Ellbring,LW,68.0,6.0,2761771963.0,7.0902695,[],6.0,3.0,50.0,50.0,73.0,14.0,6849.0,Jönköpings Södra,4-4-1,,,,,,,,,,,,,,,,,,,,,,,,,,,,,,,,,,,,,,,,,,,,,,,
2761771968,5678949,1H,45,8,00:45:08.597,2711.597141,2761772290.0,,,,,,pass,"['loss', 'short_or_medium_pass']",68.0,6.0,6849,Jönköpings Södra,4-4-1,7055,Eskilsminne,4-2-3-1,615327,I. Ellbring,LW,False,45.0,,8.0,989683.0,H. Lindahl,RAMF,73.0,14.0,2761771963.0,7.0902695,[],6.0,4.0,50.0,50.0,73.0,14.0,6849.0,Jönköpings Södra,4-4-1,,,,,,,,,,,,,,,,,,,,,,,,,,,,,,,,,,,,,,,,,,,,,,,
2761772290,5678949,1H,45,8,00:45:08.759,2711.75975,2761771969.0,,,,,,interception,[],27.0,86.0,7055,Eskilsminne,4-2-3-1,6849,Jönköpings Södra,4-4-1,989683,H. Lindahl,RAMF,,,,,,,,,,2761771963.0,7.0902695,[],6.0,5.0,50.0,50.0,73.0,14.0,6849.0,Jönköpings Södra,4-4-1,,,,,,,,,,,,,,,,,,,,,,,,,,,,,,,,,,,,,,,,,,,,,,,
2761771969,5678949,1H,45,10,00:45:10.136,2713.136129,,,,,,,game_interruption,['ball_out'],72.0,0.0,6849,Jönköpings Södra,4-4-1,7055,Eskilsminne,4-2-3-1,0,,,,,,,,,,,,,,,,,,,,,,,,,,,,,,,,,,,,,,,,,,,,,,,,,,,,,,,,,,,,,,,,,,,,,,
2761771970,5678949,1H,45,13,00:45:13.693,2716.693901,2761771972.0,,,,,,throw_in,[],66.0,0.0,6849,Jönköpings Södra,4-4-1,7055,Eskilsminne,4-2-3-1,692804,O. Almström,LB,True,28.0,,14.0,615327.0,I. Ellbring,LW,78.0,10.0,2761771970.0,17.3116345,"['attack', 'throw_in']",9.0,0.0,66.0,0.0,87.0,32.0,6849.0,Jönköpings Södra,4-4-1,,,False,False,False,left,0.0,,,,,,,,,,,,,,,,,,,,,,,,,,,,,,,,,,,,,,,,
2761771972,5678949,1H,45,14,00:45:14.440,2717.440159,2761771973.0,,,,,,touch,['carry'],78.0,10.0,6849,Jönköpings Södra,4-4-1,7055,Eskilsminne,4-2-3-1,615327,I. Ellbring,LW,,,,,,,,,,2761771970.0,17.3116345,"['attack', 'throw_in']",9.0,1.0,66.0,0.0,87.0,32.0,6849.0,Jönköpings Södra,4-4-1,,,False,False,False,left,0.0,,,,,,,,,,,,,,,,,,,-10.6,63.0,13.0,,,,,,,,,,,,,,,,,,,
2761771973,5678949,1H,45,19,00:45:19.431,2722.431655,2761771974.0,,,,,,pass,['short_or_medium_pass'],63.0,13.0,6849,Jönköpings Södra,4-4-1,7055,Eskilsminne,4-2-3-1,615327,I. Ellbring,LW,True,106.0,,8.0,558236.0,L. Eek,LCB,61.0,24.0,2761771970.0,17.3116345,"['attack', 'throw_in']",9.0,2.0,66.0,0.0,87.0,32.0,6849.0,Jönköpings Södra,4-4-1,,,False,False,False,left,0.0,,,,,,,,,,,,,,,,,,,,,,,,,,,,,,,,,,,,,,,,
2761771974,5678949,1H,45,22,00:45:22.871,2725.871374,2761771975.0,,,,,,pass,['short_or_medium_pass'],61.0,24.0,6849,Jönköpings Södra,4-4-1,7055,Eskilsminne,4-2-3-1,558236,L. Eek,LCB,True,-80.0,,11.0,615327.0,I. Ellbring,LW,63.0,8.0,2761771970.0,17.3116345,"['attack', 'throw_in']",9.0,3.0,66.0,0.0,87.0,32.0,6849.0,Jönköpings Södra,4-4-1,,,False,False,False,left,0.0,,,,,,,,,,,,,,,,,,,,,,,,,,,,,,,,,,,,,,,,
2761771975,5678949,1H,45,24,00:45:24.243,2727.243473,2761771976.0,,,,,,pass,"['forward_pass', 'pass_to_final_third', 'progressive_pass', 'short_or_medium_pass']",63.0,8.0,6849,Jönköpings Södra,4-4-1,7055,Eskilsminne,4-2-3-1,615327,I. Ellbring,LW,True,4.0,,15.0,692804.0,O. Almström,LB,77.0,9.0,2761771970.0,17.3116345,"['attack', 'throw_in']",9.0,4.0,66.0,0.0,87.0,32.0,6849.0,Jönköpings Södra,4-4-1,,,False,False,False,left,0.0,,,,,,,,,,,,,,,,,,,,,,,,,,,,,,,,,,,,,,,,
2761771976,5678949,1H,45,26,00:45:26.620,2729.620741,2761771977.0,,,,,,pass,"['forward_pass', 'short_or_medium_pass']",77.0,9.0,6849,Jönköpings Södra,4-4-1,7055,Eskilsminne,4-2-3-1,692804,O. Almström,LB,True,-6.0,,10.0,51679.0,J. Drott,LCMF,86.0,7.0,2761771970.0,17.3116345,"['attack', 'throw_in']",9.0,5.0,66.0,0.0,87.0,32.0,6849.0,Jönköpings Södra,4-4-1,,,False,False,False,left,0.0,,,,,,,,,,,,,,,,,,,,,,,,,,,,,,,,,,,,,,,,
2761771977,5678949,1H,45,28,00:45:28.523,2731.523995,2761771979.0,,,,,,duel,"['dribble', 'ground_duel', 'offensive_duel']",86.0,7.0,6849,Jönköpings Södra,4-4-1,7055,Eskilsminne,4-2-3-1,51679,J. Drott,LCMF,,,,,,,,,,2761771970.0,17.3116345,"['attack', 'throw_in']",9.0,6.0,66.0,0.0,87.0,32.0,6849.0,Jönköpings Södra,4-4-1,,,False,False,False,left,0.0,493674.0,C. Seger,RDMF,dribble,True,True,,,False,left,2761772293.0,,,,,,,,,,,,,,,,,,,,,,,,,,,,,
2761772293,5678949,1H,45,28,00:45:28.523,2731.523995,2761771979.0,,,,,,duel,"['defensive_duel', 'ground_duel']",14.0,93.0,7055,Eskilsminne,4-2-3-1,6849,Jönköpings Södra,4-4-1,493674,C. Seger,RDMF,,,,,,,,,,2761771970.0,17.3116345,"['attack', 'throw_in']",9.0,7.0,66.0,0.0,87.0,32.0,6849.0,Jönköpings Södra,4-4-1,,,False,False,False,left,0.0,51679.0,J. Drott,LCMF,defensive_duel,,,False,False,False,right,2761771977.0,,,,,,,,,,,,,,,,,,,,,,,,,,,,,
2761771979,5678949,1H,45,30,00:45:30.584,2733.584713,2761772294.0,,,,,,pass,"['cross', 'lateral_pass', 'loss', 'pass_to_penalty_area']",83.0,10.0,6849,Jönköpings Södra,4-4-1,7055,Eskilsminne,4-2-3-1,51679,J. Drott,LCMF,False,75.0,high,16.0,739449.0,L. Larsen,RCB,87.0,32.0,2761771970.0,17.3116345,"['attack', 'throw_in']",9.0,8.0,66.0,0.0,87.0,32.0,6849.0,Jönköpings Södra,4-4-1,,,False,False,False,left,0.0,,,,,,,,,,,,,,,,,,,,,,,,,,,,,,,,,,,,,,,,
2761772294,5678949,1H,45,31,00:45:31.426,2734.426358,2761772296.0,,,,,,interception,"['head_pass', 'lateral_pass', 'pass', 'recovery', 'short_or_medium_pass']",13.0,68.0,7055,Eskilsminne,4-2-3-1,6849,Jönköpings Södra,4-4-1,739449,L. Larsen,RCB,True,-90.0,high,14.0,51079.0,L. Ohlander,LB,13.0,48.0,2761772294.0,10.099019,['transition_low'],9.0,0.0,13.0,68.0,55.0,48.0,7055.0,Eskilsminne,4-2-3-1,,,,,,,,,,,,,,,,,,,,,,,,,,,,,,,,,,,,,,,,,,,,,,,
2761772296,5678949,1H,45,32,00:45:32.563,2735.563284,2761772299.0,,,,,,clearance,['head_pass'],13.0,48.0,7055,Eskilsminne,4-2-3-1,6849,Jönköpings Södra,4-4-1,51079,L. Ohlander,LB,,,,,,,,,,2761772294.0,10.099019,['transition_low'],9.0,1.0,13.0,68.0,55.0,48.0,7055.0,Eskilsminne,4-2-3-1,,,,,,,,,,,,,,,,,,,,,,,,,,,,,,,,,,,,,,,,,,,,,,,
2761772299,5678949,1H,45,34,00:45:34.588,2737.588274,2761772300.0,,,,,,duel,"['dribble', 'ground_duel', 'offensive_duel', 'carry']",23.0,36.0,7055,Eskilsminne,4-2-3-1,6849,Jönköpings Södra,4-4-1,989684,M. Larsson,LAMF,,,,,,,,,,2761772294.0,10.099019,['transition_low'],9.0,2.0,13.0,68.0,55.0,48.0,7055.0,Eskilsminne,4-2-3-1,,,,,,,,0.0,,,dribble,True,True,,,True,right,2761773432.0,,,,,,,,5.86,29.0,32.0,,,,,,,,,,,,,,,,,,,
2761773432,5678949,1H,45,34,00:45:34.588,2737.588274,2761772300.0,,,,,,duel,"['defensive_duel', 'dribbled_past_attempt', 'ground_duel']",77.0,64.0,6849,Jönköpings Södra,4-4-1,7055,Eskilsminne,4-2-3-1,0,,,,,,,,,,,,2761772294.0,10.099019,['transition_low'],9.0,3.0,13.0,68.0,55.0,48.0,7055.0,Eskilsminne,4-2-3-1,,,,,,,,989684.0,M. Larsson,LAMF,defensive_duel,,,False,False,True,left,2761772299.0,,,,,,,,,,,,,,,,,,,,,,,,,,,,,
2761772300,5678949,1H,45,36,00:45:36.509,2739.509283,2761772301.0,,,,,,pass,"['lateral_pass', 'short_or_medium_pass']",29.0,32.0,7055,Eskilsminne,4-2-3-1,6849,Jönköpings Södra,4-4-1,989684,M. Larsson,LAMF,True,57.0,,31.0,338669.0,C. Ljungberg,AMF,45.0,70.0,2761772294.0,10.099019,['transition_low'],9.0,4.0,13.0,68.0,55.0,48.0,7055.0,Eskilsminne,4-2-3-1,,,,,,,,,,,,,,,,,,,,,,,,,,,,,,,,,,,,,,,,,,,,,,,
2761772301,5678949,1H,45,38,00:45:38.327,2741.327268,2761771982.0,,,,,,touch,"['loss', 'carry']",45.0,70.0,7055,Eskilsminne,4-2-3-1,6849,Jönköpings Södra,4-4-1,338669,C. Ljungberg,AMF,,,,,,,,,,2761772294.0,10.099019,['transition_low'],9.0,5.0,13.0,68.0,55.0,48.0,7055.0,Eskilsminne,4-2-3-1,,,,,,,,,,,,,,,,,,,,,,,,,,1.384,45.0,57.0,,,,,,,,,,,,,,,,,,,
2761771982,5678949,1H,45,39,00:45:39.697,2742.697814,2761771983.0,,,,,,pass,"['back_pass', 'recovery', 'short_or_medium_pass']",55.0,36.0,6849,Jönköpings Södra,4-4-1,7055,Eskilsminne,4-2-3-1,51679,J. Drott,LCMF,True,-135.0,,3.0,558236.0,L. Eek,LCB,53.0,33.0,2761772294.0,10.099019,['transition_low'],9.0,6.0,13.0,68.0,55.0,48.0,7055.0,Eskilsminne,4-2-3-1,,,,,,,,,,,,,,,,,,,,,,,,,,,,,,,,,,,,,,,,,,,,,,,
2761771983,5678949,1H,45,40,00:45:40.318,2743.318421,2761772303.0,,,,,,touch,['loss'],53.0,33.0,6849,Jönköpings Södra,4-4-1,7055,Eskilsminne,4-2-3-1,558236,L. Eek,LCB,,,,,,,,,,2761772294.0,10.099019,['transition_low'],9.0,7.0,13.0,68.0,55.0,48.0,7055.0,Eskilsminne,4-2-3-1,,,,,,,,,,,,,,,,,,,,,,,,,,,,,,,,,,,,,,,,,,,,,,,
2761772303,5678949,1H,45,41,00:45:41.376,2744.376201,2761771984.0,,,,,,pass,"['forward_pass', 'loss', 'short_or_medium_pass']",45.0,57.0,7055,Eskilsminne,4-2-3-1,6849,Jönköpings Södra,4-4-1,338669,C. Ljungberg,AMF,False,-29.0,,12.0,258063.0,S. Crona,RDMF,55.0,48.0,2761772294.0,10.099019,['transition_low'],9.0,8.0,13.0,68.0,55.0,48.0,7055.0,Eskilsminne,4-2-3-1,,,,,,,,,,,,,,,,,,,,,,,,,,,,,,,,,,,,,,,,,,,,,,,
2761771984,5678949,1H,45,41,00:45:41.674,2744.674553,2761771985.0,,,,,,touch,[],45.0,52.0,6849,Jönköpings Södra,4-4-1,7055,Eskilsminne,4-2-3-1,258063,S. Crona,RCMF,,,,,,,,,,2761771984.0,12.844645,['attack'],8.0,0.0,45.0,52.0,100.0,65.0,6849.0,Jönköpings Södra,4-4-1,,,False,False,False,center,0.0,,,,,,,,,,,,,,,,,,,,,,,,,,,,,,,,,,,,,,,,
2761771985,5678949,1H,45,46,00:45:46.155,2749.155141,2761771986.0,,,,,,pass,"['lateral_pass', 'short_or_medium_pass']",57.0,63.0,6849,Jönköpings Södra,4-4-1,7055,Eskilsminne,4-2-3-1,51679,J. Drott,LCMF,True,76.0,,20.0,951150.0,H. Israelsson,RW,62.0,92.0,2761771984.0,12.844645,['attack'],8.0,1.0,45.0,52.0,100.0,65.0,6849.0,Jönköpings Södra,4-4-1,,,False,False,False,center,0.0,,,,,,,,,,,,,,,,,,,,,,,,,,,,,,,,,,,,,,,,
2761771986,5678949,1H,45,47,00:45:47.915,2750.915682,2761771987.0,,,,,,touch,"['progressive_run', 'carry']",62.0,92.0,6849,Jönköpings Södra,4-4-1,7055,Eskilsminne,4-2-3-1,951150,H. Israelsson,RW,,,,,,,,,,2761771984.0,12.844645,['attack'],8.0,2.0,45.0,52.0,100.0,65.0,6849.0,Jönköpings Södra,4-4-1,,,False,False,False,center,0.0,,,,,,,,,,,,,,,,,,,11.27,75.0,90.0,,,,,,,,,,,,,,,,,,,
2761771987,5678949,1H,45,50,00:45:50.547,2753.547048,2761771989.0,,,,,,pass,"['deep_completion', 'forward_pass', 'pass_to_penalty_area', 'progressive_pass', 'short_or_medium_pass']",75.0,90.0,6849,Jönköpings Södra,4-4-1,7055,Eskilsminne,4-2-3-1,951150,H. Israelsson,RW,True,-28.0,,26.0,615327.0,I. Ellbring,LW,97.0,72.0,2761771984.0,12.844645,['attack'],8.0,3.0,45.0,52.0,100.0,65.0,6849.0,Jönköpings Södra,4-4-1,,,False,False,False,center,0.0,,,,,,,,,,,,,,,,,,,,,,,,,,,,,,,,,,,,,,,,
2761771989,5678949,1H,45,53,00:45:53.008,2756.008606,2761771991.0,,,,,,pass,"['deep_completion', 'short_or_medium_pass', 'touch_in_box']",97.0,72.0,6849,Jönköpings Södra,4-4-1,7055,Eskilsminne,4-2-3-1,615327,I. Ellbring,LW,True,-111.0,,9.0,1060409.0,L. Lyck,CF,94.0,60.0,2761771984.0,12.844645,['attack'],8.0,4.0,45.0,52.0,100.0,65.0,6849.0,Jönköpings Södra,4-4-1,,,False,False,False,center,0.0,,,,,,,,,,,,,,,,,,,,,,,,,,,,,,,,,,,,,,,,
2761771991,5678949,1H,45,53,00:45:53.490,2756.490603,2761771995.0,,,,,,duel,['loose_ball_duel'],94.0,60.0,6849,Jönköpings Södra,4-4-1,7055,Eskilsminne,4-2-3-1,1060409,L. Lyck,CF,,,,,,,,,,2761771984.0,12.844645,['attack'],8.0,5.0,45.0,52.0,100.0,65.0,6849.0,Jönköpings Södra,4-4-1,,,False,False,False,center,0.0,,,,,,,,,,,,,,,,,,,,,,,,,,,,,,,,,,,,,,,,
2761772308,5678949,1H,45,53,00:45:53.490,2756.490603,2761771995.0,,,,,,duel,['loose_ball_duel'],6.0,40.0,7055,Eskilsminne,4-2-3-1,6849,Jönköpings Södra,4-4-1,739449,L. Larsen,RCB,,,,,,,,,,2761771984.0,12.844645,['attack'],8.0,6.0,45.0,52.0,100.0,65.0,6849.0,Jönköpings Södra,4-4-1,,,False,False,False,center,0.0,,,,,,,,,,,,,,,,,,,,,,,,,,,,,,,,,,,,,,,,
2761771993,5678949,1H,45,55,00:45:55.547,2758.547793,,,,,,,game_interruption,['ball_out'],100.0,65.0,6849,Jönköpings Södra,4-4-1,7055,Eskilsminne,4-2-3-1,0,,,,,,,,,,,,2761771984.0,12.844645,['attack'],8.0,7.0,45.0,52.0,100.0,65.0,6849.0,Jönköpings Södra,4-4-1,,,False,False,False,center,0.0,,,,,,,,,,,,,,,,,,,,,,,,,,,,,,,,,,,,,,,,
2761771995,5678949,1H,46,17,00:46:17.488,2780.488373,2761772000.0,,,,,,corner,[],100.0,100.0,6849,Jönköpings Södra,4-4-1,7055,Eskilsminne,4-2-3-1,615327,I. Ellbring,LW,True,-105.0,high,34.0,258063.0,S. Crona,RCMF,91.0,52.0,2761771995.0,3.653669,"['corner', 'set_piece_attack', 'attack']",4.0,0.0,100.0,100.0,94.0,43.0,6849.0,Jönköpings Södra,4-4-1,,,False,False,False,center,0.0,,,,,,,,,,,,,,,,,,,,,,,,,,,,,,,,,,,,,,,,
2761772311,5678949,1H,46,19,00:46:19.186,2782.186377,2761772314.0,,,,,,duel,['aerial_duel'],9.0,48.0,7055,Eskilsminne,4-2-3-1,6849,Jönköpings Södra,4-4-1,739449,L. Larsen,RCB,,,,,,,,,,2761771995.0,3.653669,"['corner', 'set_piece_attack', 'attack']",4.0,1.0,100.0,100.0,94.0,43.0,6849.0,Jönköpings Södra,4-4-1,,,False,False,False,center,0.0,,,,,,,,,,,,,,,,,,,,,,,,,,,,,,,,258063.0,S. Crona,RCMF,183.0,False,192.0,2761772000.0,,
2761772000,5678949,1H,46,19,00:46:19.434,2782.434135,2761772001.0,,,,,,duel,['aerial_duel'],91.0,52.0,6849,Jönköpings Södra,4-4-1,7055,Eskilsminne,4-2-3-1,258063,S. Crona,RCMF,,,,,,,,,,2761771995.0,3.653669,"['corner', 'set_piece_attack', 'attack']",4.0,2.0,100.0,100.0,94.0,43.0,6849.0,Jönköpings Södra,4-4-1,,,False,False,False,center,0.0,,,,,,,,,,,,,,,,,,,,,,,,,,,,,,,,739449.0,L. Larsen,RCB,192.0,False,183.0,2761772311.0,,
2761772001,5678949,1H,46,21,00:46:21.142,2784.142042,2761772316.0,,,,,,duel,"['ground_duel', 'loss', 'offensive_duel']",94.0,43.0,6849,Jönköpings Södra,4-4-1,7055,Eskilsminne,4-2-3-1,951150,H. Israelsson,RW,,,,,,,,,,2761771995.0,3.653669,"['corner', 'set_piece_attack', 'attack']",4.0,3.0,100.0,100.0,94.0,43.0,6849.0,Jönköpings Södra,4-4-1,,,False,False,False,center,0.0,338669.0,C. Ljungberg,AMF,offensive_duel,False,False,,,False,,2761772314.0,,,,,,,,,,,,,,,,,,,,,,,,,,,,,
2761772314,5678949,1H,46,21,00:46:21.142,2784.142042,2761772316.0,,,,,,duel,"['defensive_duel', 'ground_duel', 'recovery', 'counterpressing_recovery']",6.0,57.0,7055,Eskilsminne,4-2-3-1,6849,Jönköpings Södra,4-4-1,338669,C. Ljungberg,AMF,,,,,,,,,,2761772314.0,5.600615,[],3.0,0.0,6.0,57.0,20.0,100.0,7055.0,Eskilsminne,4-2-3-1,,,,,,,,951150.0,H. Israelsson,RW,defensive_duel,,,True,True,False,,2761772001.0,,,,,,,,,,,,,,,,,,,,,,,,,,,,,
2761772316,5678949,1H,46,24,00:46:24.910,2787.910555,2761772002.0,,,,,,clearance,[],12.0,55.0,7055,Eskilsminne,4-2-3-1,6849,Jönköpings Södra,4-4-1,493674,C. Seger,RDMF,,,,,,,,,,2761772314.0,5.600615,[],3.0,1.0,6.0,57.0,20.0,100.0,7055.0,Eskilsminne,4-2-3-1,,,,,,,,,,,,,,,,,,,,,,,,,,,,,,,,,,,,,,,,,,,,,,,
2761772002,5678949,1H,46,28,00:46:28.574,2791.574759,,,,,,,game_interruption,['ball_out'],80.0,0.0,6849,Jönköpings Södra,4-4-1,7055,Eskilsminne,4-2-3-1,0,,,,,,,,,,,,2761772314.0,5.600615,[],3.0,2.0,6.0,57.0,20.0,100.0,7055.0,Eskilsminne,4-2-3-1,,,,,,,,,,,,,,,,,,,,,,,,,,,,,,,,,,,,,,,,,,,,,,,
2761772004,5678949,1H,46,33,00:46:33.192,2796.192045,2761772006.0,,,,,,throw_in,[],75.0,0.0,6849,Jönköpings Södra,4-4-1,7055,Eskilsminne,4-2-3-1,692804,O. Almström,LB,True,108.0,,12.0,558236.0,L. Eek,LCB,71.0,17.0,2761772004.0,5.019006,"['attack', 'throw_in']",4.0,0.0,75.0,0.0,92.0,50.0,6849.0,Jönköpings Södra,4-4-1,,,False,False,False,left,0.0,,,,,,,,,,,,,,,,,,,,,,,,,,,,,,,,,,,,,,,,
2761772006,5678949,1H,46,36,00:46:36.793,2799.793601,2761772008.0,,,,,,pass,"['cross', 'deep_completed_cross', 'lateral_pass', 'pass_to_penalty_area', 'progressive_pass']",71.0,17.0,6849,Jönköpings Södra,4-4-1,7055,Eskilsminne,4-2-3-1,558236,L. Eek,LCB,True,45.0,high,31.0,1060409.0,L. Lyck,CF,92.0,50.0,2761772004.0,5.019006,"['attack', 'throw_in']",4.0,1.0,75.0,0.0,92.0,50.0,6849.0,Jönköpings Södra,4-4-1,,,False,False,False,left,0.0,,,,,,,,,,,,,,,,,,,,,,,,,,,,,,,,,,,,,,,,
2761772008,5678949,1H,46,38,00:46:38.211,2801.211051,2761772990.0,,,,,,duel,['aerial_duel'],92.0,50.0,6849,Jönköpings Södra,4-4-1,7055,Eskilsminne,4-2-3-1,1060409,L. Lyck,CF,,,,,,,,,,2761772004.0,5.019006,"['attack', 'throw_in']",4.0,2.0,75.0,0.0,92.0,50.0,6849.0,Jönköpings Södra,4-4-1,,,False,False,False,left,0.0,,,,,,,,,,,,,,,,,,,,,,,,,,,,,,,,739449.0,L. Larsen,RCB,192.0,False,0.0,2761772317.0,,
2761772317,5678949,1H,46,38,00:46:38.211,2801.211051,2761772990.0,,,,,,duel,"['aerial_duel', 'recovery']",8.0,50.0,7055,Eskilsminne,4-2-3-1,6849,Jönköpings Södra,4-4-1,739449,L. Larsen,RCB,,,,,,,,,,2761772004.0,5.019006,"['attack', 'throw_in']",4.0,3.0,75.0,0.0,92.0,50.0,6849.0,Jönköpings Södra,4-4-1,,,False,False,False,left,0.0,,,,,,,,,,,,,,,,,,,,,,,,,,,,,,,,1060409.0,L. Lyck,CF,0.0,True,192.0,2761772008.0,,
2761772009,5678949,1H,46,41,00:46:41.472,2804.472312,,,,,,,game_interruption,['ball_out'],100.0,68.0,6849,Jönköpings Södra,4-4-1,7055,Eskilsminne,4-2-3-1,0,,,,,,,,,,,,,,,,,,,,,,,,,,,,,,,,,,,,,,,,,,,,,,,,,,,,,,,,,,,,,,,,,,,,,,
2761772990,5678949,1H,47,0,00:47:00.610,2823.610059,2761772011.0,,,,,,corner,[],100.0,100.0,6849,Jönköpings Södra,4-4-1,7055,Eskilsminne,4-2-3-1,615327,I. Ellbring,LW,True,-103.0,high,28.0,51679.0,J. Drott,LCMF,94.0,60.0,2761772990.0,14.836437,"['corner', 'set_piece_attack', 'attack']",11.0,0.0,100.0,100.0,88.0,54.0,6849.0,Jönköpings Södra,4-4-1,,,True,True,False,right,0.1022,,,,,,,,,,,,,,,,,,,,,,,,,,,,,,,,,,,,,,,,
2761772011,5678949,1H,47,1,00:47:01.152,2824.152105,2761772319.0,,,,,,duel,['loose_ball_duel'],94.0,60.0,6849,Jönköpings Södra,4-4-1,7055,Eskilsminne,4-2-3-1,51679,J. Drott,LCMF,,,,,,,,,,2761772990.0,14.836437,"['corner', 'set_piece_attack', 'attack']",11.0,1.0,100.0,100.0,88.0,54.0,6849.0,Jönköpings Södra,4-4-1,,,True,True,False,right,0.1022,,,,,,,,,,,,,,,,,,,,,,,,,,,,,,,,,,,,,,,,
2761773433,5678949,1H,47,1,00:47:01.152,2824.152105,2761772319.0,,,,,,duel,['loose_ball_duel'],6.0,40.0,7055,Eskilsminne,4-2-3-1,6849,Jönköpings Södra,4-4-1,0,,,,,,,,,,,,2761772990.0,14.836437,"['corner', 'set_piece_attack', 'attack']",11.0,2.0,100.0,100.0,88.0,54.0,6849.0,Jönköpings Södra,4-4-1,,,True,True,False,right,0.1022,,,,,,,,,,,,,,,,,,,,,,,,,,,,,,,,,,,,,,,,
2761772319,5678949,1H,47,1,00:47:01.729,2824.729963,2761772012.0,,,,,,interception,"['head_pass', 'loss']",6.0,44.0,7055,Eskilsminne,4-2-3-1,6849,Jönköpings Södra,4-4-1,566323,F. Velander,LCB,,,,,,,,,,2761772990.0,14.836437,"['corner', 'set_piece_attack', 'attack']",11.0,3.0,100.0,100.0,88.0,54.0,6849.0,Jönköpings Södra,4-4-1,,,True,True,False,right,0.1022,,,,,,,,,,,,,,,,,,,,,,,,,,,,,,,,,,,,,,,,
2761772012,5678949,1H,47,5,00:47:05.504,2828.504039,2761772013.0,,,,,,pass,"['forward_pass', 'pass_to_final_third', 'recovery', 'counterpressing_recovery', 'short_or_medium_pass']",66.0,83.0,6849,Jönköpings Södra,4-4-1,7055,Eskilsminne,4-2-3-1,73,M. Johansson,RB,True,39.0,,14.0,615327.0,I. Ellbring,LW,76.0,96.0,2761772990.0,14.836437,"['corner', 'set_piece_attack', 'attack']",11.0,4.0,100.0,100.0,88.0,54.0,6849.0,Jönköpings Södra,4-4-1,,,True,True,False,right,0.1022,,,,,,,,,,,,,,,,,,,,,,,,,,,,,,,,,,,,,,,,
2761772013,5678949,1H,47,6,00:47:06.709,2829.709969,2761772014.0,,,,,,touch,"['progressive_run', 'carry']",76.0,96.0,6849,Jönköpings Södra,4-4-1,7055,Eskilsminne,4-2-3-1,615327,I. Ellbring,LW,,,,,,,,,,2761772990.0,14.836437,"['corner', 'set_piece_attack', 'attack']",11.0,5.0,100.0,100.0,88.0,54.0,6849.0,Jönköpings Södra,4-4-1,,,True,True,False,right,0.1022,,,,,,,,,,,,,,,,,,,14.47,95.0,87.0,,,,,,,,,,,,,,,,,,,
2761772014,5678949,1H,47,10,00:47:10.816,2833.816633,2761772015.0,,,,,,duel,"['dribble', 'ground_duel', 'offensive_duel']",91.0,82.0,6849,Jönköpings Södra,4-4-1,7055,Eskilsminne,4-2-3-1,615327,I. Ellbring,LW,,,,,,,,,,2761772990.0,14.836437,"['corner', 'set_piece_attack', 'attack']",11.0,6.0,100.0,100.0,88.0,54.0,6849.0,Jönköpings Södra,4-4-1,,,True,True,False,right,0.1022,989684.0,M. Larsson,LAMF,dribble,True,False,,,False,left,2761772320.0,,,,,,,,,,,,,,,,,,,,,,,,,,,,,
2761772320,5678949,1H,47,10,00:47:10.816,2833.816633,2761772015.0,,,,,,duel,"['defensive_duel', 'ground_duel']",9.0,18.0,7055,Eskilsminne,4-2-3-1,6849,Jönköpings Södra,4-4-1,989684,M. Larsson,LAMF,,,,,,,,,,2761772990.0,14.836437,"['corner', 'set_piece_attack', 'attack']",11.0,7.0,100.0,100.0,88.0,54.0,6849.0,Jönköpings Södra,4-4-1,,,True,True,False,right,0.1022,615327.0,I. Ellbring,LW,defensive_duel,,,True,False,False,right,2761772014.0,,,,,,,,,,,,,,,,,,,,,,,,,,,,,
2761772015,5678949,1H,47,12,00:47:12.294,2835.294017,2761772016.0,,,,,,pass,"['cross', 'deep_completed_cross', 'lateral_pass', 'pass_to_penalty_area', 'progressive_pass']",95.0,87.0,6849,Jönköpings Södra,4-4-1,7055,Eskilsminne,4-2-3-1,615327,I. Ellbring,LW,True,-85.0,high,33.0,613701.0,H. Lyck,RCB,98.0,39.0,2761772990.0,14.836437,"['corner', 'set_piece_attack', 'attack']",11.0,8.0,100.0,100.0,88.0,54.0,6849.0,Jönköpings Södra,4-4-1,,,True,True,False,right,0.1022,,,,,,,,,,,,,,,,,,,,,,,,,,,,,,,,,,,,,,,,
2761772016,5678949,1H,47,14,00:47:14.434,2837.434766,2761772019.0,,,,,,pass,"['back_pass', 'deep_completion', 'head_pass', 'key_pass', 'short_or_medium_pass', 'shot_assist', 'touch_in_box']",98.0,39.0,6849,Jönköpings Södra,4-4-1,7055,Eskilsminne,4-2-3-1,613701,H. Lyck,RCB,True,138.0,high,15.0,1060409.0,L. Lyck,CF,88.0,54.0,2761772990.0,14.836437,"['corner', 'set_piece_attack', 'attack']",11.0,9.0,100.0,100.0,88.0,54.0,6849.0,Jönköpings Södra,4-4-1,,,True,True,False,right,0.1022,,,,,,,,,,,,,,,,,,,,,,,,,,,,,,,,,,,,,,,,
2761772019,5678949,1H,47,16,00:47:16.458,2839.458226,,,,,,,shot,"['opportunity', 'touch_in_box']",88.0,54.0,6849,Jönköpings Södra,4-4-1,7055,Eskilsminne,4-2-3-1,1060409,L. Lyck,CF,,,,,,,,,,2761772990.0,14.836437,"['corner', 'set_piece_attack', 'attack']",11.0,10.0,100.0,100.0,88.0,54.0,6849.0,Jönköpings Södra,4-4-1,,,True,True,False,right,0.1022,,,,,,,,,,,,,,,,,,,,,,left_foot,False,True,gc,0.1022,0.1596,2761772322.0,693887.0,H. Pauli,,,,,,,,,,
2761772322,5678949,1H,47,18,00:47:18.141,2841.141511,2761772019.0,,,,,,shot_against,"['save', 'save_with_reflex']",4.0,46.0,7055,Eskilsminne,4-2-3-1,6849,Jönköpings Södra,4-4-1,693887,H. Pauli,GK,,,,,,,,,,,,,,,,,,,,,,,,,,,,,,,,,,,,,,,,,,,,,,,,,,,,,,,,,,,,,,,,,,,,
2761772325,5678949,1H,47,39,00:47:39.933,2862.93305,2761772020.0,,,,,,pass,"['forward_pass', 'long_pass', 'loss']",15.0,69.0,7055,Eskilsminne,4-2-3-1,6849,Jönköpings Södra,4-4-1,693887,H. Pauli,GK,False,3.0,high,50.0,258063.0,S. Crona,RDMF,63.0,73.0,2761772325.0,2.0447155,[],1.0,0.0,15.0,69.0,63.0,73.0,7055.0,Eskilsminne,4-2-3-1,,,,,,,,,,,,,,,,,,,,,,,,,,,,,,,,,,,,,,,,,,,,,,,
2761772020,5678949,1H,47,44,00:47:44.022,2867.022481,2761772021.0,,,,,,pass,"['forward_pass', 'head_pass', 'progressive_pass', 'recovery', 'counterpressing_recovery', 'short_or_medium_pass']",37.0,27.0,6849,Jönköpings Södra,4-4-1,7055,Eskilsminne,4-2-3-1,258063,S. Crona,RCMF,True,9.0,high,25.0,615327.0,I. Ellbring,LW,61.0,32.0,2761772020.0,2.987054,[],3.0,0.0,37.0,27.0,64.0,0.0,6849.0,Jönköpings Södra,4-4-1,,,,,,,,,,,,,,,,,,,,,,,,,,,,,,,,,,,,,,,,,,,,,,,
2761772021,5678949,1H,47,45,00:47:45.476,2868.476461,2761772022.0,,,,,,pass,"['lateral_pass', 'short_or_medium_pass']",61.0,32.0,6849,Jönköpings Södra,4-4-1,7055,Eskilsminne,4-2-3-1,615327,I. Ellbring,LW,False,-82.0,,22.0,0.0,,,64.0,0.0,2761772020.0,2.987054,[],3.0,1.0,37.0,27.0,64.0,0.0,6849.0,Jönköpings Södra,4-4-1,,,,,,,,,,,,,,,,,,,,,,,,,,,,,,,,,,,,,,,,,,,,,,,
2761772022,5678949,1H,47,48,00:47:48.542,2871.542609,,,,,,,game_interruption,['ball_out'],64.0,0.0,6849,Jönköpings Södra,4-4-1,7055,Eskilsminne,4-2-3-1,0,,,,,,,,,,,,2761772020.0,2.987054,[],3.0,2.0,37.0,27.0,64.0,0.0,6849.0,Jönköpings Södra,4-4-1,,,,,,,,,,,,,,,,,,,,,,,,,,,,,,,,,,,,,,,,,,,,,,,
2761772327,5678949,1H,48,1,00:48:01.778,2884.77856,2761772328.0,,,,,,throw_in,[],35.0,100.0,7055,Eskilsminne,4-2-3-1,6849,Jönköpings Södra,4-4-1,813232,J. Albin,RB,True,-60.0,,8.0,989683.0,H. Lindahl,RAMF,39.0,90.0,2761772327.0,0.721332,['throw_in'],3.0,0.0,35.0,100.0,39.0,90.0,7055.0,Eskilsminne,4-2-3-1,,,,,,,,,,,,,,,,,,,,,,,,,,,,,,,,,,,,,,,,,,,,,,,
2761772024,5678949,1H,48,2,00:48:02.499,2885.499892,,,,,,,duel,['loose_ball_duel'],61.0,10.0,6849,Jönköpings Södra,4-4-1,7055,Eskilsminne,4-2-3-1,692804,O. Almström,LB,,,,,,,,,,2761772327.0,0.721332,['throw_in'],3.0,1.0,35.0,100.0,39.0,90.0,7055.0,Eskilsminne,4-2-3-1,,,,,,,,,,,,,,,,,,,,,,,,,,,,,,,,,,,,,,,,,,,,,,,
2761772328,5678949,1H,48,2,00:48:02.499,2885.499892,,,,,,,duel,['loose_ball_duel'],39.0,90.0,7055,Eskilsminne,4-2-3-1,6849,Jönköpings Södra,4-4-1,989683,H. Lindahl,RAMF,,,,,,,,,,2761772327.0,0.721332,['throw_in'],3.0,2.0,35.0,100.0,39.0,90.0,7055.0,Eskilsminne,4-2-3-1,,,,,,,,,,,,,,,,,,,,,,,,,,,,,,,,,,,,,,,,,,,,,,,
2761772025,5678949,2H,45,2,00:45:02.837,2892.83771,2761772029.0,,,,,,pass,"['lateral_pass', 'short_or_medium_pass']",49.0,51.0,6849,Jönköpings Södra,4-4-1,7055,Eskilsminne,4-2-3-1,1060409,L. Lyck,CF,True,-118.0,,26.0,558236.0,L. Eek,LCB,37.0,17.0,2761772025.0,34.7940175,[],12.0,0.0,49.0,51.0,84.0,100.0,6849.0,Jönköpings Södra,4-4-1,,,,,,,,,,,,,,,,,,,,,,,,,,,,,,,,,,,,,,,,,,,,,,,
2761772029,5678949,2H,45,6,00:45:06.690,2896.690372,2761772030.0,,,,,,pass,"['lateral_pass', 'short_or_medium_pass']",37.0,17.0,6849,Jönköpings Södra,4-4-1,7055,Eskilsminne,4-2-3-1,558236,L. Eek,LCB,True,69.0,,20.0,258063.0,S. Crona,RCMF,44.0,44.0,2761772025.0,34.7940175,[],12.0,1.0,49.0,51.0,84.0,100.0,6849.0,Jönköpings Södra,4-4-1,,,,,,,,,,,,,,,,,,,,,,,,,,,,,,,,,,,,,,,,,,,,,,,
2761772030,5678949,2H,45,11,00:45:11.428,2901.428051,2761772032.0,,,,,,pass,"['lateral_pass', 'short_or_medium_pass']",44.0,44.0,6849,Jönköpings Södra,4-4-1,7055,Eskilsminne,4-2-3-1,258063,S. Crona,RCMF,True,112.0,,19.0,613701.0,H. Lyck,RCB,37.0,69.0,2761772025.0,34.7940175,[],12.0,2.0,49.0,51.0,84.0,100.0,6849.0,Jönköpings Södra,4-4-1,,,,,,,,,,,,,,,,,,,,,,,,,,,,,,,,,,,,,,,,,,,,,,,
2761772032,5678949,2H,45,12,00:45:12.685,2902.685674,2761773434.0,,,,,,touch,['carry'],37.0,69.0,6849,Jönköpings Södra,4-4-1,7055,Eskilsminne,4-2-3-1,613701,H. Lyck,RCB,,,,,,,,,,2761772025.0,34.7940175,[],12.0,3.0,49.0,51.0,84.0,100.0,6849.0,Jönköpings Södra,4-4-1,,,,,,,,,,,,,,,,,,,,,,,,,,14.5,53.0,78.0,,,,,,,,,,,,,,,,,,,
2761772329,5678949,2H,45,14,00:45:14.895,2904.895497,2761772034.0,,,,,,duel,"['defensive_duel', 'ground_duel']",47.0,28.0,7055,Eskilsminne,4-2-3-1,6849,Jönköpings Södra,4-4-1,338669,C. Ljungberg,AMF,,,,,,,,,,2761772025.0,34.7940175,[],12.0,4.0,49.0,51.0,84.0,100.0,6849.0,Jönköpings Södra,4-4-1,,,,,,,,0.0,,,defensive_duel,,,True,False,False,,2761773434.0,,,,,,,,,,,,,,,,,,,,,,,,,,,,,
2761773434,5678949,2H,45,14,00:45:14.895,2904.895497,2761772034.0,,,,,,duel,"['ground_duel', 'offensive_duel']",53.0,72.0,6849,Jönköpings Södra,4-4-1,7055,Eskilsminne,4-2-3-1,0,,,,,,,,,,,,2761772025.0,34.7940175,[],12.0,5.0,49.0,51.0,84.0,100.0,6849.0,Jönköpings Södra,4-4-1,,,,,,,,338669.0,C. Ljungberg,AMF,offensive_duel,True,False,,,False,,2761772329.0,,,,,,,,,,,,,,,,,,,,,,,,,,,,,
2761772034,5678949,2H,45,17,00:45:17.321,2907.321473,2761772037.0,,,,,,pass,"['back_pass', 'short_or_medium_pass']",53.0,78.0,6849,Jönköpings Södra,4-4-1,7055,Eskilsminne,4-2-3-1,613701,H. Lyck,RCB,True,-145.0,,15.0,258063.0,S. Crona,RCMF,41.0,65.0,2761772025.0,34.7940175,[],12.0,6.0,49.0,51.0,84.0,100.0,6849.0,Jönköpings Södra,4-4-1,,,,,,,,,,,,,,,,,,,,,,,,,,,,,,,,,,,,,,,,,,,,,,,
2761772037,5678949,2H,45,23,00:45:23.752,2913.752612,2761772038.0,,,,,,pass,"['forward_pass', 'progressive_pass', 'short_or_medium_pass']",41.0,65.0,6849,Jönköpings Södra,4-4-1,7055,Eskilsminne,4-2-3-1,258063,S. Crona,RCMF,True,12.0,,25.0,615327.0,I. Ellbring,RW,64.0,72.0,2761772025.0,34.7940175,[],12.0,7.0,49.0,51.0,84.0,100.0,6849.0,Jönköpings Södra,4-4-1,,,,,,,,,,,,,,,,,,,,,,,,,,,,,,,,,,,,,,,,,,,,,,,
2761772038,5678949,2H,45,27,00:45:27.094,2917.094648,2761772041.0,,,,,,pass,"['back_pass', 'linkup_play', 'short_or_medium_pass']",64.0,72.0,6849,Jönköpings Södra,4-4-1,7055,Eskilsminne,4-2-3-1,615327,I. Ellbring,RW,True,169.0,,27.0,613701.0,H. Lyck,RCB,39.0,80.0,2761772025.0,34.7940175,[],12.0,8.0,49.0,51.0,84.0,100.0,6849.0,Jönköpings Södra,4-4-1,,,,,,,,,,,,,,,,,,,,,,,,,,,,,,,,,,,,,,,,,,,,,,,
2761772041,5678949,2H,45,30,00:45:30.141,2920.141052,2761772043.0,,,,,,pass,"['forward_pass', 'short_or_medium_pass']",39.0,80.0,6849,Jönköpings Södra,4-4-1,7055,Eskilsminne,4-2-3-1,613701,H. Lyck,RCB,True,24.0,,22.0,615327.0,I. Ellbring,RW,58.0,92.0,2761772025.0,34.7940175,[],12.0,9.0,49.0,51.0,84.0,100.0,6849.0,Jönköpings Södra,4-4-1,,,,,,,,,,,,,,,,,,,,,,,,,,,,,,,,,,,,,,,,,,,,,,,
2761772043,5678949,2H,45,32,00:45:32.706,2922.706364,2761772045.0,,,,,,pass,"['forward_pass', 'long_pass', 'pass_to_final_third', 'progressive_pass']",58.0,92.0,6849,Jönköpings Södra,4-4-1,7055,Eskilsminne,4-2-3-1,615327,I. Ellbring,RW,False,10.0,high,28.0,0.0,,,84.0,100.0,2761772025.0,34.7940175,[],12.0,10.0,49.0,51.0,84.0,100.0,6849.0,Jönköpings Södra,4-4-1,,,,,,,,,,,,,,,,,,,,,,,,,,,,,,,,,,,,,,,,,,,,,,,
2761772045,5678949,2H,45,42,00:45:42.557,2932.557091,,,,,,,game_interruption,['ball_out'],84.0,100.0,6849,Jönköpings Södra,4-4-1,7055,Eskilsminne,4-2-3-1,0,,,,,,,,,,,,2761772025.0,34.7940175,[],12.0,11.0,49.0,51.0,84.0,100.0,6849.0,Jönköpings Södra,4-4-1,,,,,,,,,,,,,,,,,,,,,,,,,,,,,,,,,,,,,,,,,,,,,,,
2761772330,5678949,2H,45,51,00:45:51.108,2941.108124,2761772331.0,,,,,,throw_in,[],16.0,0.0,7055,Eskilsminne,4-2-3-1,6849,Jönköpings Södra,4-4-1,51079,L. Ohlander,LB,True,35.0,,13.0,517376.0,H. Norrby,LDMF,26.0,10.0,2761772330.0,6.190167,['throw_in'],5.0,0.0,16.0,0.0,37.0,20.0,7055.0,Eskilsminne,4-2-3-1,,,,,,,,,,,,,,,,,,,,,,,,,,,,,,,,,,,,,,,,,,,,,,,
2761772331,5678949,2H,45,52,00:45:52.212,2942.212353,2761772332.0,,,,,,pass,"['back_pass', 'short_or_medium_pass']",26.0,10.0,7055,Eskilsminne,4-2-3-1,6849,Jönköpings Södra,4-4-1,517376,H. Norrby,LDMF,True,-172.0,,15.0,51079.0,L. Ohlander,LB,12.0,7.0,2761772330.0,6.190167,['throw_in'],5.0,1.0,16.0,0.0,37.0,20.0,7055.0,Eskilsminne,4-2-3-1,,,,,,,,,,,,,,,,,,,,,,,,,,,,,,,,,,,,,,,,,,,,,,,
2761772332,5678949,2H,45,53,00:45:53.492,2943.492393,2761772047.0,,,,,,pass,"['forward_pass', 'long_pass', 'progressive_pass']",12.0,7.0,7055,Eskilsminne,4-2-3-1,6849,Jönköpings Södra,4-4-1,51079,L. Ohlander,LB,False,21.0,high,26.0,258063.0,S. Crona,RDMF,35.0,21.0,2761772330.0,6.190167,['throw_in'],5.0,2.0,16.0,0.0,37.0,20.0,7055.0,Eskilsminne,4-2-3-1,,,,,,,,,,,,,,,,,,,,,,,,,,,,,,,,,,,,,,,,,,,,,,,
2761772047,5678949,2H,45,56,00:45:56.686,2946.686558,2761772049.0,,,,,,duel,"['ground_duel', 'offensive_duel']",65.0,79.0,6849,Jönköpings Södra,4-4-1,7055,Eskilsminne,4-2-3-1,258063,S. Crona,RCMF,,,,,,,,,,2761772330.0,6.190167,['throw_in'],5.0,3.0,16.0,0.0,37.0,20.0,7055.0,Eskilsminne,4-2-3-1,,,,,,,,807610.0,T. Bermudez,CF,offensive_duel,True,False,,,False,,2761772333.0,,,,,,,,,,,,,,,,,,,,,,,,,,,,,
2761772333,5678949,2H,45,56,00:45:56.686,2946.686558,2761772049.0,,,,,,duel,"['defensive_duel', 'ground_duel', 'loss']",35.0,21.0,7055,Eskilsminne,4-2-3-1,6849,Jönköpings Södra,4-4-1,807610,T. Bermudez,CF,,,,,,,,,,2761772330.0,6.190167,['throw_in'],5.0,4.0,16.0,0.0,37.0,20.0,7055.0,Eskilsminne,4-2-3-1,,,,,,,,258063.0,S. Crona,RCMF,defensive_duel,,,True,False,False,,2761772047.0,,,,,,,,,,,,,,,,,,,,,,,,,,,,,
2761772049,5678949,2H,45,57,00:45:57.910,2947.910024,2761772051.0,,,,,,pass,"['forward_pass', 'pass_to_final_third', 'recovery', 'short_or_medium_pass']",63.0,80.0,6849,Jönköpings Södra,4-4-1,7055,Eskilsminne,4-2-3-1,258063,S. Crona,RCMF,True,37.0,,15.0,73.0,M. Johansson,RB,74.0,93.0,2761772049.0,4.5354005,"['attack', 'transition_medium']",4.0,0.0,63.0,80.0,81.0,88.0,6849.0,Jönköpings Södra,4-4-1,,,False,False,False,right,0.0,,,,,,,,,,,,,,,,,,,,,,,,,,,,,,,,,,,,,,,,
2761772051,5678949,2H,46,1,00:46:01.328,2951.328194,2761772053.0,,,,,,pass,"['forward_pass', 'short_or_medium_pass']",74.0,93.0,6849,Jönköpings Södra,4-4-1,7055,Eskilsminne,4-2-3-1,73,M. Johansson,RB,True,13.0,,10.0,615327.0,I. Ellbring,RW,83.0,95.0,2761772049.0,4.5354005,"['attack', 'transition_medium']",4.0,1.0,63.0,80.0,81.0,88.0,6849.0,Jönköpings Södra,4-4-1,,,False,False,False,right,0.0,,,,,,,,,,,,,,,,,,,,,,,,,,,,,,,,,,,,,,,,
2761772053,5678949,2H,46,2,00:46:02.437,2952.437368,2761772339.0,,,,,,pass,"['loss', 'short_or_medium_pass']",83.0,95.0,6849,Jönköpings Södra,4-4-1,7055,Eskilsminne,4-2-3-1,615327,I. Ellbring,RW,False,-112.0,,5.0,51079.0,L. Ohlander,LB,81.0,88.0,2761772049.0,4.5354005,"['attack', 'transition_medium']",4.0,2.0,63.0,80.0,81.0,88.0,6849.0,Jönköpings Södra,4-4-1,,,False,False,False,right,0.0,,,,,,,,,,,,,,,,,,,,,,,,,,,,,,,,,,,,,,,,
2761772339,5678949,2H,46,2,00:46:02.453,2952.453481,2761772342.0,,,,,,interception,"['recovery', 'counterpressing_recovery']",19.0,12.0,7055,Eskilsminne,4-2-3-1,6849,Jönköpings Södra,4-4-1,51079,L. Ohlander,LB,,,,,,,,,,2761772049.0,4.5354005,"['attack', 'transition_medium']",4.0,3.0,63.0,80.0,81.0,88.0,6849.0,Jönköpings Södra,4-4-1,,,False,False,False,right,0.0,,,,,,,,,,,,,,,,,,,,,,,,,,,,,,,,,,,,,,,,
2761772342,5678949,2H,46,4,00:46:04.951,2954.951612,,,,,,,infraction,['foul'],20.0,9.0,7055,Eskilsminne,4-2-3-1,6849,Jönköpings Södra,4-4-1,51079,L. Ohlander,LB,,,,,,,,,,,,,,,,,,,,,,,,,,,,,,,,,,,,,,,,False,False,hand_foul,,,,,,,,,,,,,,,,,,,,,,,,,,
2761772055,5678949,2H,46,26,00:46:26.755,2976.755383,2761772346.0,,,,,,free_kick,['free_kick_cross'],78.0,93.0,6849,Jönköpings Södra,4-4-1,7055,Eskilsminne,4-2-3-1,615327,I. Ellbring,RW,False,-53.0,high,22.0,51079.0,L. Ohlander,LB,90.0,67.0,2761772055.0,0.7225845,"['set_piece_attack', 'free_kick', 'free_kick_cross']",1.0,0.0,78.0,93.0,90.0,67.0,6849.0,Jönköpings Södra,4-4-1,,,,,,,,,,,,,,,,,,,,,,,,,,,,,,,,,,,,,,,,,,,,,,,
2761772346,5678949,2H,46,28,00:46:28.200,2978.200552,2761772056.0,,,,,,interception,"['forward_pass', 'long_pass', 'loss', 'pass', 'progressive_pass']",10.0,33.0,7055,Eskilsminne,4-2-3-1,6849,Jönköpings Södra,4-4-1,51079,L. Ohlander,LB,False,12.0,high,52.0,558236.0,L. Eek,LCB,58.0,49.0,2761772346.0,6.214942,['transition_low'],2.0,0.0,10.0,33.0,54.0,68.0,7055.0,Eskilsminne,4-2-3-1,,,,,,,,,,,,,,,,,,,,,,,,,,,,,,,,,,,,,,,,,,,,,,,
2761772056,5678949,2H,46,32,00:46:32.828,2982.828026,2761772057.0,,,,,,touch,[],42.0,51.0,6849,Jönköpings Södra,4-4-1,7055,Eskilsminne,4-2-3-1,558236,L. Eek,LCB,,,,,,,,,,2761772346.0,6.214942,['transition_low'],2.0,1.0,10.0,33.0,54.0,68.0,7055.0,Eskilsminne,4-2-3-1,,,,,,,,,,,,,,,,,,,,,,,,,,,,,,,,,,,,,,,,,,,,,,,
2761772057,5678949,2H,46,36,00:46:36.002,2986.002962,2761772058.0,,,,,,pass,"['lateral_pass', 'recovery', 'short_or_medium_pass']",46.0,32.0,6849,Jönköpings Södra,4-4-1,7055,Eskilsminne,4-2-3-1,558236,L. Eek,LCB,True,-54.0,,22.0,692804.0,O. Almström,LB,58.0,6.0,2761772057.0,9.119431,[],5.0,0.0,46.0,32.0,100.0,30.0,6849.0,Jönköpings Södra,4-4-1,,,,,,,,,,,,,,,,,,,,,,,,,,,,,,,,,,,,,,,,,,,,,,,
2761772058,5678949,2H,46,40,00:46:40.385,2990.385943,2761772060.0,,,,,,pass,"['forward_pass', 'pass_to_final_third', 'pass_to_penalty_area', 'progressive_pass', 'short_or_medium_pass']",58.0,6.0,6849,Jönköpings Södra,4-4-1,7055,Eskilsminne,4-2-3-1,692804,O. Almström,LB,False,20.0,,40.0,812471.0,A. Eriksson,LCMF,94.0,27.0,2761772057.0,9.119431,[],5.0,1.0,46.0,32.0,100.0,30.0,6849.0,Jönköpings Södra,4-4-1,,,,,,,,,,,,,,,,,,,,,,,,,,,,,,,,,,,,,,,,,,,,,,,
2761772060,5678949,2H,46,44,00:46:44.257,2994.257239,2761772351.0,,,,,,duel,"['defensive_duel', 'ground_duel']",94.0,27.0,6849,Jönköpings Södra,4-4-1,7055,Eskilsminne,4-2-3-1,812471,A. Eriksson,LCMF,,,,,,,,,,2761772057.0,9.119431,[],5.0,2.0,46.0,32.0,100.0,30.0,6849.0,Jönköpings Södra,4-4-1,,,,,,,,739449.0,L. Larsen,RCB,defensive_duel,,,True,False,False,,2761772349.0,,,,,,,,,,,,,,,,,,,,,,,,,,,,,
2761772349,5678949,2H,46,44,00:46:44.257,2994.257239,2761772351.0,,,,,,duel,"['ground_duel', 'offensive_duel']",6.0,73.0,7055,Eskilsminne,4-2-3-1,6849,Jönköpings Södra,4-4-1,739449,L. Larsen,RCB,,,,,,,,,,2761772057.0,9.119431,[],5.0,3.0,46.0,32.0,100.0,30.0,6849.0,Jönköpings Södra,4-4-1,,,,,,,,812471.0,A. Eriksson,LCMF,offensive_duel,True,False,,,False,,2761772060.0,,,,,,,,,,,,,,,,,,,,,,,,,,,,,
2761772061,5678949,2H,46,45,00:46:45.987,2995.987547,,,,,,,game_interruption,['ball_out'],100.0,30.0,6849,Jönköpings Södra,4-4-1,7055,Eskilsminne,4-2-3-1,0,,,,,,,,,,,,2761772057.0,9.119431,[],5.0,4.0,46.0,32.0,100.0,30.0,6849.0,Jönköpings Södra,4-4-1,,,,,,,,,,,,,,,,,,,,,,,,,,,,,,,,,,,,,,,,,,,,,,,
2761772351,5678949,2H,47,0,00:47:00.770,3010.770696,2761772352.0,,,,,,goal_kick,[],0.0,48.0,7055,Eskilsminne,4-2-3-1,6849,Jönköpings Södra,4-4-1,693887,H. Pauli,GK,True,-56.0,,18.0,566323.0,F. Velander,LCB,14.0,26.0,2761772351.0,10.999801,"['set_piece_attack', 'free_kick']",3.0,0.0,0.0,48.0,87.0,34.0,7055.0,Eskilsminne,4-2-3-1,,,,,,,,,,,,,,,,,,,,,,,,,,,,,,,,,,,,,,,,,,,,,,,
2761772352,5678949,2H,47,2,00:47:02.618,3012.618922,2761772354.0,,,,,,touch,['carry'],14.0,26.0,7055,Eskilsminne,4-2-3-1,6849,Jönköpings Södra,4-4-1,566323,F. Velander,LCB,,,,,,,,,,2761772351.0,10.999801,"['set_piece_attack', 'free_kick']",3.0,1.0,0.0,48.0,87.0,34.0,7055.0,Eskilsminne,4-2-3-1,,,,,,,,,,,,,,,,,,,,,,,,,,1.24,17.0,14.0,,,,,,,,,,,,,,,,,,,
2761772354,5678949,2H,47,4,00:47:04.126,3014.126553,2761772064.0,,,,,,pass,"['forward_pass', 'long_pass', 'loss', 'pass_to_final_third', 'pass_to_penalty_area']",17.0,14.0,7055,Eskilsminne,4-2-3-1,6849,Jönköpings Södra,4-4-1,566323,F. Velander,LCB,False,10.0,high,75.0,899727.0,A. Eriksson,GK,87.0,34.0,2761772351.0,10.999801,"['set_piece_attack', 'free_kick']",3.0,2.0,0.0,48.0,87.0,34.0,7055.0,Eskilsminne,4-2-3-1,,,,,,,,,,,,,,,,,,,,,,,,,,,,,,,,,,,,,,,,,,,,,,,
2761772064,5678949,2H,47,19,00:47:19.414,3029.414441,2761772066.0,,,,,,interception,"['hand_pass', 'lateral_pass', 'pass', 'recovery', 'short_or_medium_pass']",13.0,66.0,6849,Jönköpings Södra,4-4-1,7055,Eskilsminne,4-2-3-1,899727,A. Eriksson,GK,True,-69.0,,33.0,558236.0,L. Eek,LCB,25.0,21.0,2761772064.0,10.3453665,['transition_low'],5.0,0.0,13.0,66.0,61.0,30.0,6849.0,Jönköpings Södra,4-4-1,,,,,,,,,,,,,,,,,,,,,,,,,,,,,,,,,,,,,,,,,,,,,,,
2761772066,5678949,2H,47,22,00:47:22.553,3032.553266,2761772068.0,,,,,,pass,['short_or_medium_pass'],25.0,21.0,6849,Jönköpings Södra,4-4-1,7055,Eskilsminne,4-2-3-1,558236,L. Eek,LCB,True,-75.0,,11.0,692804.0,O. Almström,LB,28.0,5.0,2761772064.0,10.3453665,['transition_low'],5.0,1.0,13.0,66.0,61.0,30.0,6849.0,Jönköpings Södra,4-4-1,,,,,,,,,,,,,,,,,,,,,,,,,,,,,,,,,,,,,,,,,,,,,,,
2761772068,5678949,2H,47,25,00:47:25.275,3035.275544,2761772357.0,,,,,,pass,"['forward_pass', 'loss', 'progressive_pass', 'short_or_medium_pass']",28.0,5.0,6849,Jönköpings Södra,4-4-1,7055,Eskilsminne,4-2-3-1,692804,O. Almström,LB,False,0.0,,22.0,813232.0,J. Albin,RB,49.0,4.0,2761772064.0,10.3453665,['transition_low'],5.0,2.0,13.0,66.0,61.0,30.0,6849.0,Jönköpings Södra,4-4-1,,,,,,,,,,,,,,,,,,,,,,,,,,,,,,,,,,,,,,,,,,,,,,,
2761772357,5678949,2H,47,26,00:47:26.595,3036.595447,2761772071.0,,,,,,interception,"['loss', 'recovery']",51.0,96.0,7055,Eskilsminne,4-2-3-1,6849,Jönköpings Södra,4-4-1,813232,J. Albin,RB,,,,,,,,,,2761772064.0,10.3453665,['transition_low'],5.0,3.0,13.0,66.0,61.0,30.0,6849.0,Jönköpings Södra,4-4-1,,,,,,,,,,,,,,,,,,,,,,,,,,,,,,,,,,,,,,,,,,,,,,,
2761772071,5678949,2H,47,27,00:47:27.923,3037.923188,2761772358.0,,,,,,pass,"['forward_pass', 'loss', 'short_or_medium_pass']",40.0,12.0,6849,Jönköpings Södra,4-4-1,7055,Eskilsminne,4-2-3-1,812471,A. Eriksson,LCMF,False,29.0,,25.0,739449.0,L. Larsen,RCB,61.0,30.0,2761772064.0,10.3453665,['transition_low'],5.0,4.0,13.0,66.0,61.0,30.0,6849.0,Jönköpings Södra,4-4-1,,,,,,,,,,,,,,,,,,,,,,,,,,,,,,,,,,,,,,,,,,,,,,,
2761772358,5678949,2H,47,31,00:47:31.596,3041.596427,2761772359.0,,,,,,pass,"['forward_pass', 'recovery', 'counterpressing_recovery', 'short_or_medium_pass']",39.0,70.0,7055,Eskilsminne,4-2-3-1,6849,Jönköpings Södra,4-4-1,739449,L. Larsen,RCB,True,-34.0,,11.0,493674.0,C. Seger,RDMF,48.0,62.0,2761772358.0,10.6214225,['transition_medium'],4.0,0.0,39.0,70.0,85.0,16.0,7055.0,Eskilsminne,4-2-3-1,,,,,,,,,,,,,,,,,,,,,,,,,,,,,,,,,,,,,,,,,,,,,,,
2761772359,5678949,2H,47,33,00:47:33.461,3043.461203,2761772362.0,,,,,,pass,"['back_pass', 'short_or_medium_pass']",48.0,62.0,7055,Eskilsminne,4-2-3-1,6849,Jönköpings Södra,4-4-1,493674,C. Seger,RDMF,True,-144.0,,14.0,566323.0,F. Velander,LCB,37.0,50.0,2761772358.0,10.6214225,['transition_medium'],4.0,1.0,39.0,70.0,85.0,16.0,7055.0,Eskilsminne,4-2-3-1,,,,,,,,,,,,,,,,,,,,,,,,,,,,,,,,,,,,,,,,,,,,,,,
2761772362,5678949,2H,47,35,00:47:35.960,3045.960897,2761772365.0,,,,,,pass,"['lateral_pass', 'short_or_medium_pass']",37.0,50.0,7055,Eskilsminne,4-2-3-1,6849,Jönköpings Södra,4-4-1,566323,F. Velander,LCB,True,-75.0,,30.0,51079.0,L. Ohlander,LB,45.0,7.0,2761772358.0,10.6214225,['transition_medium'],4.0,2.0,39.0,70.0,85.0,16.0,7055.0,Eskilsminne,4-2-3-1,,,,,,,,,,,,,,,,,,,,,,,,,,,,,,,,,,,,,,,,,,,,,,,
2761772365,5678949,2H,47,39,00:47:39.615,3049.615343,2761772078.0,,,,,,pass,"['forward_pass', 'loss', 'pass_to_final_third', 'short_or_medium_pass']",45.0,7.0,7055,Eskilsminne,4-2-3-1,6849,Jönköpings Södra,4-4-1,51079,L. Ohlander,LB,False,8.0,,42.0,613701.0,H. Lyck,RCB,85.0,16.0,2761772358.0,10.6214225,['transition_medium'],4.0,3.0,39.0,70.0,85.0,16.0,7055.0,Eskilsminne,4-2-3-1,,,,,,,,,,,,,,,,,,,,,,,,,,,,,,,,,,,,,,,,,,,,,,,
2761772078,5678949,2H,47,44,00:47:44.820,3054.820356,2761772081.0,,,,,,pass,"['lateral_pass', 'recovery', 'short_or_medium_pass']",15.0,84.0,6849,Jönköpings Södra,4-4-1,7055,Eskilsminne,4-2-3-1,613701,H. Lyck,RCB,True,-133.0,,17.0,899727.0,A. Eriksson,GK,4.0,65.0,2761772078.0,4.5124595,['transition_low'],3.0,0.0,15.0,84.0,37.0,76.0,6849.0,Jönköpings Södra,4-4-1,,,,,,,,,,,,,,,,,,,,,,,,,,,,,,,,,,,,,,,,,,,,,,,
2761772081,5678949,2H,47,47,00:47:47.036,3057.036051,2761772083.0,,,,,,pass,"['forward_pass', 'long_pass', 'progressive_pass']",4.0,65.0,6849,Jönköpings Södra,4-4-1,7055,Eskilsminne,4-2-3-1,899727,A. Eriksson,GK,True,-12.0,high,32.0,812471.0,A. Eriksson,LCMF,34.0,55.0,2761772078.0,4.5124595,['transition_low'],3.0,1.0,15.0,84.0,37.0,76.0,6849.0,Jönköpings Södra,4-4-1,,,,,,,,,,,,,,,,,,,,,,,,,,,,,,,,,,,,,,,,,,,,,,,
2761772083,5678949,2H,47,48,00:47:48.435,3058.435635,2761772368.0,,,,,,pass,"['lateral_pass', 'loss', 'progressive_pass', 'short_or_medium_pass']",34.0,55.0,6849,Jönköpings Södra,4-4-1,7055,Eskilsminne,4-2-3-1,812471,A. Eriksson,LCMF,False,79.0,,15.0,51079.0,L. Ohlander,LB,37.0,76.0,2761772078.0,4.5124595,['transition_low'],3.0,2.0,15.0,84.0,37.0,76.0,6849.0,Jönköpings Södra,4-4-1,,,,,,,,,,,,,,,,,,,,,,,,,,,,,,,,,,,,,,,,,,,,,,,
2761772368,5678949,2H,47,50,00:47:50.229,3060.229996,2761772370.0,,,,,,pass,"['lateral_pass', 'recovery', 'short_or_medium_pass']",63.0,24.0,7055,Eskilsminne,4-2-3-1,6849,Jönköpings Södra,4-4-1,51079,L. Ohlander,LB,True,97.0,,16.0,493674.0,C. Seger,RDMF,61.0,47.0,2761772368.0,31.397927,"['attack', 'transition_medium']",16.0,0.0,63.0,24.0,80.0,30.0,7055.0,Eskilsminne,4-2-3-1,,,False,False,False,left,0.0,,,,,,,,,,,,,,,,,,,,,,,,,,,,,,,,,,,,,,,,
2761772370,5678949,2H,47,55,00:47:55.445,3065.44585,2761772372.0,,,,,,pass,"['back_pass', 'short_or_medium_pass']",61.0,47.0,7055,Eskilsminne,4-2-3-1,6849,Jönköpings Södra,4-4-1,493674,C. Seger,RDMF,True,138.0,,12.0,739449.0,L. Larsen,RCB,52.0,59.0,2761772368.0,31.397927,"['attack', 'transition_medium']",16.0,1.0,63.0,24.0,80.0,30.0,7055.0,Eskilsminne,4-2-3-1,,,False,False,False,left,0.0,,,,,,,,,,,,,,,,,,,,,,,,,,,,,,,,,,,,,,,,
2761772372,5678949,2H,47,56,00:47:56.644,3066.644459,2761772374.0,,,,,,pass,"['lateral_pass', 'short_or_medium_pass']",52.0,59.0,7055,Eskilsminne,4-2-3-1,6849,Jönköpings Södra,4-4-1,739449,L. Larsen,RCB,True,-69.0,,30.0,51079.0,L. Ohlander,LB,63.0,18.0,2761772368.0,31.397927,"['attack', 'transition_medium']",16.0,2.0,63.0,24.0,80.0,30.0,7055.0,Eskilsminne,4-2-3-1,,,False,False,False,left,0.0,,,,,,,,,,,,,,,,,,,,,,,,,,,,,,,,,,,,,,,,
2761772374,5678949,2H,47,58,00:47:58.986,3068.986311,2761772376.0,,,,,,pass,"['forward_pass', 'pass_to_final_third', 'short_or_medium_pass']",63.0,18.0,7055,Eskilsminne,4-2-3-1,6849,Jönköpings Södra,4-4-1,51079,L. Ohlander,LB,True,-20.0,,11.0,338669.0,C. Ljungberg,AMF,73.0,12.0,2761772368.0,31.397927,"['attack', 'transition_medium']",16.0,3.0,63.0,24.0,80.0,30.0,7055.0,Eskilsminne,4-2-3-1,,,False,False,False,left,0.0,,,,,,,,,,,,,,,,,,,,,,,,,,,,,,,,,,,,,,,,
2761772376,5678949,2H,48,2,00:48:02.834,3072.834009,2761772379.0,,,,,,pass,['short_or_medium_pass'],73.0,12.0,7055,Eskilsminne,4-2-3-1,6849,Jönköpings Södra,4-4-1,338669,C. Ljungberg,AMF,True,68.0,,10.0,989684.0,M. Larsson,LAMF,77.0,26.0,2761772368.0,31.397927,"['attack', 'transition_medium']",16.0,4.0,63.0,24.0,80.0,30.0,7055.0,Eskilsminne,4-2-3-1,,,False,False,False,left,0.0,,,,,,,,,,,,,,,,,,,,,,,,,,,,,,,,,,,,,,,,
2761772379,5678949,2H,48,3,00:48:03.201,3073.201281,2761772381.0,,,,,,touch,['carry'],77.0,26.0,7055,Eskilsminne,4-2-3-1,6849,Jönköpings Södra,4-4-1,989684,M. Larsson,LAMF,,,,,,,,,,2761772368.0,31.397927,"['attack', 'transition_medium']",16.0,5.0,63.0,24.0,80.0,30.0,7055.0,Eskilsminne,4-2-3-1,,,False,False,False,left,0.0,,,,,,,,,,,,,,,,,,,-4.582,69.0,37.0,,,,,,,,,,,,,,,,,,,
2761772381,5678949,2H,48,5,00:48:05.220,3075.220477,2761772383.0,,,,,,pass,['short_or_medium_pass'],69.0,37.0,7055,Eskilsminne,4-2-3-1,6849,Jönköpings Södra,4-4-1,989684,M. Larsson,LAMF,True,-135.0,,8.0,493674.0,C. Seger,RDMF,64.0,29.0,2761772368.0,31.397927,"['attack', 'transition_medium']",16.0,6.0,63.0,24.0,80.0,30.0,7055.0,Eskilsminne,4-2-3-1,,,False,False,False,left,0.0,,,,,,,,,,,,,,,,,,,,,,,,,,,,,,,,,,,,,,,,
2761772383,5678949,2H,48,8,00:48:08.072,3078.072045,2761772385.0,,,,,,pass,"['forward_pass', 'pass_to_final_third', 'progressive_pass', 'short_or_medium_pass']",64.0,29.0,7055,Eskilsminne,4-2-3-1,6849,Jönköpings Södra,4-4-1,493674,C. Seger,RDMF,True,5.0,,11.0,989684.0,M. Larsson,LAMF,74.0,31.0,2761772368.0,31.397927,"['attack', 'transition_medium']",16.0,7.0,63.0,24.0,80.0,30.0,7055.0,Eskilsminne,4-2-3-1,,,False,False,False,left,0.0,,,,,,,,,,,,,,,,,,,,,,,,,,,,,,,,,,,,,,,,
2761772385,5678949,2H,48,9,00:48:09.559,3079.559659,2761772387.0,,,,,,pass,"['lateral_pass', 'short_or_medium_pass']",74.0,31.0,7055,Eskilsminne,4-2-3-1,6849,Jönköpings Södra,4-4-1,989684,M. Larsson,LAMF,True,-90.0,,14.0,338669.0,C. Ljungberg,AMF,74.0,11.0,2761772368.0,31.397927,"['attack', 'transition_medium']",16.0,8.0,63.0,24.0,80.0,30.0,7055.0,Eskilsminne,4-2-3-1,,,False,False,False,left,0.0,,,,,,,,,,,,,,,,,,,,,,,,,,,,,,,,,,,,,,,,
2761772387,5678949,2H,48,11,00:48:11.269,3081.269328,2761772391.0,,,,,,pass,"['forward_pass', 'short_or_medium_pass']",74.0,11.0,7055,Eskilsminne,4-2-3-1,6849,Jönköpings Södra,4-4-1,338669,C. Ljungberg,AMF,True,-5.0,,24.0,51079.0,L. Ohlander,LB,97.0,7.0,2761772368.0,31.397927,"['attack', 'transition_medium']",16.0,9.0,63.0,24.0,80.0,30.0,7055.0,Eskilsminne,4-2-3-1,,,False,False,False,left,0.0,,,,,,,,,,,,,,,,,,,,,,,,,,,,,,,,,,,,,,,,
2761772391,5678949,2H,48,16,00:48:16.134,3086.134025,2761772392.0,,,,,,pass,['short_or_medium_pass'],97.0,7.0,7055,Eskilsminne,4-2-3-1,6849,Jönköpings Södra,4-4-1,51079,L. Ohlander,LB,True,84.0,,9.0,989684.0,M. Larsson,LAMF,98.0,20.0,2761772368.0,31.397927,"['attack', 'transition_medium']",16.0,10.0,63.0,24.0,80.0,30.0,7055.0,Eskilsminne,4-2-3-1,,,False,False,False,left,0.0,,,,,,,,,,,,,,,,,,,,,,,,,,,,,,,,,,,,,,,,
2761772392,5678949,2H,48,17,00:48:17.753,3087.753628,2761772088.0,,,,,,pass,"['cross', 'loss', 'pass_to_penalty_area']",98.0,20.0,7055,Eskilsminne,4-2-3-1,6849,Jönköpings Södra,4-4-1,989684,M. Larsson,LAMF,False,112.0,low,11.0,613701.0,H. Lyck,RCB,94.0,35.0,2761772368.0,31.397927,"['attack', 'transition_medium']",16.0,11.0,63.0,24.0,80.0,30.0,7055.0,Eskilsminne,4-2-3-1,,,False,False,False,left,0.0,,,,,,,,,,,,,,,,,,,,,,,,,,,,,,,,,,,,,,,,
2761772088,5678949,2H,48,18,00:48:18.849,3088.84945,2761772394.0,,,,,,interception,['loss'],6.0,65.0,6849,Jönköpings Södra,4-4-1,7055,Eskilsminne,4-2-3-1,613701,H. Lyck,RCB,,,,,,,,,,2761772368.0,31.397927,"['attack', 'transition_medium']",16.0,12.0,63.0,24.0,80.0,30.0,7055.0,Eskilsminne,4-2-3-1,,,False,False,False,left,0.0,,,,,,,,,,,,,,,,,,,,,,,,,,,,,,,,,,,,,,,,
2761772394,5678949,2H,48,19,00:48:19.319,3089.319314,2761772396.0,,,,,,interception,"['recovery', 'counterpressing_recovery', 'touch_in_box']",92.0,23.0,7055,Eskilsminne,4-2-3-1,6849,Jönköpings Södra,4-4-1,51079,L. Ohlander,LB,,,,,,,,,,2761772368.0,31.397927,"['attack', 'transition_medium']",16.0,13.0,63.0,24.0,80.0,30.0,7055.0,Eskilsminne,4-2-3-1,,,False,False,False,left,0.0,,,,,,,,,,,,,,,,,,,,,,,,,,,,,,,,,,,,,,,,
2761772091,5678949,2H,48,20,00:48:20.425,3090.425732,2761772093.0,,,,,,touch,[],12.0,74.0,6849,Jönköpings Södra,4-4-1,7055,Eskilsminne,4-2-3-1,258063,S. Crona,RCMF,,,,,,,,,,2761772368.0,31.397927,"['attack', 'transition_medium']",16.0,14.0,63.0,24.0,80.0,30.0,7055.0,Eskilsminne,4-2-3-1,,,False,False,False,left,0.0,,,,,,,,,,,,,,,,,,,,,,,,,,,,,,,,,,,,,,,,
2761772093,5678949,2H,48,21,00:48:21.627,3091.627923,2761772095.0,,,,,,duel,"['defensive_duel', 'ground_duel', 'recovery', 'counterpressing_recovery']",20.0,70.0,6849,Jönköpings Södra,4-4-1,7055,Eskilsminne,4-2-3-1,258063,S. Crona,RCMF,,,,,,,,,,2761772093.0,8.660817,[],7.0,0.0,20.0,70.0,34.0,90.0,6849.0,Jönköpings Södra,4-4-1,,,,,,,,338669.0,C. Ljungberg,AMF,defensive_duel,,,True,True,False,,2761772396.0,,,,,,,,,,,,,,,,,,,,,,,,,,,,,
2761772396,5678949,2H,48,21,00:48:21.627,3091.627923,2761772095.0,,,,,,duel,"['ground_duel', 'loss', 'offensive_duel']",80.0,30.0,7055,Eskilsminne,4-2-3-1,6849,Jönköpings Södra,4-4-1,338669,C. Ljungberg,AMF,,,,,,,,,,2761772368.0,31.397927,"['attack', 'transition_medium']",16.0,15.0,63.0,24.0,80.0,30.0,7055.0,Eskilsminne,4-2-3-1,,,False,False,False,left,0.0,258063.0,S. Crona,RCMF,offensive_duel,False,False,,,False,,2761772093.0,,,,,,,,,,,,,,,,,,,,,,,,,,,,,
2761772095,5678949,2H,48,24,00:48:24.183,3094.183114,2761772097.0,,,,,,pass,"['lateral_pass', 'short_or_medium_pass']",21.0,66.0,6849,Jönköpings Södra,4-4-1,7055,Eskilsminne,4-2-3-1,812471,A. Eriksson,LCMF,True,54.0,,14.0,615327.0,I. Ellbring,RW,29.0,83.0,2761772093.0,8.660817,[],7.0,1.0,20.0,70.0,34.0,90.0,6849.0,Jönköpings Södra,4-4-1,,,,,,,,,,,,,,,,,,,,,,,,,,,,,,,,,,,,,,,,,,,,,,,
2761772097,5678949,2H,48,25,00:48:25.565,3095.565886,2761772099.0,,,,,,duel,"['dribble', 'ground_duel', 'offensive_duel', 'carry']",29.0,83.0,6849,Jönköpings Södra,4-4-1,7055,Eskilsminne,4-2-3-1,615327,I. Ellbring,RW,,,,,,,,,,2761772093.0,8.660817,[],7.0,2.0,20.0,70.0,34.0,90.0,6849.0,Jönköpings Södra,4-4-1,,,,,,,,493674.0,C. Seger,RDMF,dribble,False,False,,,True,left,2761772400.0,,,,,,,,8.002,37.0,83.0,,,,,,,,,,,,,,,,,,,
2761772400,5678949,2H,48,25,00:48:25.565,3095.565886,2761772401.0,,,,,,duel,"['defensive_duel', 'dribbled_past_attempt', 'ground_duel', 'sliding_tackle']",71.0,17.0,7055,Eskilsminne,4-2-3-1,6849,Jönköpings Södra,4-4-1,493674,C. Seger,RDMF,,,,,,,,,,2761772093.0,8.660817,[],7.0,3.0,20.0,70.0,34.0,90.0,6849.0,Jönköpings Södra,4-4-1,,,,,,,,615327.0,I. Ellbring,RW,defensive_duel,,,True,False,True,right,2761772097.0,,,,,,,,,,,,,,,,,,,,,,,,,,,,,
2761772099,5678949,2H,48,27,00:48:27.937,3097.937766,2761772402.0,,,,,,duel,"['foul_suffered', 'ground_duel', 'offensive_duel']",37.0,83.0,6849,Jönköpings Södra,4-4-1,7055,Eskilsminne,4-2-3-1,615327,I. Ellbring,RW,,,,,,,,,,2761772093.0,8.660817,[],7.0,4.0,20.0,70.0,34.0,90.0,6849.0,Jönköpings Södra,4-4-1,,,,,,,,517376.0,H. Norrby,LDMF,offensive_duel,True,True,,,False,,2761772401.0,,,,,,,,,,,,,,,,,,,,,,,,,,,,,
2761772401,5678949,2H,48,27,00:48:27.937,3097.937766,2761772402.0,,,,,,duel,"['defensive_duel', 'ground_duel']",63.0,17.0,7055,Eskilsminne,4-2-3-1,6849,Jönköpings Södra,4-4-1,517376,H. Norrby,LDMF,,,,,,,,,,2761772093.0,8.660817,[],7.0,5.0,20.0,70.0,34.0,90.0,6849.0,Jönköpings Södra,4-4-1,,,,,,,,615327.0,I. Ellbring,RW,defensive_duel,,,False,False,False,,2761772099.0,,,,,,,,,,,,,,,,,,,,,,,,,,,,,
2761772402,5678949,2H,48,32,00:48:32.639,3102.639714,2761772099.0,,,,,,infraction,['foul'],66.0,10.0,7055,Eskilsminne,4-2-3-1,6849,Jönköpings Södra,4-4-1,517376,H. Norrby,LDMF,,,,,,,,,,2761772093.0,8.660817,[],7.0,6.0,20.0,70.0,34.0,90.0,6849.0,Jönköpings Södra,4-4-1,,,,,,,,,,,,,,,,,,,False,False,regular_foul,615327.0,I. Ellbring,RW,,,,,,,,,,,,,,,,,,,,,,,
2761772100,5678949,2H,48,52,00:48:52.128,3122.128712,2761772101.0,,,,,,free_kick,[],36.0,91.0,6849,Jönköpings Södra,4-4-1,7055,Eskilsminne,4-2-3-1,73,M. Johansson,RB,True,-21.0,,44.0,1060409.0,L. Lyck,CF,75.0,67.0,2761772100.0,0.90654,"['set_piece_attack', 'free_kick']",2.0,0.0,36.0,91.0,75.0,67.0,6849.0,Jönköpings Södra,4-4-1,,,,,,,,,,,,,,,,,,,,,,,,,,,,,,,,,,,,,,,,,,,,,,,
2761772101,5678949,2H,48,53,00:48:53.035,3123.035252,2761772407.0,,,,,,duel,"['aerial_duel', 'loss']",75.0,67.0,6849,Jönköpings Södra,4-4-1,7055,Eskilsminne,4-2-3-1,1060409,L. Lyck,CF,,,,,,,,,,2761772100.0,0.90654,"['set_piece_attack', 'free_kick']",2.0,1.0,36.0,91.0,75.0,67.0,6849.0,Jönköpings Södra,4-4-1,,,,,,,,,,,,,,,,,,,,,,,,,,,,,,,,,,,,,,,566323.0,F. Velander,LCB,184.0,False,0.0,2761772405.0,,
2761772405,5678949,2H,48,53,00:48:53.035,3123.035252,2761772407.0,,,,,,duel,"['aerial_duel', 'recovery', 'counterpressing_recovery']",25.0,33.0,7055,Eskilsminne,4-2-3-1,6849,Jönköpings Södra,4-4-1,566323,F. Velander,LCB,,,,,,,,,,2761772405.0,9.2079475,['transition_low'],5.0,0.0,25.0,33.0,54.0,26.0,7055.0,Eskilsminne,4-2-3-1,,,,,,,,,,,,,,,,,,,,,,,,,,,,,,,,,,,,,,,1060409.0,L. Lyck,CF,0.0,True,184.0,2761772101.0,,
2761772407,5678949,2H,48,55,00:48:55.320,3125.320835,2761772408.0,,,,,,pass,"['forward_pass', 'short_or_medium_pass']",28.0,13.0,7055,Eskilsminne,4-2-3-1,6849,Jönköpings Södra,4-4-1,51079,L. Ohlander,LB,True,-21.0,,8.0,989684.0,M. Larsson,LAMF,35.0,9.0,2761772405.0,9.2079475,['transition_low'],5.0,1.0,25.0,33.0,54.0,26.0,7055.0,Eskilsminne,4-2-3-1,,,,,,,,,,,,,,,,,,,,,,,,,,,,,,,,,,,,,,,,,,,,,,,
2761772408,5678949,2H,48,59,00:48:59.223,3129.223078,2761772410.0,,,,,,pass,['short_or_medium_pass'],35.0,9.0,7055,Eskilsminne,4-2-3-1,6849,Jönköpings Södra,4-4-1,989684,M. Larsson,LAMF,True,58.0,,9.0,517376.0,H. Norrby,LDMF,40.0,20.0,2761772405.0,9.2079475,['transition_low'],5.0,2.0,25.0,33.0,54.0,26.0,7055.0,Eskilsminne,4-2-3-1,,,,,,,,,,,,,,,,,,,,,,,,,,,,,,,,,,,,,,,,,,,,,,,
2761772410,5678949,2H,49,0,00:49:00.863,3130.863811,2761772411.0,,,,,,pass,"['forward_pass', 'short_or_medium_pass']",40.0,20.0,7055,Eskilsminne,4-2-3-1,6849,Jönköpings Södra,4-4-1,517376,H. Norrby,LDMF,True,-42.0,,12.0,989684.0,M. Larsson,LAMF,49.0,9.0,2761772405.0,9.2079475,['transition_low'],5.0,3.0,25.0,33.0,54.0,26.0,7055.0,Eskilsminne,4-2-3-1,,,,,,,,,,,,,,,,,,,,,,,,,,,,,,,,,,,,,,,,,,,,,,,
2761772411,5678949,2H,49,1,00:49:01.809,3131.809888,2761772413.0,,,,,,pass,"['lateral_pass', 'loss', 'short_or_medium_pass']",49.0,9.0,7055,Eskilsminne,4-2-3-1,6849,Jönköpings Södra,4-4-1,989684,M. Larsson,LAMF,True,63.0,,13.0,338669.0,C. Ljungberg,AMF,54.0,26.0,2761772405.0,9.2079475,['transition_low'],5.0,4.0,25.0,33.0,54.0,26.0,7055.0,Eskilsminne,4-2-3-1,,,,,,,,,,,,,,,,,,,,,,,,,,,,,,,,,,,,,,,,,,,,,,,
2761772102,5678949,2H,49,2,00:49:02.676,3132.676511,2761772103.0,,,,,,duel,"['loose_ball_duel', 'recovery']",46.0,74.0,6849,Jönköpings Södra,4-4-1,7055,Eskilsminne,4-2-3-1,812471,A. Eriksson,LCMF,,,,,,,,,,2761772102.0,68.1691,"['attack', 'transition_medium']",31.0,0.0,46.0,74.0,74.0,51.0,6849.0,Jönköpings Södra,4-4-1,,,False,False,False,center,0.0,,,,,,,,,,,,,,,,,,,,,,,,,,,,,,,,,,,,,,,,
2761772413,5678949,2H,49,2,00:49:02.702,3132.702445,2761772103.0,,,,,,duel,['loose_ball_duel'],54.0,26.0,7055,Eskilsminne,4-2-3-1,6849,Jönköpings Södra,4-4-1,338669,C. Ljungberg,AMF,,,,,,,,,,2761772102.0,68.1691,"['attack', 'transition_medium']",31.0,1.0,46.0,74.0,74.0,51.0,6849.0,Jönköpings Södra,4-4-1,,,False,False,False,center,0.0,,,,,,,,,,,,,,,,,,,,,,,,,,,,,,,,,,,,,,,,
2761772103,5678949,2H,49,3,00:49:03.974,3133.974199,2761772104.0,,,,,,touch,"['progressive_run', 'carry']",35.0,72.0,6849,Jönköpings Södra,4-4-1,7055,Eskilsminne,4-2-3-1,613701,H. Lyck,RCB,,,,,,,,,,2761772102.0,68.1691,"['attack', 'transition_medium']",31.0,2.0,46.0,74.0,74.0,51.0,6849.0,Jönköpings Södra,4-4-1,,,False,False,False,center,0.0,,,,,,,,,,,,,,,,,,,24.92,59.0,31.0,,,,,,,,,,,,,,,,,,,
2761772104,5678949,2H,49,11,00:49:11.791,3141.791644,2761772105.0,,,,,,pass,"['lateral_pass', 'short_or_medium_pass']",59.0,31.0,6849,Jönköpings Södra,4-4-1,7055,Eskilsminne,4-2-3-1,613701,H. Lyck,RCB,True,-82.0,,15.0,692804.0,O. Almström,LB,61.0,9.0,2761772102.0,68.1691,"['attack', 'transition_medium']",31.0,3.0,46.0,74.0,74.0,51.0,6849.0,Jönköpings Södra,4-4-1,,,False,False,False,center,0.0,,,,,,,,,,,,,,,,,,,,,,,,,,,,,,,,,,,,,,,,
2761772105,5678949,2H,49,14,00:49:14.327,3144.327212,2761772108.0,,,,,,pass,"['forward_pass', 'pass_to_final_third', 'short_or_medium_pass']",61.0,9.0,6849,Jönköpings Södra,4-4-1,7055,Eskilsminne,4-2-3-1,692804,O. Almström,LB,True,-13.0,,13.0,674204.0,F. Benatallah,LW,73.0,4.0,2761772102.0,68.1691,"['attack', 'transition_medium']",31.0,4.0,46.0,74.0,74.0,51.0,6849.0,Jönköpings Södra,4-4-1,,,False,False,False,center,0.0,,,,,,,,,,,,,,,,,,,,,,,,,,,,,,,,,,,,,,,,
2761772108,5678949,2H,49,15,00:49:15.462,3145.46259,2761772109.0,,,,,,duel,"['ground_duel', 'linkup_play', 'offensive_duel', 'progressive_run', 'carry']",73.0,4.0,6849,Jönköpings Södra,4-4-1,7055,Eskilsminne,4-2-3-1,674204,F. Benatallah,LW,,,,,,,,,,2761772102.0,68.1691,"['attack', 'transition_medium']",31.0,5.0,46.0,74.0,74.0,51.0,6849.0,Jönköpings Södra,4-4-1,,,False,False,False,center,0.0,0.0,,,offensive_duel,False,False,,,False,,2761773435.0,,,,,,,,10.01,78.0,17.0,,,,,,,,,,,,,,,,,,,
2761773435,5678949,2H,49,15,00:49:15.462,3145.46259,2761772421.0,,,,,,duel,"['defensive_duel', 'ground_duel']",27.0,96.0,7055,Eskilsminne,4-2-3-1,6849,Jönköpings Södra,4-4-1,0,,,,,,,,,,,,2761772102.0,68.1691,"['attack', 'transition_medium']",31.0,6.0,46.0,74.0,74.0,51.0,6849.0,Jönköpings Södra,4-4-1,,,False,False,False,center,0.0,674204.0,F. Benatallah,LW,defensive_duel,,,True,False,False,,2761772108.0,,,,,,,,,,,,,,,,,,,,,,,,,,,,,
2761772109,5678949,2H,49,19,00:49:19.378,3149.378497,2761772110.0,,,,,,duel,"['dribble', 'ground_duel', 'offensive_duel']",65.0,6.0,6849,Jönköpings Södra,4-4-1,7055,Eskilsminne,4-2-3-1,674204,F. Benatallah,LW,,,,,,,,,,2761772102.0,68.1691,"['attack', 'transition_medium']",31.0,7.0,46.0,74.0,74.0,51.0,6849.0,Jönköpings Södra,4-4-1,,,False,False,False,center,0.0,813232.0,J. Albin,RB,dribble,False,False,,,False,right,2761772421.0,,,,,,,,,,,,,,,,,,,,,,,,,,,,,
2761772421,5678949,2H,49,19,00:49:19.378,3149.378497,2761772427.0,,,,,,duel,"['defensive_duel', 'ground_duel']",35.0,94.0,7055,Eskilsminne,4-2-3-1,6849,Jönköpings Södra,4-4-1,813232,J. Albin,RB,,,,,,,,,,2761772102.0,68.1691,"['attack', 'transition_medium']",31.0,8.0,46.0,74.0,74.0,51.0,6849.0,Jönköpings Södra,4-4-1,,,False,False,False,center,0.0,674204.0,F. Benatallah,LW,defensive_duel,,,True,False,False,left,2761772109.0,,,,,,,,,,,,,,,,,,,,,,,,,,,,,
2761772110,5678949,2H,49,22,00:49:22.551,3152.551049,2761772429.0,,,,,,duel,"['dribble', 'ground_duel', 'loss', 'offensive_duel']",76.0,9.0,6849,Jönköpings Södra,4-4-1,7055,Eskilsminne,4-2-3-1,674204,F. Benatallah,LW,,,,,,,,,,2761772102.0,68.1691,"['attack', 'transition_medium']",31.0,9.0,46.0,74.0,74.0,51.0,6849.0,Jönköpings Södra,4-4-1,,,False,False,False,center,0.0,989683.0,H. Lindahl,RAMF,dribble,False,False,,,True,left,2761772427.0,,,,,,,,,,,,,,,,,,,,,,,,,,,,,
2761772427,5678949,2H,49,22,00:49:22.551,3152.551049,2761772429.0,,,,,,duel,"['defensive_duel', 'dribbled_past_attempt', 'ground_duel', 'recovery']",24.0,91.0,7055,Eskilsminne,4-2-3-1,6849,Jönköpings Södra,4-4-1,989683,H. Lindahl,RAMF,,,,,,,,,,2761772102.0,68.1691,"['attack', 'transition_medium']",31.0,10.0,46.0,74.0,74.0,51.0,6849.0,Jönköpings Södra,4-4-1,,,False,False,False,center,0.0,674204.0,F. Benatallah,LW,defensive_duel,,,True,True,True,right,2761772110.0,,,,,,,,,,,,,,,,,,,,,,,,,,,,,
2761772429,5678949,2H,49,24,00:49:24.140,3154.140498,2761772113.0,,,,,,pass,"['forward_pass', 'loss', 'progressive_pass', 'short_or_medium_pass']",18.0,80.0,7055,Eskilsminne,4-2-3-1,6849,Jönköpings Södra,4-4-1,739449,L. Larsen,RCB,False,27.0,,5.0,674204.0,F. Benatallah,LW,22.0,83.0,2761772102.0,68.1691,"['attack', 'transition_medium']",31.0,11.0,46.0,74.0,74.0,51.0,6849.0,Jönköpings Södra,4-4-1,,,False,False,False,center,0.0,,,,,,,,,,,,,,,,,,,,,,,,,,,,,,,,,,,,,,,,
2761772113,5678949,2H,49,24,00:49:24.424,3154.424921,2761772115.0,,,,,,interception,"['recovery', 'counterpressing_recovery']",78.0,17.0,6849,Jönköpings Södra,4-4-1,7055,Eskilsminne,4-2-3-1,674204,F. Benatallah,LW,,,,,,,,,,2761772102.0,68.1691,"['attack', 'transition_medium']",31.0,12.0,46.0,74.0,74.0,51.0,6849.0,Jönköpings Södra,4-4-1,,,False,False,False,center,0.0,,,,,,,,,,,,,,,,,,,,,,,,,,,,,,,,,,,,,,,,
2761772115,5678949,2H,49,29,00:49:29.596,3159.596195,2761772116.0,,,,,,duel,"['defensive_duel', 'ground_duel']",54.0,39.0,6849,Jönköpings Södra,4-4-1,7055,Eskilsminne,4-2-3-1,613701,H. Lyck,RCB,,,,,,,,,,2761772102.0,68.1691,"['attack', 'transition_medium']",31.0,13.0,46.0,74.0,74.0,51.0,6849.0,Jönköpings Södra,4-4-1,,,False,False,False,center,0.0,338669.0,C. Ljungberg,AMF,defensive_duel,,,True,True,False,left,2761772431.0,,,,,,,,,,,,,,,,,,,,,,,,,,,,,
2761772431,5678949,2H,49,29,00:49:29.596,3159.596195,2761772116.0,,,,,,duel,"['dribble', 'ground_duel', 'offensive_duel']",46.0,61.0,7055,Eskilsminne,4-2-3-1,6849,Jönköpings Södra,4-4-1,338669,C. Ljungberg,AMF,,,,,,,,,,2761772102.0,68.1691,"['attack', 'transition_medium']",31.0,14.0,46.0,74.0,74.0,51.0,6849.0,Jönköpings Södra,4-4-1,,,False,False,False,center,0.0,613701.0,H. Lyck,RCB,dribble,False,False,,,False,right,2761772115.0,,,,,,,,,,,,,,,,,,,,,,,,,,,,,
2761772116,5678949,2H,49,31,00:49:31.107,3161.107063,2761772118.0,,,,,,pass,['short_or_medium_pass'],43.0,52.0,6849,Jönköpings Södra,4-4-1,7055,Eskilsminne,4-2-3-1,258063,S. Crona,RCMF,True,-77.0,,10.0,812471.0,A. Eriksson,LCMF,45.0,38.0,2761772102.0,68.1691,"['attack', 'transition_medium']",31.0,15.0,46.0,74.0,74.0,51.0,6849.0,Jönköpings Södra,4-4-1,,,False,False,False,center,0.0,,,,,,,,,,,,,,,,,,,,,,,,,,,,,,,,,,,,,,,,
2761772118,5678949,2H,49,35,00:49:35.607,3165.60724,2761772120.0,,,,,,pass,['short_or_medium_pass'],45.0,38.0,6849,Jönköpings Södra,4-4-1,7055,Eskilsminne,4-2-3-1,812471,A. Eriksson,LCMF,True,84.0,,10.0,615327.0,I. Ellbring,RW,46.0,53.0,2761772102.0,68.1691,"['attack', 'transition_medium']",31.0,16.0,46.0,74.0,74.0,51.0,6849.0,Jönköpings Södra,4-4-1,,,False,False,False,center,0.0,,,,,,,,,,,,,,,,,,,,,,,,,,,,,,,,,,,,,,,,
2761772120,5678949,2H,49,36,00:49:36.563,3166.563955,2761772121.0,,,,,,touch,"['progressive_run', 'carry']",46.0,53.0,6849,Jönköpings Södra,4-4-1,7055,Eskilsminne,4-2-3-1,615327,I. Ellbring,RW,,,,,,,,,,2761772102.0,68.1691,"['attack', 'transition_medium']",31.0,17.0,46.0,74.0,74.0,51.0,6849.0,Jönköpings Södra,4-4-1,,,False,False,False,center,0.0,,,,,,,,,,,,,,,,,,,17.31,65.0,71.0,,,,,,,,,,,,,,,,,,,
2761772121,5678949,2H,49,41,00:49:41.355,3171.355555,2761772122.0,,,,,,pass,"['lateral_pass', 'pass_to_final_third', 'short_or_medium_pass']",65.0,71.0,6849,Jönköpings Södra,4-4-1,7055,Eskilsminne,4-2-3-1,615327,I. Ellbring,RW,True,82.0,,14.0,73.0,M. Johansson,RB,67.0,92.0,2761772102.0,68.1691,"['attack', 'transition_medium']",31.0,18.0,46.0,74.0,74.0,51.0,6849.0,Jönköpings Södra,4-4-1,,,False,False,False,center,0.0,,,,,,,,,,,,,,,,,,,,,,,,,,,,,,,,,,,,,,,,
2761772122,5678949,2H,49,47,00:49:47.329,3177.329986,2761772125.0,,,,,,pass,"['back_pass', 'short_or_medium_pass']",67.0,92.0,6849,Jönköpings Södra,4-4-1,7055,Eskilsminne,4-2-3-1,73,M. Johansson,RB,True,-159.0,,34.0,258063.0,S. Crona,RCMF,37.0,75.0,2761772102.0,68.1691,"['attack', 'transition_medium']",31.0,19.0,46.0,74.0,74.0,51.0,6849.0,Jönköpings Södra,4-4-1,,,False,False,False,center,0.0,,,,,,,,,,,,,,,,,,,,,,,,,,,,,,,,,,,,,,,,
2761772125,5678949,2H,49,56,00:49:56.581,3186.581281,2761772126.0,,,,,,pass,['short_or_medium_pass'],37.0,75.0,6849,Jönköpings Södra,4-4-1,7055,Eskilsminne,4-2-3-1,258063,S. Crona,RCMF,True,-79.0,,6.0,613701.0,H. Lyck,RCB,38.0,67.0,2761772102.0,68.1691,"['attack', 'transition_medium']",31.0,20.0,46.0,74.0,74.0,51.0,6849.0,Jönköpings Södra,4-4-1,,,False,False,False,center,0.0,,,,,,,,,,,,,,,,,,,,,,,,,,,,,,,,,,,,,,,,
2761772126,5678949,2H,49,57,00:49:57.400,3187.4007,2761772128.0,,,,,,touch,"['progressive_run', 'carry']",38.0,67.0,6849,Jönköpings Södra,4-4-1,7055,Eskilsminne,4-2-3-1,613701,H. Lyck,RCB,,,,,,,,,,2761772102.0,68.1691,"['attack', 'transition_medium']",31.0,21.0,46.0,74.0,74.0,51.0,6849.0,Jönköpings Södra,4-4-1,,,False,False,False,center,0.0,,,,,,,,,,,,,,,,,,,19.32,59.0,77.0,,,,,,,,,,,,,,,,,,,
2761772128,5678949,2H,50,1,00:50:01.619,3191.619747,2761772130.0,,,,,,pass,"['forward_pass', 'pass_to_final_third', 'short_or_medium_pass']",59.0,77.0,6849,Jönköpings Södra,4-4-1,7055,Eskilsminne,4-2-3-1,613701,H. Lyck,RCB,True,5.0,,12.0,812471.0,A. Eriksson,LCMF,70.0,78.0,2761772102.0,68.1691,"['attack', 'transition_medium']",31.0,22.0,46.0,74.0,74.0,51.0,6849.0,Jönköpings Södra,4-4-1,,,False,False,False,center,0.0,,,,,,,,,,,,,,,,,,,,,,,,,,,,,,,,,,,,,,,,
2761772130,5678949,2H,50,2,00:50:02.165,3192.165153,2761772131.0,,,,,,pass,"['forward_pass', 'short_or_medium_pass']",70.0,78.0,6849,Jönköpings Södra,4-4-1,7055,Eskilsminne,4-2-3-1,812471,A. Eriksson,LCMF,True,40.0,,16.0,615327.0,I. Ellbring,RW,82.0,92.0,2761772102.0,68.1691,"['attack', 'transition_medium']",31.0,23.0,46.0,74.0,74.0,51.0,6849.0,Jönköpings Södra,4-4-1,,,False,False,False,center,0.0,,,,,,,,,,,,,,,,,,,,,,,,,,,,,,,,,,,,,,,,
2761772131,5678949,2H,50,3,00:50:03.808,3193.808802,2761772133.0,,,,,,touch,"['progressive_run', 'carry']",82.0,92.0,6849,Jönköpings Södra,4-4-1,7055,Eskilsminne,4-2-3-1,615327,I. Ellbring,RW,,,,,,,,,,2761772102.0,68.1691,"['attack', 'transition_medium']",31.0,24.0,46.0,74.0,74.0,51.0,6849.0,Jönköpings Södra,4-4-1,,,False,False,False,center,0.0,,,,,,,,,,,,,,,,,,,14.58,82.0,58.0,,,,,,,,,,,,,,,,,,,
2761772133,5678949,2H,50,7,00:50:07.449,3197.449415,2761772134.0,,,,,,duel,"['ground_duel', 'offensive_duel']",82.0,58.0,6849,Jönköpings Södra,4-4-1,7055,Eskilsminne,4-2-3-1,615327,I. Ellbring,RW,,,,,,,,,,2761772102.0,68.1691,"['attack', 'transition_medium']",31.0,25.0,46.0,74.0,74.0,51.0,6849.0,Jönköpings Södra,4-4-1,,,False,False,False,center,0.0,566323.0,F. Velander,LCB,offensive_duel,False,False,,,False,,2761772437.0,,,,,,,,,,,,,,,,,,,,,,,,,,,,,
2761772437,5678949,2H,50,7,00:50:07.449,3197.449415,2761772438.0,,,,,,duel,"['defensive_duel', 'ground_duel']",18.0,42.0,7055,Eskilsminne,4-2-3-1,6849,Jönköpings Södra,4-4-1,566323,F. Velander,LCB,,,,,,,,,,2761772102.0,68.1691,"['attack', 'transition_medium']",31.0,26.0,46.0,74.0,74.0,51.0,6849.0,Jönköpings Södra,4-4-1,,,False,False,False,center,0.0,615327.0,I. Ellbring,RW,defensive_duel,,,True,False,False,,2761772133.0,,,,,,,,,,,,,,,,,,,,,,,,,,,,,
2761772134,5678949,2H,50,9,00:50:09.607,3199.607681,2761772135.0,,,,,,duel,"['ground_duel', 'offensive_duel']",73.0,44.0,6849,Jönköpings Södra,4-4-1,7055,Eskilsminne,4-2-3-1,674204,F. Benatallah,LW,,,,,,,,,,2761772102.0,68.1691,"['attack', 'transition_medium']",31.0,27.0,46.0,74.0,74.0,51.0,6849.0,Jönköpings Södra,4-4-1,,,False,False,False,center,0.0,813232.0,J. Albin,RB,offensive_duel,False,False,,,False,,2761772438.0,,,,,,,,,,,,,,,,,,,,,,,,,,,,,
2761772438,5678949,2H,50,9,00:50:09.607,3199.607681,2761772442.0,,,,,,duel,"['defensive_duel', 'ground_duel']",27.0,56.0,7055,Eskilsminne,4-2-3-1,6849,Jönköpings Södra,4-4-1,813232,J. Albin,RB,,,,,,,,,,2761772102.0,68.1691,"['attack', 'transition_medium']",31.0,28.0,46.0,74.0,74.0,51.0,6849.0,Jönköpings Södra,4-4-1,,,False,False,False,center,0.0,674204.0,F. Benatallah,LW,defensive_duel,,,True,False,False,,2761772134.0,,,,,,,,,,,,,,,,,,,,,,,,,,,,,
2761772135,5678949,2H,50,10,00:50:10.845,3200.845611,2761772444.0,,,,,,duel,"['ground_duel', 'loss', 'offensive_duel']",74.0,51.0,6849,Jönköpings Södra,4-4-1,7055,Eskilsminne,4-2-3-1,674204,F. Benatallah,LW,,,,,,,,,,2761772102.0,68.1691,"['attack', 'transition_medium']",31.0,29.0,46.0,74.0,74.0,51.0,6849.0,Jönköpings Södra,4-4-1,,,False,False,False,center,0.0,493674.0,C. Seger,RDMF,offensive_duel,False,False,,,False,,2761772442.0,,,,,,,,,,,,,,,,,,,,,,,,,,,,,
2761772442,5678949,2H,50,10,00:50:10.845,3200.845611,2761772444.0,,,,,,duel,"['defensive_duel', 'ground_duel', 'recovery']",26.0,49.0,7055,Eskilsminne,4-2-3-1,6849,Jönköpings Södra,4-4-1,493674,C. Seger,RDMF,,,,,,,,,,2761772102.0,68.1691,"['attack', 'transition_medium']",31.0,30.0,46.0,74.0,74.0,51.0,6849.0,Jönköpings Södra,4-4-1,,,False,False,False,center,0.0,674204.0,F. Benatallah,LW,defensive_duel,,,True,True,False,,2761772135.0,,,,,,,,,,,,,,,,,,,,,,,,,,,,,
2761772444,5678949,2H,50,12,00:50:12.714,3202.714825,2761772446.0,,,,,,touch,[],30.0,60.0,7055,Eskilsminne,4-2-3-1,6849,Jönköpings Södra,4-4-1,813232,J. Albin,RB,,,,,,,,,,,,,,,,,,,,,,,,,,,,,,,,,,,,,,,,,,,,,,,,,,,,,,,,,,,,,,,,,,,,
2761772137,5678949,2H,50,18,00:50:18.259,3208.259126,2761772138.0,,,,,,duel,"['defensive_duel', 'ground_duel', 'progressive_run', 'recovery', 'carry']",34.0,14.0,6849,Jönköpings Södra,4-4-1,7055,Eskilsminne,4-2-3-1,558236,L. Eek,LCB,,,,,,,,,,2761772137.0,13.97566,"['attack', 'transition_medium']",6.0,0.0,34.0,14.0,85.0,33.0,6849.0,Jönköpings Södra,4-4-1,,,False,False,False,left,0.0,813232.0,J. Albin,RB,defensive_duel,,,True,True,False,,2761772446.0,,,,,,,,29.3,63.0,19.0,,,,,,,,,,,,,,,,,,,
2761772446,5678949,2H,50,18,00:50:18.259,3208.259126,2761772138.0,,,,,,duel,"['ground_duel', 'loss', 'offensive_duel']",66.0,86.0,7055,Eskilsminne,4-2-3-1,6849,Jönköpings Södra,4-4-1,813232,J. Albin,RB,,,,,,,,,,2761772137.0,13.97566,"['attack', 'transition_medium']",6.0,1.0,34.0,14.0,85.0,33.0,6849.0,Jönköpings Södra,4-4-1,,,False,False,False,left,0.0,558236.0,L. Eek,LCB,offensive_duel,False,False,,,False,,2761772137.0,,,,,,,,,,,,,,,,,,,,,,,,,,,,,
2761772138,5678949,2H,50,21,00:50:21.533,3211.533171,2761772140.0,,,,,,acceleration,[],33.0,22.0,6849,Jönköpings Södra,4-4-1,7055,Eskilsminne,4-2-3-1,558236,L. Eek,LCB,,,,,,,,,,2761772137.0,13.97566,"['attack', 'transition_medium']",6.0,2.0,34.0,14.0,85.0,33.0,6849.0,Jönköpings Södra,4-4-1,,,False,False,False,left,0.0,,,,,,,,,,,,,,,,,,,,,,,,,,,,,,,,,,,,,,,,
2761772140,5678949,2H,50,25,00:50:25.842,3215.842671,2761772141.0,,,,,,pass,"['lateral_pass', 'pass_to_final_third', 'short_or_medium_pass']",63.0,19.0,6849,Jönköpings Södra,4-4-1,7055,Eskilsminne,4-2-3-1,558236,L. Eek,LCB,True,-45.0,,13.0,674204.0,F. Benatallah,LW,72.0,5.0,2761772137.0,13.97566,"['attack', 'transition_medium']",6.0,3.0,34.0,14.0,85.0,33.0,6849.0,Jönköpings Södra,4-4-1,,,False,False,False,left,0.0,,,,,,,,,,,,,,,,,,,,,,,,,,,,,,,,,,,,,,,,
2761772141,5678949,2H,50,29,00:50:29.339,3219.339604,2761772142.0,,,,,,pass,"['lateral_pass', 'short_or_medium_pass']",72.0,5.0,6849,Jönköpings Södra,4-4-1,7055,Eskilsminne,4-2-3-1,674204,F. Benatallah,LW,True,81.0,,13.0,692804.0,O. Almström,LB,74.0,24.0,2761772137.0,13.97566,"['attack', 'transition_medium']",6.0,4.0,34.0,14.0,85.0,33.0,6849.0,Jönköpings Södra,4-4-1,,,False,False,False,left,0.0,,,,,,,,,,,,,,,,,,,,,,,,,,,,,,,,,,,,,,,,
2761772142,5678949,2H,50,31,00:50:31.876,3221.876525,2761772449.0,,,,,,pass,"['cross', 'forward_pass', 'loss', 'pass_to_penalty_area']",74.0,24.0,6849,Jönköpings Södra,4-4-1,7055,Eskilsminne,4-2-3-1,692804,O. Almström,LB,False,29.0,high,13.0,739449.0,L. Larsen,RCB,85.0,33.0,2761772137.0,13.97566,"['attack', 'transition_medium']",6.0,5.0,34.0,14.0,85.0,33.0,6849.0,Jönköpings Södra,4-4-1,,,False,False,False,left,0.0,,,,,,,,,,,,,,,,,,,,,,,,,,,,,,,,,,,,,,,,
2761772449,5678949,2H,50,32,00:50:32.593,3222.593047,2761772451.0,,,,,,interception,"['forward_pass', 'head_pass', 'pass', 'recovery', 'short_or_medium_pass']",15.0,67.0,7055,Eskilsminne,4-2-3-1,6849,Jönköpings Södra,4-4-1,739449,L. Larsen,RCB,True,32.0,high,19.0,807610.0,T. Bermudez,CF,30.0,83.0,2761772449.0,4.026943,['transition_low'],2.0,0.0,15.0,67.0,30.0,83.0,7055.0,Eskilsminne,4-2-3-1,,,,,,,,,,,,,,,,,,,,,,,,,,,,,,,,,,,,,,,,,,,,,,,
2761772143,5678949,2H,50,36,00:50:36.619,3226.61999,2761772144.0,,,,,,duel,"['defensive_duel', 'ground_duel', 'recovery', 'counterpressing_recovery']",70.0,17.0,6849,Jönköpings Södra,4-4-1,7055,Eskilsminne,4-2-3-1,692804,O. Almström,LB,,,,,,,,,,2761772143.0,9.7998845,"['attack', 'transition_high']",8.0,0.0,70.0,17.0,77.0,44.0,6849.0,Jönköpings Södra,4-4-1,,,False,False,False,left,0.0,807610.0,T. Bermudez,CF,defensive_duel,,,True,True,False,,2761772451.0,,,,,,,,,,,,,,,,,,,,,,,,,,,,,
2761772451,5678949,2H,50,36,00:50:36.619,3226.61999,2761772459.0,,,,,,duel,"['ground_duel', 'loss', 'offensive_duel']",30.0,83.0,7055,Eskilsminne,4-2-3-1,6849,Jönköpings Södra,4-4-1,807610,T. Bermudez,CF,,,,,,,,,,2761772449.0,4.026943,['transition_low'],2.0,1.0,15.0,67.0,30.0,83.0,7055.0,Eskilsminne,4-2-3-1,,,,,,,,692804.0,O. Almström,LB,offensive_duel,False,False,,,False,,2761772143.0,,,,,,,,,,,,,,,,,,,,,,,,,,,,,
2761772144,5678949,2H,50,37,00:50:37.500,3227.500261,2761772145.0,,,,,,duel,"['ground_duel', 'offensive_duel', 'carry']",76.0,17.0,6849,Jönköpings Södra,4-4-1,7055,Eskilsminne,4-2-3-1,674204,F. Benatallah,LW,,,,,,,,,,2761772143.0,9.7998845,"['attack', 'transition_high']",8.0,1.0,70.0,17.0,77.0,44.0,6849.0,Jönköpings Södra,4-4-1,,,False,False,False,left,0.0,807610.0,T. Bermudez,CF,offensive_duel,True,False,,,False,,2761772459.0,,,,,,,,4.719,81.0,19.0,,,,,,,,,,,,,,,,,,,
2761772459,5678949,2H,50,37,00:50:37.500,3227.500261,2761772461.0,,,,,,duel,"['defensive_duel', 'ground_duel']",24.0,83.0,7055,Eskilsminne,4-2-3-1,6849,Jönköpings Södra,4-4-1,807610,T. Bermudez,CF,,,,,,,,,,2761772143.0,9.7998845,"['attack', 'transition_high']",8.0,2.0,70.0,17.0,77.0,44.0,6849.0,Jönköpings Södra,4-4-1,,,False,False,False,left,0.0,674204.0,F. Benatallah,LW,defensive_duel,,,True,False,False,,2761772144.0,,,,,,,,,,,,,,,,,,,,,,,,,,,,,
2761772145,5678949,2H,50,38,00:50:38.463,3228.463857,2761772147.0,,,,,,duel,"['dribble', 'ground_duel', 'offensive_duel']",81.0,19.0,6849,Jönköpings Södra,4-4-1,7055,Eskilsminne,4-2-3-1,674204,F. Benatallah,LW,,,,,,,,,,2761772143.0,9.7998845,"['attack', 'transition_high']",8.0,3.0,70.0,17.0,77.0,44.0,6849.0,Jönköpings Södra,4-4-1,,,False,False,False,left,0.0,989683.0,H. Lindahl,RAMF,dribble,True,False,,,False,right,2761772461.0,,,,,,,,,,,,,,,,,,,,,,,,,,,,,
2761772461,5678949,2H,50,38,00:50:38.463,3228.463857,2761772147.0,,,,,,duel,"['defensive_duel', 'ground_duel']",19.0,81.0,7055,Eskilsminne,4-2-3-1,6849,Jönköpings Södra,4-4-1,989683,H. Lindahl,RAMF,,,,,,,,,,2761772143.0,9.7998845,"['attack', 'transition_high']",8.0,4.0,70.0,17.0,77.0,44.0,6849.0,Jönköpings Södra,4-4-1,,,False,False,False,left,0.0,674204.0,F. Benatallah,LW,defensive_duel,,,True,False,False,left,2761772145.0,,,,,,,,,,,,,,,,,,,,,,,,,,,,,
2761772147,5678949,2H,50,40,00:50:40.243,3230.243808,2761772148.0,,,,,,interception,[],72.0,23.0,6849,Jönköpings Södra,4-4-1,7055,Eskilsminne,4-2-3-1,258063,S. Crona,RCMF,,,,,,,,,,2761772143.0,9.7998845,"['attack', 'transition_high']",8.0,5.0,70.0,17.0,77.0,44.0,6849.0,Jönköpings Södra,4-4-1,,,False,False,False,left,0.0,,,,,,,,,,,,,,,,,,,,,,,,,,,,,,,,,,,,,,,,
2761772148,5678949,2H,50,41,00:50:41.700,3231.700471,2761772152.0,,,,,,pass,"['forward_pass', 'short_or_medium_pass']",76.0,19.0,6849,Jönköpings Södra,4-4-1,7055,Eskilsminne,4-2-3-1,674204,F. Benatallah,LW,True,-13.0,,18.0,692804.0,O. Almström,LB,93.0,13.0,2761772143.0,9.7998845,"['attack', 'transition_high']",8.0,6.0,70.0,17.0,77.0,44.0,6849.0,Jönköpings Södra,4-4-1,,,False,False,False,left,0.0,,,,,,,,,,,,,,,,,,,,,,,,,,,,,,,,,,,,,,,,
2761772152,5678949,2H,50,44,00:50:44.968,3234.968487,2761772464.0,,,,,,pass,"['lateral_pass', 'loss', 'short_or_medium_pass']",93.0,13.0,6849,Jönköpings Södra,4-4-1,7055,Eskilsminne,4-2-3-1,692804,O. Almström,LB,False,129.0,,27.0,517376.0,H. Norrby,LDMF,77.0,44.0,2761772143.0,9.7998845,"['attack', 'transition_high']",8.0,7.0,70.0,17.0,77.0,44.0,6849.0,Jönköpings Södra,4-4-1,,,False,False,False,left,0.0,,,,,,,,,,,,,,,,,,,,,,,,,,,,,,,,,,,,,,,,
2761772464,5678949,2H,50,47,00:50:47.871,3237.871262,2761772465.0,,,,,,touch,['carry'],23.0,56.0,7055,Eskilsminne,4-2-3-1,6849,Jönköpings Södra,4-4-1,517376,H. Norrby,LDMF,,,,,,,,,,2761772464.0,61.4232775,['attack'],25.0,0.0,23.0,56.0,83.0,53.0,7055.0,Eskilsminne,4-2-3-1,,,True,False,False,center,0.0381,,,,,,,,,,,,,,,,,,,18.63,41.0,40.0,,,,,,,,,,,,,,,,,,,
2761772465,5678949,2H,50,51,00:50:51.809,3241.809695,2761772466.0,,,,,,pass,"['lateral_pass', 'short_or_medium_pass']",41.0,40.0,7055,Eskilsminne,4-2-3-1,6849,Jönköpings Södra,4-4-1,517376,H. Norrby,LDMF,True,-74.0,,18.0,989684.0,M. Larsson,LAMF,46.0,15.0,2761772464.0,61.4232775,['attack'],25.0,1.0,23.0,56.0,83.0,53.0,7055.0,Eskilsminne,4-2-3-1,,,True,False,False,center,0.0381,,,,,,,,,,,,,,,,,,,,,,,,,,,,,,,,,,,,,,,,
2761772466,5678949,2H,50,53,00:50:53.720,3243.720009,2761772467.0,,,,,,touch,['carry'],46.0,15.0,7055,Eskilsminne,4-2-3-1,6849,Jönköpings Södra,4-4-1,989684,M. Larsson,LAMF,,,,,,,,,,2761772464.0,61.4232775,['attack'],25.0,2.0,23.0,56.0,83.0,53.0,7055.0,Eskilsminne,4-2-3-1,,,True,False,False,center,0.0381,,,,,,,,,,,,,,,,,,,5.161,52.0,13.0,,,,,,,,,,,,,,,,,,,
2761772467,5678949,2H,50,55,00:50:55.761,3245.761612,2761772468.0,,,,,,pass,"['back_pass', 'short_or_medium_pass']",52.0,13.0,7055,Eskilsminne,4-2-3-1,6849,Jönköpings Södra,4-4-1,989684,M. Larsson,LAMF,True,149.0,,18.0,517376.0,H. Norrby,LDMF,38.0,27.0,2761772464.0,61.4232775,['attack'],25.0,3.0,23.0,56.0,83.0,53.0,7055.0,Eskilsminne,4-2-3-1,,,True,False,False,center,0.0381,,,,,,,,,,,,,,,,,,,,,,,,,,,,,,,,,,,,,,,,
2761772468,5678949,2H,50,59,00:50:59.948,3249.948147,2761772469.0,,,,,,pass,"['lateral_pass', 'short_or_medium_pass']",38.0,27.0,7055,Eskilsminne,4-2-3-1,6849,Jönköpings Södra,4-4-1,517376,H. Norrby,LDMF,True,62.0,,19.0,807610.0,T. Bermudez,CF,47.0,52.0,2761772464.0,61.4232775,['attack'],25.0,4.0,23.0,56.0,83.0,53.0,7055.0,Eskilsminne,4-2-3-1,,,True,False,False,center,0.0381,,,,,,,,,,,,,,,,,,,,,,,,,,,,,,,,,,,,,,,,
2761772469,5678949,2H,51,3,00:51:03.907,3253.907469,2761772470.0,,,,,,pass,"['lateral_pass', 'short_or_medium_pass']",47.0,52.0,7055,Eskilsminne,4-2-3-1,6849,Jönköpings Södra,4-4-1,807610,T. Bermudez,CF,True,104.0,,25.0,813232.0,J. Albin,RB,41.0,87.0,2761772464.0,61.4232775,['attack'],25.0,5.0,23.0,56.0,83.0,53.0,7055.0,Eskilsminne,4-2-3-1,,,True,False,False,center,0.0381,,,,,,,,,,,,,,,,,,,,,,,,,,,,,,,,,,,,,,,,
2761772470,5678949,2H,51,8,00:51:08.887,3258.88798,2761772471.0,,,,,,pass,"['lateral_pass', 'short_or_medium_pass']",41.0,87.0,7055,Eskilsminne,4-2-3-1,6849,Jönköpings Södra,4-4-1,813232,J. Albin,RB,True,-80.0,,30.0,517376.0,H. Norrby,LDMF,46.0,44.0,2761772464.0,61.4232775,['attack'],25.0,6.0,23.0,56.0,83.0,53.0,7055.0,Eskilsminne,4-2-3-1,,,True,False,False,center,0.0381,,,,,,,,,,,,,,,,,,,,,,,,,,,,,,,,,,,,,,,,
2761772471,5678949,2H,51,11,00:51:11.312,3261.31215,2761772473.0,,,,,,pass,"['back_pass', 'short_or_medium_pass']",46.0,44.0,7055,Eskilsminne,4-2-3-1,6849,Jönköpings Södra,4-4-1,517376,H. Norrby,LDMF,True,-138.0,,15.0,566323.0,F. Velander,LCB,35.0,29.0,2761772464.0,61.4232775,['attack'],25.0,7.0,23.0,56.0,83.0,53.0,7055.0,Eskilsminne,4-2-3-1,,,True,False,False,center,0.0381,,,,,,,,,,,,,,,,,,,,,,,,,,,,,,,,,,,,,,,,
2761772473,5678949,2H,51,14,00:51:14.281,3264.281446,2761772475.0,,,,,,pass,"['lateral_pass', 'short_or_medium_pass']",35.0,29.0,7055,Eskilsminne,4-2-3-1,6849,Jönköpings Södra,4-4-1,566323,F. Velander,LCB,True,47.0,,20.0,493674.0,C. Seger,RDMF,48.0,50.0,2761772464.0,61.4232775,['attack'],25.0,8.0,23.0,56.0,83.0,53.0,7055.0,Eskilsminne,4-2-3-1,,,True,False,False,center,0.0381,,,,,,,,,,,,,,,,,,,,,,,,,,,,,,,,,,,,,,,,
2761772475,5678949,2H,51,16,00:51:16.084,3266.084885,2761772476.0,,,,,,pass,"['back_pass', 'short_or_medium_pass']",48.0,50.0,7055,Eskilsminne,4-2-3-1,6849,Jönköpings Södra,4-4-1,493674,C. Seger,RDMF,True,141.0,,13.0,517376.0,H. Norrby,LDMF,38.0,62.0,2761772464.0,61.4232775,['attack'],25.0,9.0,23.0,56.0,83.0,53.0,7055.0,Eskilsminne,4-2-3-1,,,True,False,False,center,0.0381,,,,,,,,,,,,,,,,,,,,,,,,,,,,,,,,,,,,,,,,
2761772476,5678949,2H,51,20,00:51:20.461,3270.461966,2761772477.0,,,,,,pass,"['lateral_pass', 'short_or_medium_pass']",38.0,62.0,7055,Eskilsminne,4-2-3-1,6849,Jönköpings Södra,4-4-1,517376,H. Norrby,LDMF,True,54.0,,17.0,739449.0,L. Larsen,RCB,48.0,82.0,2761772464.0,61.4232775,['attack'],25.0,10.0,23.0,56.0,83.0,53.0,7055.0,Eskilsminne,4-2-3-1,,,True,False,False,center,0.0381,,,,,,,,,,,,,,,,,,,,,,,,,,,,,,,,,,,,,,,,
2761772477,5678949,2H,51,25,00:51:25.813,3275.813479,2761772478.0,,,,,,pass,"['forward_pass', 'short_or_medium_pass']",48.0,82.0,7055,Eskilsminne,4-2-3-1,6849,Jönköpings Södra,4-4-1,739449,L. Larsen,RCB,True,38.0,,16.0,813232.0,J. Albin,RB,60.0,97.0,2761772464.0,61.4232775,['attack'],25.0,11.0,23.0,56.0,83.0,53.0,7055.0,Eskilsminne,4-2-3-1,,,True,False,False,center,0.0381,,,,,,,,,,,,,,,,,,,,,,,,,,,,,,,,,,,,,,,,
2761772478,5678949,2H,51,28,00:51:28.003,3278.003568,2761772481.0,,,,,,pass,"['back_pass', 'short_or_medium_pass']",60.0,97.0,7055,Eskilsminne,4-2-3-1,6849,Jönköpings Södra,4-4-1,813232,J. Albin,RB,True,-168.0,,19.0,739449.0,L. Larsen,RCB,42.0,91.0,2761772464.0,61.4232775,['attack'],25.0,12.0,23.0,56.0,83.0,53.0,7055.0,Eskilsminne,4-2-3-1,,,True,False,False,center,0.0381,,,,,,,,,,,,,,,,,,,,,,,,,,,,,,,,,,,,,,,,
2761772481,5678949,2H,51,30,00:51:30.725,3280.725524,2761772486.0,,,,,,pass,"['forward_pass', 'pass_to_final_third', 'progressive_pass', 'short_or_medium_pass']",42.0,91.0,7055,Eskilsminne,4-2-3-1,6849,Jönköpings Södra,4-4-1,739449,L. Larsen,RCB,True,-6.0,,30.0,989683.0,H. Lindahl,RAMF,70.0,87.0,2761772464.0,61.4232775,['attack'],25.0,13.0,23.0,56.0,83.0,53.0,7055.0,Eskilsminne,4-2-3-1,,,True,False,False,center,0.0381,,,,,,,,,,,,,,,,,,,,,,,,,,,,,,,,,,,,,,,,
2761772160,5678949,2H,51,31,00:51:31.559,3281.559648,2761772490.0,,,,,,duel,"['defensive_duel', 'ground_duel']",30.0,13.0,6849,Jönköpings Södra,4-4-1,7055,Eskilsminne,4-2-3-1,692804,O. Almström,LB,,,,,,,,,,2761772464.0,61.4232775,['attack'],25.0,14.0,23.0,56.0,83.0,53.0,7055.0,Eskilsminne,4-2-3-1,,,True,False,False,center,0.0381,989683.0,H. Lindahl,RAMF,defensive_duel,,,True,False,False,,2761772486.0,,,,,,,,,,,,,,,,,,,,,,,,,,,,,
2761772486,5678949,2H,51,31,00:51:31.559,3281.559648,2761772490.0,,,,,,duel,"['ground_duel', 'offensive_duel']",70.0,87.0,7055,Eskilsminne,4-2-3-1,6849,Jönköpings Södra,4-4-1,989683,H. Lindahl,RAMF,,,,,,,,,,2761772464.0,61.4232775,['attack'],25.0,15.0,23.0,56.0,83.0,53.0,7055.0,Eskilsminne,4-2-3-1,,,True,False,False,center,0.0381,692804.0,O. Almström,LB,offensive_duel,True,False,,,False,,2761772160.0,,,,,,,,,,,,,,,,,,,,,,,,,,,,,
2761772490,5678949,2H,51,33,00:51:33.201,3283.201797,2761772492.0,,,,,,pass,"['back_pass', 'short_or_medium_pass']",56.0,85.0,7055,Eskilsminne,4-2-3-1,6849,Jönköpings Södra,4-4-1,493674,C. Seger,RDMF,True,135.0,,4.0,813232.0,J. Albin,RB,53.0,89.0,2761772464.0,61.4232775,['attack'],25.0,16.0,23.0,56.0,83.0,53.0,7055.0,Eskilsminne,4-2-3-1,,,True,False,False,center,0.0381,,,,,,,,,,,,,,,,,,,,,,,,,,,,,,,,,,,,,,,,
2761772492,5678949,2H,51,34,00:51:34.742,3284.742158,2761772495.0,,,,,,pass,"['lateral_pass', 'short_or_medium_pass']",53.0,89.0,7055,Eskilsminne,4-2-3-1,6849,Jönköpings Södra,4-4-1,813232,J. Albin,RB,True,-111.0,,17.0,517376.0,H. Norrby,LDMF,48.0,66.0,2761772464.0,61.4232775,['attack'],25.0,17.0,23.0,56.0,83.0,53.0,7055.0,Eskilsminne,4-2-3-1,,,True,False,False,center,0.0381,,,,,,,,,,,,,,,,,,,,,,,,,,,,,,,,,,,,,,,,
2761772495,5678949,2H,51,37,00:51:37.056,3287.056207,2761772498.0,,,,,,pass,"['lateral_pass', 'long_pass', 'pass_to_final_third', 'progressive_pass']",48.0,66.0,7055,Eskilsminne,4-2-3-1,6849,Jönköpings Södra,4-4-1,517376,H. Norrby,LDMF,True,-54.0,high,49.0,989684.0,M. Larsson,LAMF,75.0,8.0,2761772464.0,61.4232775,['attack'],25.0,18.0,23.0,56.0,83.0,53.0,7055.0,Eskilsminne,4-2-3-1,,,True,False,False,center,0.0381,,,,,,,,,,,,,,,,,,,,,,,,,,,,,,,,,,,,,,,,
2761772498,5678949,2H,51,39,00:51:39.746,3289.746365,2761772499.0,,,,,,touch,['carry'],75.0,8.0,7055,Eskilsminne,4-2-3-1,6849,Jönköpings Södra,4-4-1,989684,M. Larsson,LAMF,,,,,,,,,,2761772464.0,61.4232775,['attack'],25.0,19.0,23.0,56.0,83.0,53.0,7055.0,Eskilsminne,4-2-3-1,,,True,False,False,center,0.0381,,,,,,,,,,,,,,,,,,,7.207,76.0,22.0,,,,,,,,,,,,,,,,,,,
2761772499,5678949,2H,51,45,00:51:45.280,3295.280424,2761772502.0,,,,,,pass,"['lateral_pass', 'short_or_medium_pass']",76.0,22.0,7055,Eskilsminne,4-2-3-1,6849,Jönköpings Södra,4-4-1,989684,M. Larsson,LAMF,True,99.0,,12.0,517376.0,H. Norrby,LDMF,74.0,40.0,2761772464.0,61.4232775,['attack'],25.0,20.0,23.0,56.0,83.0,53.0,7055.0,Eskilsminne,4-2-3-1,,,True,False,False,center,0.0381,,,,,,,,,,,,,,,,,,,,,,,,,,,,,,,,,,,,,,,,
2761772502,5678949,2H,51,47,00:51:47.996,3297.996202,2761772507.0,,,,,,pass,"['deep_completion', 'forward_pass', 'progressive_pass', 'short_or_medium_pass', 'shot_assist']",74.0,40.0,7055,Eskilsminne,4-2-3-1,6849,Jönköpings Södra,4-4-1,517376,H. Norrby,LDMF,True,35.0,,13.0,807610.0,T. Bermudez,CF,84.0,50.0,2761772464.0,61.4232775,['attack'],25.0,21.0,23.0,56.0,83.0,53.0,7055.0,Eskilsminne,4-2-3-1,,,True,False,False,center,0.0381,,,,,,,,,,,,,,,,,,,,,,,,,,,,,,,,,,,,,,,,
2761772507,5678949,2H,51,48,00:51:48.782,3298.782299,2761772508.0,,,,,,duel,"['dribble', 'ground_duel', 'offensive_duel']",84.0,50.0,7055,Eskilsminne,4-2-3-1,6849,Jönköpings Södra,4-4-1,807610,T. Bermudez,CF,,,,,,,,,,2761772464.0,61.4232775,['attack'],25.0,22.0,23.0,56.0,83.0,53.0,7055.0,Eskilsminne,4-2-3-1,,,True,False,False,center,0.0381,558236.0,L. Eek,LCB,dribble,True,False,,,False,left,2761772163.0,,,,,,,,,,,,,,,,,,,,,,,,,,,,,
2761772163,5678949,2H,51,49,00:51:49.046,3299.046845,2761772508.0,,,,,,duel,"['defensive_duel', 'ground_duel']",16.0,50.0,6849,Jönköpings Södra,4-4-1,7055,Eskilsminne,4-2-3-1,558236,L. Eek,LCB,,,,,,,,,,2761772464.0,61.4232775,['attack'],25.0,23.0,23.0,56.0,83.0,53.0,7055.0,Eskilsminne,4-2-3-1,,,True,False,False,center,0.0381,807610.0,T. Bermudez,CF,defensive_duel,,,True,False,False,right,2761772507.0,,,,,,,,,,,,,,,,,,,,,,,,,,,,,
2761772508,5678949,2H,51,49,00:51:49.542,3299.542234,,,,,,,shot,[],83.0,53.0,7055,Eskilsminne,4-2-3-1,6849,Jönköpings Södra,4-4-1,807610,T. Bermudez,CF,,,,,,,,,,2761772464.0,61.4232775,['attack'],25.0,24.0,23.0,56.0,83.0,53.0,7055.0,Eskilsminne,4-2-3-1,,,True,False,False,center,0.0381,,,,,,,,,,,,,,,,,,,,,,right_foot,False,False,bc,0.03813,,,,,,,,,,,,,,
2761772165,5678949,2H,51,50,00:51:50.074,3300.074769,2761772166.0,,,,,,interception,['shot_block'],15.0,46.0,6849,Jönköpings Södra,4-4-1,7055,Eskilsminne,4-2-3-1,558236,L. Eek,LCB,,,,,,,,,,2761772165.0,34.9549565,['attack'],7.0,0.0,15.0,46.0,95.0,59.0,6849.0,Jönköpings Södra,4-4-1,,,False,False,False,left,0.0,,,,,,,,,,,,,,,,,,,,,,,,,,,,,,,,,,,,,,,,
2761772166,5678949,2H,51,52,00:51:52.165,3302.16531,2761772172.0,,,,,,touch,['carry'],1.0,41.0,6849,Jönköpings Södra,4-4-1,7055,Eskilsminne,4-2-3-1,899727,A. Eriksson,GK,,,,,,,,,,2761772165.0,34.9549565,['attack'],7.0,1.0,15.0,46.0,95.0,59.0,6849.0,Jönköpings Södra,4-4-1,,,False,False,False,left,0.0,,,,,,,,,,,,,,,,,,,20.07,21.0,70.0,,,,,,,,,,,,,,,,,,,
2761772172,5678949,2H,52,14,00:52:14.567,3324.567171,2761772173.0,,,,,,pass,"['forward_pass', 'long_pass', 'pass_to_final_third', 'progressive_pass']",21.0,70.0,6849,Jönköpings Södra,4-4-1,7055,Eskilsminne,4-2-3-1,899727,A. Eriksson,GK,True,-6.0,high,58.0,674204.0,F. Benatallah,LW,76.0,62.0,2761772165.0,34.9549565,['attack'],7.0,2.0,15.0,46.0,95.0,59.0,6849.0,Jönköpings Södra,4-4-1,,,False,False,False,left,0.0,,,,,,,,,,,,,,,,,,,,,,,,,,,,,,,,,,,,,,,,
2761772173,5678949,2H,52,16,00:52:16.723,3326.723378,2761772174.0,,,,,,duel,['loose_ball_duel'],76.0,62.0,6849,Jönköpings Södra,4-4-1,7055,Eskilsminne,4-2-3-1,674204,F. Benatallah,LW,,,,,,,,,,2761772165.0,34.9549565,['attack'],7.0,3.0,15.0,46.0,95.0,59.0,6849.0,Jönköpings Södra,4-4-1,,,False,False,False,left,0.0,,,,,,,,,,,,,,,,,,,,,,,,,,,,,,,,,,,,,,,,
2761772509,5678949,2H,52,16,00:52:16.723,3326.723378,2761772174.0,,,,,,duel,['loose_ball_duel'],24.0,38.0,7055,Eskilsminne,4-2-3-1,6849,Jönköpings Södra,4-4-1,739449,L. Larsen,RCB,,,,,,,,,,2761772165.0,34.9549565,['attack'],7.0,4.0,15.0,46.0,95.0,59.0,6849.0,Jönköpings Södra,4-4-1,,,False,False,False,left,0.0,,,,,,,,,,,,,,,,,,,,,,,,,,,,,,,,,,,,,,,,
2761772174,5678949,2H,52,20,00:52:20.534,3330.534686,2761772175.0,,,,,,pass,"['lateral_pass', 'short_or_medium_pass']",72.0,38.0,6849,Jönköpings Södra,4-4-1,7055,Eskilsminne,4-2-3-1,812471,A. Eriksson,LCMF,True,-52.0,,18.0,692804.0,O. Almström,LB,83.0,18.0,2761772165.0,34.9549565,['attack'],7.0,5.0,15.0,46.0,95.0,59.0,6849.0,Jönköpings Södra,4-4-1,,,False,False,False,left,0.0,,,,,,,,,,,,,,,,,,,,,,,,,,,,,,,,,,,,,,,,
2761772175,5678949,2H,52,23,00:52:23.534,3333.534558,2761772510.0,,,,,,pass,"['cross', 'lateral_pass', 'loss', 'pass_to_penalty_area']",83.0,18.0,6849,Jönköpings Södra,4-4-1,7055,Eskilsminne,4-2-3-1,692804,O. Almström,LB,False,65.0,high,31.0,51079.0,L. Ohlander,LB,95.0,59.0,2761772165.0,34.9549565,['attack'],7.0,6.0,15.0,46.0,95.0,59.0,6849.0,Jönköpings Södra,4-4-1,,,False,False,False,left,0.0,,,,,,,,,,,,,,,,,,,,,,,,,,,,,,,,,,,,,,,,
2761772510,5678949,2H,52,26,00:52:26.524,3336.524893,2761772511.0,,,,,,interception,"['head_pass', 'recovery']",5.0,41.0,7055,Eskilsminne,4-2-3-1,6849,Jönköpings Södra,4-4-1,51079,L. Ohlander,LB,,,,,,,,,,2761772510.0,37.430664,"['attack', 'transition_low']",16.0,0.0,5.0,41.0,88.0,54.0,7055.0,Eskilsminne,4-2-3-1,,,False,False,False,center,0.0,,,,,,,,,,,,,,,,,,,,,,,,,,,,,,,,,,,,,,,,
2761772511,5678949,2H,52,27,00:52:27.965,3337.965217,2761772512.0,,,,,,pass,"['forward_pass', 'short_or_medium_pass']",18.0,30.0,7055,Eskilsminne,4-2-3-1,6849,Jönköpings Södra,4-4-1,989684,M. Larsson,LAMF,True,36.0,,18.0,338669.0,C. Ljungberg,AMF,32.0,46.0,2761772510.0,37.430664,"['attack', 'transition_low']",16.0,1.0,5.0,41.0,88.0,54.0,7055.0,Eskilsminne,4-2-3-1,,,False,False,False,center,0.0,,,,,,,,,,,,,,,,,,,,,,,,,,,,,,,,,,,,,,,,
2761772512,5678949,2H,52,29,00:52:29.783,3339.783336,2761772513.0,,,,,,pass,"['forward_pass', 'short_or_medium_pass']",32.0,46.0,7055,Eskilsminne,4-2-3-1,6849,Jönköpings Södra,4-4-1,338669,C. Ljungberg,AMF,True,45.0,,6.0,807610.0,T. Bermudez,CF,36.0,52.0,2761772510.0,37.430664,"['attack', 'transition_low']",16.0,2.0,5.0,41.0,88.0,54.0,7055.0,Eskilsminne,4-2-3-1,,,False,False,False,center,0.0,,,,,,,,,,,,,,,,,,,,,,,,,,,,,,,,,,,,,,,,
2761772513,5678949,2H,52,30,00:52:30.820,3340.82026,2761772514.0,,,,,,touch,['carry'],36.0,52.0,7055,Eskilsminne,4-2-3-1,6849,Jönköpings Södra,4-4-1,807610,T. Bermudez,CF,,,,,,,,,,2761772510.0,37.430664,"['attack', 'transition_low']",16.0,3.0,5.0,41.0,88.0,54.0,7055.0,Eskilsminne,4-2-3-1,,,False,False,False,center,0.0,,,,,,,,,,,,,,,,,,,11.79,48.0,36.0,,,,,,,,,,,,,,,,,,,
2761772514,5678949,2H,52,35,00:52:35.059,3345.059929,2761772515.0,,,,,,pass,"['lateral_pass', 'short_or_medium_pass']",48.0,36.0,7055,Eskilsminne,4-2-3-1,6849,Jönköpings Södra,4-4-1,807610,T. Bermudez,CF,True,-108.0,,14.0,989684.0,M. Larsson,LAMF,44.0,17.0,2761772510.0,37.430664,"['attack', 'transition_low']",16.0,4.0,5.0,41.0,88.0,54.0,7055.0,Eskilsminne,4-2-3-1,,,False,False,False,center,0.0,,,,,,,,,,,,,,,,,,,,,,,,,,,,,,,,,,,,,,,,
2761772515,5678949,2H,52,37,00:52:37.770,3347.770536,2761772516.0,,,,,,pass,['short_or_medium_pass'],44.0,17.0,7055,Eskilsminne,4-2-3-1,6849,Jönköpings Södra,4-4-1,989684,M. Larsson,LAMF,True,112.0,,12.0,493674.0,C. Seger,RDMF,40.0,33.0,2761772510.0,37.430664,"['attack', 'transition_low']",16.0,5.0,5.0,41.0,88.0,54.0,7055.0,Eskilsminne,4-2-3-1,,,False,False,False,center,0.0,,,,,,,,,,,,,,,,,,,,,,,,,,,,,,,,,,,,,,,,
2761772516,5678949,2H,52,39,00:52:39.014,3349.014692,2761772517.0,,,,,,pass,"['lateral_pass', 'short_or_medium_pass']",40.0,33.0,7055,Eskilsminne,4-2-3-1,6849,Jönköpings Södra,4-4-1,493674,C. Seger,RDMF,True,-129.0,,13.0,51079.0,L. Ohlander,LB,32.0,18.0,2761772510.0,37.430664,"['attack', 'transition_low']",16.0,6.0,5.0,41.0,88.0,54.0,7055.0,Eskilsminne,4-2-3-1,,,False,False,False,center,0.0,,,,,,,,,,,,,,,,,,,,,,,,,,,,,,,,,,,,,,,,
2761772517,5678949,2H,52,42,00:52:42.296,3352.296172,2761772518.0,,,,,,pass,['short_or_medium_pass'],32.0,18.0,7055,Eskilsminne,4-2-3-1,6849,Jönköpings Södra,4-4-1,51079,L. Ohlander,LB,True,63.0,,6.0,493674.0,C. Seger,RDMF,35.0,26.0,2761772510.0,37.430664,"['attack', 'transition_low']",16.0,7.0,5.0,41.0,88.0,54.0,7055.0,Eskilsminne,4-2-3-1,,,False,False,False,center,0.0,,,,,,,,,,,,,,,,,,,,,,,,,,,,,,,,,,,,,,,,
2761772518,5678949,2H,52,42,00:52:42.843,3352.843792,2761772519.0,,,,,,pass,"['back_pass', 'short_or_medium_pass']",35.0,26.0,7055,Eskilsminne,4-2-3-1,6849,Jönköpings Södra,4-4-1,493674,C. Seger,RDMF,True,172.0,,14.0,566323.0,F. Velander,LCB,22.0,30.0,2761772510.0,37.430664,"['attack', 'transition_low']",16.0,8.0,5.0,41.0,88.0,54.0,7055.0,Eskilsminne,4-2-3-1,,,False,False,False,center,0.0,,,,,,,,,,,,,,,,,,,,,,,,,,,,,,,,,,,,,,,,
2761772519,5678949,2H,52,45,00:52:45.888,3355.888167,2761772520.0,,,,,,pass,"['lateral_pass', 'short_or_medium_pass']",22.0,30.0,7055,Eskilsminne,4-2-3-1,6849,Jönköpings Södra,4-4-1,566323,F. Velander,LCB,True,82.0,,21.0,739449.0,L. Larsen,RCB,25.0,61.0,2761772510.0,37.430664,"['attack', 'transition_low']",16.0,9.0,5.0,41.0,88.0,54.0,7055.0,Eskilsminne,4-2-3-1,,,False,False,False,center,0.0,,,,,,,,,,,,,,,,,,,,,,,,,,,,,,,,,,,,,,,,
2761772520,5678949,2H,52,47,00:52:47.330,3357.330748,2761772522.0,,,,,,touch,['carry'],25.0,61.0,7055,Eskilsminne,4-2-3-1,6849,Jönköpings Södra,4-4-1,739449,L. Larsen,RCB,,,,,,,,,,2761772510.0,37.430664,"['attack', 'transition_low']",16.0,10.0,5.0,41.0,88.0,54.0,7055.0,Eskilsminne,4-2-3-1,,,False,False,False,center,0.0,,,,,,,,,,,,,,,,,,,14.66,42.0,81.0,,,,,,,,,,,,,,,,,,,
2761772522,5678949,2H,52,53,00:52:53.667,3363.667409,2761772523.0,,,,,,pass,['short_or_medium_pass'],42.0,81.0,7055,Eskilsminne,4-2-3-1,6849,Jönköpings Södra,4-4-1,739449,L. Larsen,RCB,True,-95.0,,11.0,493674.0,C. Seger,RDMF,41.0,65.0,2761772510.0,37.430664,"['attack', 'transition_low']",16.0,11.0,5.0,41.0,88.0,54.0,7055.0,Eskilsminne,4-2-3-1,,,False,False,False,center,0.0,,,,,,,,,,,,,,,,,,,,,,,,,,,,,,,,,,,,,,,,
2761772523,5678949,2H,52,55,00:52:55.538,3365.538096,2761772525.0,,,,,,pass,"['forward_pass', 'short_or_medium_pass']",41.0,65.0,7055,Eskilsminne,4-2-3-1,6849,Jönköpings Södra,4-4-1,493674,C. Seger,RDMF,True,-25.0,,14.0,517376.0,H. Norrby,LDMF,53.0,56.0,2761772510.0,37.430664,"['attack', 'transition_low']",16.0,12.0,5.0,41.0,88.0,54.0,7055.0,Eskilsminne,4-2-3-1,,,False,False,False,center,0.0,,,,,,,,,,,,,,,,,,,,,,,,,,,,,,,,,,,,,,,,
2761772525,5678949,2H,52,58,00:52:58.013,3368.013139,2761772526.0,,,,,,pass,"['forward_pass', 'pass_to_final_third', 'progressive_pass', 'short_or_medium_pass']",53.0,56.0,7055,Eskilsminne,4-2-3-1,6849,Jönköpings Södra,4-4-1,517376,H. Norrby,LDMF,True,-25.0,,17.0,338669.0,C. Ljungberg,AMF,68.0,46.0,2761772510.0,37.430664,"['attack', 'transition_low']",16.0,13.0,5.0,41.0,88.0,54.0,7055.0,Eskilsminne,4-2-3-1,,,False,False,False,center,0.0,,,,,,,,,,,,,,,,,,,,,,,,,,,,,,,,,,,,,,,,
2761772526,5678949,2H,52,59,00:52:59.810,3369.810185,2761772529.0,,,,,,pass,"['forward_pass', 'short_or_medium_pass']",68.0,46.0,7055,Eskilsminne,4-2-3-1,6849,Jönköpings Södra,4-4-1,338669,C. Ljungberg,AMF,True,22.0,,10.0,807610.0,T. Bermudez,CF,77.0,52.0,2761772510.0,37.430664,"['attack', 'transition_low']",16.0,14.0,5.0,41.0,88.0,54.0,7055.0,Eskilsminne,4-2-3-1,,,False,False,False,center,0.0,,,,,,,,,,,,,,,,,,,,,,,,,,,,,,,,,,,,,,,,
2761772529,5678949,2H,53,0,00:53:00.477,3370.477771,2761772180.0,,,,,,touch,['loss'],77.0,52.0,7055,Eskilsminne,4-2-3-1,6849,Jönköpings Södra,4-4-1,807610,T. Bermudez,CF,,,,,,,,,,2761772510.0,37.430664,"['attack', 'transition_low']",16.0,15.0,5.0,41.0,88.0,54.0,7055.0,Eskilsminne,4-2-3-1,,,False,False,False,center,0.0,,,,,,,,,,,,,,,,,,,,,,,,,,,,,,,,,,,,,,,,
2761772180,5678949,2H,53,7,00:53:07.433,3377.433343,2761772181.0,,,,,,pass,"['forward_pass', 'hand_pass', 'recovery', 'short_or_medium_pass']",12.0,46.0,6849,Jönköpings Södra,4-4-1,7055,Eskilsminne,4-2-3-1,899727,A. Eriksson,GK,True,43.0,,19.0,613701.0,H. Lyck,RCB,26.0,64.0,2761772180.0,32.2942505,['transition_low'],11.0,0.0,12.0,46.0,46.0,70.0,6849.0,Jönköpings Södra,4-4-1,,,,,,,,,,,,,,,,,,,,,,,,,,,,,,,,,,,,,,,,,,,,,,,
2761772181,5678949,2H,53,10,00:53:10.578,3380.578334,2761772182.0,,,,,,pass,"['lateral_pass', 'short_or_medium_pass']",26.0,64.0,6849,Jönköpings Södra,4-4-1,7055,Eskilsminne,4-2-3-1,613701,H. Lyck,RCB,True,90.0,,14.0,73.0,M. Johansson,RB,26.0,85.0,2761772180.0,32.2942505,['transition_low'],11.0,1.0,12.0,46.0,46.0,70.0,6849.0,Jönköpings Södra,4-4-1,,,,,,,,,,,,,,,,,,,,,,,,,,,,,,,,,,,,,,,,,,,,,,,
2761772182,5678949,2H,53,14,00:53:14.384,3384.38427,2761772184.0,,,,,,pass,"['lateral_pass', 'short_or_medium_pass']",26.0,85.0,6849,Jönköpings Södra,4-4-1,7055,Eskilsminne,4-2-3-1,73,M. Johansson,RB,True,-126.0,,24.0,899727.0,A. Eriksson,GK,12.0,58.0,2761772180.0,32.2942505,['transition_low'],11.0,2.0,12.0,46.0,46.0,70.0,6849.0,Jönköpings Södra,4-4-1,,,,,,,,,,,,,,,,,,,,,,,,,,,,,,,,,,,,,,,,,,,,,,,
2761772184,5678949,2H,53,20,00:53:20.925,3390.925205,2761772185.0,,,,,,pass,"['forward_pass', 'long_pass', 'progressive_pass']",12.0,58.0,6849,Jönköpings Södra,4-4-1,7055,Eskilsminne,4-2-3-1,899727,A. Eriksson,GK,True,18.0,high,54.0,615327.0,I. Ellbring,RW,61.0,82.0,2761772180.0,32.2942505,['transition_low'],11.0,3.0,12.0,46.0,46.0,70.0,6849.0,Jönköpings Södra,4-4-1,,,,,,,,,,,,,,,,,,,,,,,,,,,,,,,,,,,,,,,,,,,,,,,
2761772185,5678949,2H,53,24,00:53:24.156,3394.156418,2761772187.0,,,,,,duel,"['aerial_duel', 'loss']",61.0,82.0,6849,Jönköpings Södra,4-4-1,7055,Eskilsminne,4-2-3-1,615327,I. Ellbring,RW,,,,,,,,,,2761772180.0,32.2942505,['transition_low'],11.0,4.0,12.0,46.0,46.0,70.0,6849.0,Jönköpings Södra,4-4-1,,,,,,,,,,,,,,,,,,,,,,,,,,,,,,,,,,,,,,,51079.0,L. Ohlander,LB,179.0,False,0.0,2761772531.0,,
2761772531,5678949,2H,53,24,00:53:24.156,3394.156418,2761772187.0,,,,,,duel,"['aerial_duel', 'loss', 'recovery']",39.0,18.0,7055,Eskilsminne,4-2-3-1,6849,Jönköpings Södra,4-4-1,51079,L. Ohlander,LB,,,,,,,,,,2761772180.0,32.2942505,['transition_low'],11.0,5.0,12.0,46.0,46.0,70.0,6849.0,Jönköpings Södra,4-4-1,,,,,,,,,,,,,,,,,,,,,,,,,,,,,,,,,,,,,,,615327.0,I. Ellbring,RW,0.0,True,179.0,2761772185.0,,
2761772187,5678949,2H,53,27,00:53:27.473,3397.473473,2761772189.0,,,,,,pass,"['recovery', 'counterpressing_recovery', 'short_or_medium_pass']",44.0,53.0,6849,Jönköpings Södra,4-4-1,7055,Eskilsminne,4-2-3-1,558236,L. Eek,LCB,True,63.0,,7.0,812471.0,A. Eriksson,LCMF,47.0,62.0,2761772180.0,32.2942505,['transition_low'],11.0,6.0,12.0,46.0,46.0,70.0,6849.0,Jönköpings Södra,4-4-1,,,,,,,,,,,,,,,,,,,,,,,,,,,,,,,,,,,,,,,,,,,,,,,
2761772189,5678949,2H,53,28,00:53:28.031,3398.031197,2761772190.0,,,,,,touch,['carry'],47.0,62.0,6849,Jönköpings Södra,4-4-1,7055,Eskilsminne,4-2-3-1,812471,A. Eriksson,LCMF,,,,,,,,,,2761772180.0,32.2942505,['transition_low'],11.0,7.0,12.0,46.0,46.0,70.0,6849.0,Jönköpings Södra,4-4-1,,,,,,,,,,,,,,,,,,,,,,,,,,-10.99,36.0,53.0,,,,,,,,,,,,,,,,,,,
2761772190,5678949,2H,53,29,00:53:29.410,3399.410386,2761772192.0,,,,,,pass,"['back_pass', 'short_or_medium_pass']",36.0,53.0,6849,Jönköpings Södra,4-4-1,7055,Eskilsminne,4-2-3-1,812471,A. Eriksson,LCMF,True,165.0,,15.0,899727.0,A. Eriksson,GK,22.0,59.0,2761772180.0,32.2942505,['transition_low'],11.0,8.0,12.0,46.0,46.0,70.0,6849.0,Jönköpings Södra,4-4-1,,,,,,,,,,,,,,,,,,,,,,,,,,,,,,,,,,,,,,,,,,,,,,,
2761772192,5678949,2H,53,36,00:53:36.591,3406.591079,2761772194.0,,,,,,pass,"['lateral_pass', 'short_or_medium_pass']",22.0,59.0,6849,Jönköpings Södra,4-4-1,7055,Eskilsminne,4-2-3-1,899727,A. Eriksson,GK,True,56.0,,22.0,73.0,M. Johansson,RB,33.0,86.0,2761772180.0,32.2942505,['transition_low'],11.0,9.0,12.0,46.0,46.0,70.0,6849.0,Jönköpings Södra,4-4-1,,,,,,,,,,,,,,,,,,,,,,,,,,,,,,,,,,,,,,,,,,,,,,,
2761772194,5678949,2H,53,39,00:53:39.102,3409.1021,2761772535.0,,,,,,pass,"['forward_pass', 'loss', 'short_or_medium_pass']",33.0,86.0,6849,Jönköpings Södra,4-4-1,7055,Eskilsminne,4-2-3-1,73,M. Johansson,RB,True,-38.0,,17.0,258063.0,S. Crona,RCMF,46.0,70.0,2761772180.0,32.2942505,['transition_low'],11.0,10.0,12.0,46.0,46.0,70.0,6849.0,Jönköpings Södra,4-4-1,,,,,,,,,,,,,,,,,,,,,,,,,,,,,,,,,,,,,,,,,,,,,,,
2761772536,5678949,2H,53,40,00:53:40.353,3410.353087,2761772539.0,,,,,,duel,"['defensive_duel', 'ground_duel', 'recovery', 'carry']",54.0,30.0,7055,Eskilsminne,4-2-3-1,6849,Jönköpings Södra,4-4-1,493674,C. Seger,RDMF,,,,,,,,,,2761772536.0,6.867348,['attack'],5.0,0.0,54.0,30.0,85.0,59.0,7055.0,Eskilsminne,4-2-3-1,,,True,False,False,center,0.0385,258063.0,S. Crona,RCMF,defensive_duel,,,True,True,False,,2761772535.0,,,,,,,,5.603,59.0,33.0,,,,,,,,,,,,,,,,,,,
2761772535,5678949,2H,53,40,00:53:40.390,3410.39043,2761772539.0,,,,,,duel,"['ground_duel', 'offensive_duel']",46.0,70.0,6849,Jönköpings Södra,4-4-1,7055,Eskilsminne,4-2-3-1,258063,S. Crona,RCMF,,,,,,,,,,2761772536.0,6.867348,['attack'],5.0,1.0,54.0,30.0,85.0,59.0,7055.0,Eskilsminne,4-2-3-1,,,True,False,False,center,0.0385,493674.0,C. Seger,RDMF,offensive_duel,False,False,,,False,,2761772536.0,,,,,,,,,,,,,,,,,,,,,,,,,,,,,
2761772539,5678949,2H,53,42,00:53:42.637,3412.637462,2761772542.0,,,,,,pass,"['forward_pass', 'pass_to_final_third', 'progressive_pass', 'short_or_medium_pass']",59.0,33.0,7055,Eskilsminne,4-2-3-1,6849,Jönköpings Södra,4-4-1,493674,C. Seger,RDMF,True,0.0,,24.0,807610.0,T. Bermudez,CF,82.0,33.0,2761772536.0,6.867348,['attack'],5.0,2.0,54.0,30.0,85.0,59.0,7055.0,Eskilsminne,4-2-3-1,,,True,False,False,center,0.0385,,,,,,,,,,,,,,,,,,,,,,,,,,,,,,,,,,,,,,,,
2761772542,5678949,2H,53,46,00:53:46.326,3416.326487,2761772545.0,,,,,,pass,"['deep_completion', 'lateral_pass', 'pass_to_penalty_area', 'short_or_medium_pass', 'shot_assist']",82.0,33.0,7055,Eskilsminne,4-2-3-1,6849,Jönköpings Södra,4-4-1,807610,T. Bermudez,CF,True,81.0,,18.0,338669.0,C. Ljungberg,AMF,85.0,59.0,2761772536.0,6.867348,['attack'],5.0,3.0,54.0,30.0,85.0,59.0,7055.0,Eskilsminne,4-2-3-1,,,True,False,False,center,0.0385,,,,,,,,,,,,,,,,,,,,,,,,,,,,,,,,,,,,,,,,
2761772545,5678949,2H,53,48,00:53:48.114,3418.114383,,,,,,,shot,['touch_in_box'],85.0,59.0,7055,Eskilsminne,4-2-3-1,6849,Jönköpings Södra,4-4-1,338669,C. Ljungberg,AMF,,,,,,,,,,2761772536.0,6.867348,['attack'],5.0,4.0,54.0,30.0,85.0,59.0,7055.0,Eskilsminne,4-2-3-1,,,True,False,False,center,0.0385,,,,,,,,,,,,,,,,,,,,,,right_foot,False,False,bc,0.03846,,,,,,,,,,,,,,
2761772196,5678949,2H,53,48,00:53:48.923,3418.923936,2761772546.0,,,,,,interception,"['loss', 'shot_block']",12.0,43.0,6849,Jönköpings Södra,4-4-1,7055,Eskilsminne,4-2-3-1,812471,A. Eriksson,LCMF,,,,,,,,,,2761772196.0,0.822999,[],1.0,0.0,12.0,43.0,13.0,40.0,6849.0,Jönköpings Södra,4-4-1,,,,,,,,,,,,,,,,,,,,,,,,,,,,,,,,,,,,,,,,,,,,,,,
2761772546,5678949,2H,53,50,00:53:50.569,3420.569934,2761772554.0,,,,,,pass,"['deep_completion', 'recovery', 'counterpressing_recovery', 'short_or_medium_pass', 'shot_assist', 'touch_in_box']",87.0,60.0,7055,Eskilsminne,4-2-3-1,6849,Jönköpings Södra,4-4-1,338669,C. Ljungberg,AMF,True,68.0,,5.0,989683.0,H. Lindahl,RAMF,89.0,67.0,2761772546.0,0.226168,['attack'],2.0,0.0,87.0,60.0,89.0,67.0,7055.0,Eskilsminne,4-2-3-1,,,True,True,False,center,0.1079,,,,,,,,,,,,,,,,,,,,,,,,,,,,,,,,,,,,,,,,
2761772554,5678949,2H,53,51,00:53:51.022,3421.02227,,,,,,,shot,"['opportunity', 'touch_in_box']",89.0,67.0,7055,Eskilsminne,4-2-3-1,6849,Jönköpings Södra,4-4-1,989683,H. Lindahl,RAMF,,,,,,,,,,2761772546.0,0.226168,['attack'],2.0,1.0,87.0,60.0,89.0,67.0,7055.0,Eskilsminne,4-2-3-1,,,True,True,False,center,0.1079,,,,,,,,,,,,,,,,,,,,,,right_foot,False,True,gb,0.1079,0.09529,2761772197.0,899727.0,A. Eriksson,,,,,,,,,,
2761772197,5678949,2H,53,51,00:53:51.340,3421.340742,2761772554.0,,,,,,shot_against,"['save', 'save_with_reflex']",8.0,36.0,6849,Jönköpings Södra,4-4-1,7055,Eskilsminne,4-2-3-1,899727,A. Eriksson,GK,,,,,,,,,,,,,,,,,,,,,,,,,,,,,,,,,,,,,,,,,,,,,,,,,,,,,,,,,,,,,,,,,,,,
2761772198,5678949,2H,53,52,00:53:52.020,3422.020521,2761772199.0,,,,,,interception,"['forward_pass', 'pass', 'short_or_medium_pass']",2.0,48.0,6849,Jönköpings Södra,4-4-1,7055,Eskilsminne,4-2-3-1,613701,H. Lyck,RCB,True,14.0,,12.0,258063.0,S. Crona,RCMF,13.0,53.0,2761772198.0,6.36288,[],3.0,0.0,2.0,48.0,68.0,36.0,6849.0,Jönköpings Södra,4-4-1,,,,,,,,,,,,,,,,,,,,,,,,,,,,,,,,,,,,,,,,,,,,,,,
2761772199,5678949,2H,53,53,00:53:53.774,3423.774622,2761772201.0,,,,,,pass,"['lateral_pass', 'short_or_medium_pass']",13.0,53.0,6849,Jönköpings Södra,4-4-1,7055,Eskilsminne,4-2-3-1,258063,S. Crona,RCMF,True,-53.0,,35.0,692804.0,O. Almström,LB,33.0,12.0,2761772198.0,6.36288,[],3.0,1.0,2.0,48.0,68.0,36.0,6849.0,Jönköpings Södra,4-4-1,,,,,,,,,,,,,,,,,,,,,,,,,,,,,,,,,,,,,,,,,,,,,,,
2761772201,5678949,2H,53,57,00:53:57.253,3427.253825,2761772556.0,,,,,,pass,"['forward_pass', 'long_pass', 'loss', 'pass_to_final_third']",33.0,12.0,6849,Jönköpings Södra,4-4-1,7055,Eskilsminne,4-2-3-1,692804,O. Almström,LB,False,24.0,high,40.0,739449.0,L. Larsen,RCB,68.0,36.0,2761772198.0,6.36288,[],3.0,2.0,2.0,48.0,68.0,36.0,6849.0,Jönköpings Södra,4-4-1,,,,,,,,,,,,,,,,,,,,,,,,,,,,,,,,,,,,,,,,,,,,,,,
2761772556,5678949,2H,53,59,00:53:59.512,3429.512977,2761772560.0,,,,,,pass,"['forward_pass', 'head_pass', 'recovery', 'short_or_medium_pass']",32.0,64.0,7055,Eskilsminne,4-2-3-1,6849,Jönköpings Södra,4-4-1,739449,L. Larsen,RCB,True,10.0,high,18.0,813232.0,J. Albin,RB,49.0,69.0,2761772556.0,23.165451,['attack'],5.0,0.0,32.0,64.0,89.0,35.0,7055.0,Eskilsminne,4-2-3-1,,,False,False,False,center,0.0,,,,,,,,,,,,,,,,,,,,,,,,,,,,,,,,,,,,,,,,
2761772560,5678949,2H,54,2,00:54:02.863,3432.863224,2761772565.0,,,,,,pass,"['deep_completion', 'forward_pass', 'long_pass', 'pass_to_final_third', 'pass_to_penalty_area', 'progressive_pass']",49.0,69.0,7055,Eskilsminne,4-2-3-1,6849,Jönköpings Södra,4-4-1,813232,J. Albin,RB,True,-28.0,,47.0,338669.0,C. Ljungberg,AMF,89.0,37.0,2761772556.0,23.165451,['attack'],5.0,1.0,32.0,64.0,89.0,35.0,7055.0,Eskilsminne,4-2-3-1,,,False,False,False,center,0.0,,,,,,,,,,,,,,,,,,,,,,,,,,,,,,,,,,,,,,,,
2761772202,5678949,2H,54,22,00:54:22.116,3452.11602,2761772203.0,,,,,,duel,"['defensive_duel', 'dribbled_past_attempt', 'ground_duel', 'sliding_tackle']",11.0,63.0,6849,Jönköpings Södra,4-4-1,7055,Eskilsminne,4-2-3-1,258063,S. Crona,RCMF,,,,,,,,,,2761772556.0,23.165451,['attack'],5.0,2.0,32.0,64.0,89.0,35.0,7055.0,Eskilsminne,4-2-3-1,,,False,False,False,center,0.0,338669.0,C. Ljungberg,AMF,defensive_duel,,,False,False,True,left,2761772565.0,,,,,,,,,,,,,,,,,,,,,,,,,,,,,
2761772565,5678949,2H,54,22,00:54:22.116,3452.11602,2761772203.0,,,,,,duel,"['dribble', 'foul_suffered', 'ground_duel', 'loss', 'offensive_duel']",89.0,37.0,7055,Eskilsminne,4-2-3-1,6849,Jönköpings Södra,4-4-1,338669,C. Ljungberg,AMF,,,,,,,,,,2761772556.0,23.165451,['attack'],5.0,3.0,32.0,64.0,89.0,35.0,7055.0,Eskilsminne,4-2-3-1,,,False,False,False,center,0.0,258063.0,S. Crona,RCMF,dribble,True,True,,,True,right,2761772202.0,,,,,,,,,,,,,,,,,,,,,,,,,,,,,
2761772203,5678949,2H,54,23,00:54:23.240,3453.240836,2761772565.0,,,,,,infraction,"['foul', 'penalty_foul']",11.0,65.0,6849,Jönköpings Södra,4-4-1,7055,Eskilsminne,4-2-3-1,258063,S. Crona,RCMF,,,,,,,,,,2761772556.0,23.165451,['attack'],5.0,4.0,32.0,64.0,89.0,35.0,7055.0,Eskilsminne,4-2-3-1,,,False,False,False,center,0.0,,,,,,,,,,,,False,False,regular_foul,338669.0,C. Ljungberg,AMF,,,,,,,,,,,,,,,,,,,,,,,
2761772568,5678949,2H,55,20,00:55:20.371,3510.371697,2761772203.0,,,,,,penalty,"['goal', 'penalty_goal', 'shot']",90.0,50.0,7055,Eskilsminne,4-2-3-1,6849,Jönköpings Södra,4-4-1,807610,T. Bermudez,CF,,,,,,,,,,2761772568.0,0.4591435,"['set_piece_attack', 'attack', 'penalty']",2.0,0.0,90.0,50.0,99.0,46.0,7055.0,Eskilsminne,4-2-3-1,,,False,False,True,center,0.76,,,,,,,,,,,,,,,,,,,,,,right_foot,True,True,glb,0.76,0.81,2761772206.0,899727.0,A. Eriksson,,,,,,,,,,
2761772206,5678949,2H,55,21,00:55:21.289,3511.289984,2761772568.0,,,,,,shot_against,"['conceded_goal', 'penalty_conceded_goal']",1.0,54.0,6849,Jönköpings Södra,4-4-1,7055,Eskilsminne,4-2-3-1,899727,A. Eriksson,GK,,,,,,,,,,2761772568.0,0.4591435,"['set_piece_attack', 'attack', 'penalty']",2.0,1.0,90.0,50.0,99.0,46.0,7055.0,Eskilsminne,4-2-3-1,,,False,False,True,center,0.76,,,,,,,,,,,,,,,,,,,,,,,,,,,,,,,,,,,,,,,,
2761772209,5678949,2H,56,15,00:56:15.153,3565.15387,2761772210.0,,,,,,pass,"['back_pass', 'short_or_medium_pass']",50.0,50.0,6849,Jönköpings Södra,4-4-1,7055,Eskilsminne,4-2-3-1,1060409,L. Lyck,CF,True,163.0,,21.0,613701.0,H. Lyck,RCB,31.0,59.0,2761772209.0,17.47294,['attack'],12.0,0.0,50.0,50.0,78.0,42.0,6849.0,Jönköpings Södra,4-4-1,,,True,True,False,left,0.0486,,,,,,,,,,,,,,,,,,,,,,,,,,,,,,,,,,,,,,,,
2761772210,5678949,2H,56,17,00:56:17.295,3567.295034,2761772213.0,,,,,,pass,"['lateral_pass', 'short_or_medium_pass']",31.0,59.0,6849,Jönköpings Södra,4-4-1,7055,Eskilsminne,4-2-3-1,613701,H. Lyck,RCB,True,-80.0,,29.0,558236.0,L. Eek,LCB,36.0,17.0,2761772209.0,17.47294,['attack'],12.0,1.0,50.0,50.0,78.0,42.0,6849.0,Jönköpings Södra,4-4-1,,,True,True,False,left,0.0486,,,,,,,,,,,,,,,,,,,,,,,,,,,,,,,,,,,,,,,,
2761772213,5678949,2H,56,19,00:56:19.360,3569.360111,2761772214.0,,,,,,acceleration,"['progressive_run', 'carry']",36.0,17.0,6849,Jönköpings Södra,4-4-1,7055,Eskilsminne,4-2-3-1,558236,L. Eek,LCB,,,,,,,,,,2761772209.0,17.47294,['attack'],12.0,2.0,50.0,50.0,78.0,42.0,6849.0,Jönköpings Södra,4-4-1,,,True,True,False,left,0.0486,,,,,,,,,,,,,,,,,,,28.87,68.0,13.0,,,,,,,,,,,,,,,,,,,
2761772214,5678949,2H,56,23,00:56:23.412,3573.41274,2761772216.0,,,,,,pass,"['forward_pass', 'short_or_medium_pass']",68.0,13.0,6849,Jönköpings Södra,4-4-1,7055,Eskilsminne,4-2-3-1,558236,L. Eek,LCB,True,-16.0,,7.0,674204.0,F. Benatallah,LW,74.0,10.0,2761772209.0,17.47294,['attack'],12.0,3.0,50.0,50.0,78.0,42.0,6849.0,Jönköpings Södra,4-4-1,,,True,True,False,left,0.0486,,,,,,,,,,,,,,,,,,,,,,,,,,,,,,,,,,,,,,,,
2761772216,5678949,2H,56,24,00:56:24.374,3574.37462,2761772217.0,,,,,,duel,"['ground_duel', 'offensive_duel', 'carry']",74.0,10.0,6849,Jönköpings Södra,4-4-1,7055,Eskilsminne,4-2-3-1,674204,F. Benatallah,LW,,,,,,,,,,2761772209.0,17.47294,['attack'],12.0,4.0,50.0,50.0,78.0,42.0,6849.0,Jönköpings Södra,4-4-1,,,True,True,False,left,0.0486,813232.0,J. Albin,RB,offensive_duel,True,False,,,False,,2761772580.0,,,,,,,,-4.32,69.0,9.0,,,,,,,,,,,,,,,,,,,
2761772580,5678949,2H,56,24,00:56:24.374,3574.37462,2761772217.0,,,,,,duel,"['defensive_duel', 'ground_duel']",26.0,90.0,7055,Eskilsminne,4-2-3-1,6849,Jönköpings Södra,4-4-1,813232,J. Albin,RB,,,,,,,,,,2761772209.0,17.47294,['attack'],12.0,5.0,50.0,50.0,78.0,42.0,6849.0,Jönköpings Södra,4-4-1,,,True,True,False,left,0.0486,674204.0,F. Benatallah,LW,defensive_duel,,,True,False,False,,2761772216.0,,,,,,,,,,,,,,,,,,,,,,,,,,,,,
2761772217,5678949,2H,56,26,00:56:26.112,3576.112465,2761772219.0,,,,,,pass,"['lateral_pass', 'short_or_medium_pass']",69.0,9.0,6849,Jönköpings Södra,4-4-1,7055,Eskilsminne,4-2-3-1,674204,F. Benatallah,LW,True,107.0,,14.0,258063.0,S. Crona,RCMF,65.0,28.0,2761772209.0,17.47294,['attack'],12.0,6.0,50.0,50.0,78.0,42.0,6849.0,Jönköpings Södra,4-4-1,,,True,True,False,left,0.0486,,,,,,,,,,,,,,,,,,,,,,,,,,,,,,,,,,,,,,,,
2761772219,5678949,2H,56,27,00:56:27.849,3577.849124,2761772221.0,,,,,,pass,"['forward_pass', 'pass_to_final_third', 'progressive_pass', 'short_or_medium_pass']",65.0,28.0,6849,Jönköpings Södra,4-4-1,7055,Eskilsminne,4-2-3-1,258063,S. Crona,RCMF,True,14.0,,16.0,615327.0,I. Ellbring,RW,80.0,34.0,2761772209.0,17.47294,['attack'],12.0,7.0,50.0,50.0,78.0,42.0,6849.0,Jönköpings Södra,4-4-1,,,True,True,False,left,0.0486,,,,,,,,,,,,,,,,,,,,,,,,,,,,,,,,,,,,,,,,
2761772221,5678949,2H,56,29,00:56:29.574,3579.574042,2761772223.0,,,,,,pass,"['deep_completion', 'forward_pass', 'pass_to_penalty_area', 'short_or_medium_pass']",80.0,34.0,6849,Jönköpings Södra,4-4-1,7055,Eskilsminne,4-2-3-1,615327,I. Ellbring,RW,True,-29.0,,11.0,674204.0,F. Benatallah,LW,89.0,26.0,2761772209.0,17.47294,['attack'],12.0,8.0,50.0,50.0,78.0,42.0,6849.0,Jönköpings Södra,4-4-1,,,True,True,False,left,0.0486,,,,,,,,,,,,,,,,,,,,,,,,,,,,,,,,,,,,,,,,
2761772223,5678949,2H,56,30,00:56:30.653,3580.653869,2761772582.0,,,,,,pass,"['lateral_pass', 'loss', 'short_or_medium_pass', 'touch_in_box']",89.0,26.0,6849,Jönköpings Södra,4-4-1,7055,Eskilsminne,4-2-3-1,674204,F. Benatallah,LW,False,107.0,,14.0,989684.0,M. Larsson,LAMF,85.0,46.0,2761772209.0,17.47294,['attack'],12.0,9.0,50.0,50.0,78.0,42.0,6849.0,Jönköpings Södra,4-4-1,,,True,True,False,left,0.0486,,,,,,,,,,,,,,,,,,,,,,,,,,,,,,,,,,,,,,,,
2761772582,5678949,2H,56,32,00:56:32.177,3582.177578,2761772224.0,,,,,,pass,"['forward_pass', 'loss', 'progressive_pass', 'short_or_medium_pass']",15.0,54.0,7055,Eskilsminne,4-2-3-1,6849,Jönköpings Södra,4-4-1,989684,M. Larsson,LAMF,False,16.0,,8.0,812471.0,A. Eriksson,LCMF,22.0,58.0,2761772209.0,17.47294,['attack'],12.0,10.0,50.0,50.0,78.0,42.0,6849.0,Jönköpings Södra,4-4-1,,,True,True,False,left,0.0486,,,,,,,,,,,,,,,,,,,,,,,,,,,,,,,,,,,,,,,,
2761772224,5678949,2H,56,33,00:56:33.076,3583.076042,,,,,,,shot,['opportunity'],78.0,42.0,6849,Jönköpings Södra,4-4-1,7055,Eskilsminne,4-2-3-1,812471,A. Eriksson,LCMF,,,,,,,,,,2761772209.0,17.47294,['attack'],12.0,11.0,50.0,50.0,78.0,42.0,6849.0,Jönköpings Södra,4-4-1,,,True,True,False,left,0.0486,,,,,,,,,,,,,,,,,,,,,,right_foot,False,True,gbr,0.04855,0.274,2761772584.0,693887.0,H. Pauli,,,,,,,,,,
2761772584,5678949,2H,56,34,00:56:34.093,3584.093667,2761772223.0,,,,,,shot_against,['save'],2.0,46.0,7055,Eskilsminne,4-2-3-1,6849,Jönköpings Södra,4-4-1,693887,H. Pauli,GK,,,,,,,,,,,,,,,,,,,,,,,,,,,,,,,,,,,,,,,,,,,,,,,,,,,,,,,,,,,,,,,,,,,,
2761772225,5678949,2H,56,34,00:56:34.977,3584.977104,,,,,,,game_interruption,['ball_out'],100.0,65.0,6849,Jönköpings Södra,4-4-1,7055,Eskilsminne,4-2-3-1,0,,,,,,,,,,,,,,,,,,,,,,,,,,,,,,,,,,,,,,,,,,,,,,,,,,,,,,,,,,,,,,,,,,,,,,
2761772227,5678949,2H,56,58,00:56:58.270,3608.270723,2761772229.0,,,,,,corner,['shot_assist'],100.0,100.0,6849,Jönköpings Södra,4-4-1,7055,Eskilsminne,4-2-3-1,615327,I. Ellbring,RW,True,-106.0,high,47.0,812471.0,A. Eriksson,LCMF,88.0,34.0,2761772227.0,0.5976645,"['corner', 'set_piece_attack', 'attack']",2.0,0.0,100.0,100.0,88.0,34.0,6849.0,Jönköpings Södra,4-4-1,,,True,False,False,right,0.0348,,,,,,,,,,,,,,,,,,,,,,,,,,,,,,,,,,,,,,,,
2761772229,5678949,2H,56,59,00:56:59.466,3609.466052,,,,,,,shot,"['opportunity', 'shot_after_corner', 'touch_in_box']",88.0,34.0,6849,Jönköpings Södra,4-4-1,7055,Eskilsminne,4-2-3-1,812471,A. Eriksson,LCMF,,,,,,,,,,2761772227.0,0.5976645,"['corner', 'set_piece_attack', 'attack']",2.0,1.0,100.0,100.0,88.0,34.0,6849.0,Jönköpings Södra,4-4-1,,,True,False,False,right,0.0348,,,,,,,,,,,,,,,,,,,,,,right_foot,False,False,ot,0.03479,,,,,,,,,,,,,,
2761772230,5678949,2H,57,0,00:57:00.478,3610.478527,,,,,,,game_interruption,['ball_out'],100.0,59.0,6849,Jönköpings Södra,4-4-1,7055,Eskilsminne,4-2-3-1,0,,,,,,,,,,,,,,,,,,,,,,,,,,,,,,,,,,,,,,,,,,,,,,,,,,,,,,,,,,,,,,,,,,,,,,
2761772587,5678949,2H,57,26,00:57:26.595,3636.595553,2761772233.0,,,,,,goal_kick,[],0.0,61.0,7055,Eskilsminne,4-2-3-1,6849,Jönköpings Södra,4-4-1,693887,H. Pauli,GK,False,-9.0,,49.0,615327.0,I. Ellbring,AMF,51.0,48.0,2761772587.0,1.1484195,"['set_piece_attack', 'free_kick']",1.0,0.0,0.0,61.0,51.0,48.0,7055.0,Eskilsminne,4-2-3-1,,,,,,,,,,,,,,,,,,,,,,,,,,,,,,,,,,,,,,,,,,,,,,,
2761772233,5678949,2H,57,28,00:57:28.892,3638.892392,2761772236.0,,,,,,interception,"['head_pass', 'lateral_pass', 'pass', 'short_or_medium_pass']",49.0,52.0,6849,Jönköpings Södra,4-4-1,7055,Eskilsminne,4-2-3-1,615327,I. Ellbring,RW,False,112.0,high,24.0,73.0,M. Johansson,RB,40.0,84.0,2761772233.0,6.187286,['transition_medium'],4.0,0.0,49.0,52.0,61.0,83.0,6849.0,Jönköpings Södra,4-4-1,,,,,,,,,,,,,,,,,,,,,,,,,,,,,,,,,,,,,,,,,,,,,,,
2761772236,5678949,2H,57,33,00:57:33.370,3643.370968,2761772238.0,,,,,,duel,"['defensive_duel', 'ground_duel']",40.0,84.0,6849,Jönköpings Södra,4-4-1,7055,Eskilsminne,4-2-3-1,73,M. Johansson,RB,,,,,,,,,,2761772233.0,6.187286,['transition_medium'],4.0,1.0,49.0,52.0,61.0,83.0,6849.0,Jönköpings Södra,4-4-1,,,,,,,,989684.0,M. Larsson,LAMF,defensive_duel,,,True,False,False,,2761772589.0,,,,,,,,,,,,,,,,,,,,,,,,,,,,,
2761772589,5678949,2H,57,33,00:57:33.370,3643.370968,2761772591.0,,,,,,duel,"['ground_duel', 'offensive_duel']",60.0,16.0,7055,Eskilsminne,4-2-3-1,6849,Jönköpings Södra,4-4-1,989684,M. Larsson,LAMF,,,,,,,,,,2761772233.0,6.187286,['transition_medium'],4.0,2.0,49.0,52.0,61.0,83.0,6849.0,Jönköpings Södra,4-4-1,,,,,,,,73.0,M. Johansson,RB,offensive_duel,True,False,,,False,,2761772236.0,,,,,,,,,,,,,,,,,,,,,,,,,,,,,
2761772238,5678949,2H,57,35,00:57:35.079,3645.079678,2761772592.0,,,,,,duel,"['defensive_duel', 'ground_duel', 'loss']",61.0,83.0,6849,Jönköpings Södra,4-4-1,7055,Eskilsminne,4-2-3-1,615327,I. Ellbring,RW,,,,,,,,,,2761772233.0,6.187286,['transition_medium'],4.0,3.0,49.0,52.0,61.0,83.0,6849.0,Jönköpings Södra,4-4-1,,,,,,,,51079.0,L. Ohlander,LB,defensive_duel,,,False,False,False,,2761772591.0,,,,,,,,,,,,,,,,,,,,,,,,,,,,,
2761772591,5678949,2H,57,35,00:57:35.079,3645.079678,2761772592.0,,,,,,duel,"['ground_duel', 'offensive_duel', 'recovery']",39.0,17.0,7055,Eskilsminne,4-2-3-1,6849,Jönköpings Södra,4-4-1,51079,L. Ohlander,LB,,,,,,,,,,2761772591.0,48.124168,['transition_medium'],17.0,0.0,39.0,17.0,63.0,32.0,7055.0,Eskilsminne,4-2-3-1,,,,,,,,615327.0,I. Ellbring,RW,offensive_duel,True,True,,,False,,2761772238.0,,,,,,,,,,,,,,,,,,,,,,,,,,,,,
2761772592,5678949,2H,57,36,00:57:36.695,3646.695647,2761772594.0,,,,,,pass,"['lateral_pass', 'short_or_medium_pass']",42.0,26.0,7055,Eskilsminne,4-2-3-1,6849,Jönköpings Södra,4-4-1,51079,L. Ohlander,LB,True,103.0,,13.0,493674.0,C. Seger,RDMF,39.0,45.0,2761772591.0,48.124168,['transition_medium'],17.0,1.0,39.0,17.0,63.0,32.0,7055.0,Eskilsminne,4-2-3-1,,,,,,,,,,,,,,,,,,,,,,,,,,,,,,,,,,,,,,,,,,,,,,,
2761772594,5678949,2H,57,37,00:57:37.578,3647.578992,2761772595.0,,,,,,pass,"['back_pass', 'short_or_medium_pass']",39.0,45.0,7055,Eskilsminne,4-2-3-1,6849,Jönköpings Södra,4-4-1,493674,C. Seger,RDMF,True,-144.0,,13.0,566323.0,F. Velander,LCB,29.0,34.0,2761772591.0,48.124168,['transition_medium'],17.0,2.0,39.0,17.0,63.0,32.0,7055.0,Eskilsminne,4-2-3-1,,,,,,,,,,,,,,,,,,,,,,,,,,,,,,,,,,,,,,,,,,,,,,,
2761772595,5678949,2H,57,40,00:57:40.017,3650.017315,2761772596.0,,,,,,pass,"['lateral_pass', 'short_or_medium_pass']",29.0,34.0,7055,Eskilsminne,4-2-3-1,6849,Jönköpings Södra,4-4-1,566323,F. Velander,LCB,True,67.0,,12.0,493674.0,C. Seger,RDMF,33.0,51.0,2761772591.0,48.124168,['transition_medium'],17.0,3.0,39.0,17.0,63.0,32.0,7055.0,Eskilsminne,4-2-3-1,,,,,,,,,,,,,,,,,,,,,,,,,,,,,,,,,,,,,,,,,,,,,,,
2761772596,5678949,2H,57,42,00:57:42.459,3652.45933,2761772597.0,,,,,,pass,"['lateral_pass', 'short_or_medium_pass']",33.0,51.0,7055,Eskilsminne,4-2-3-1,6849,Jönköpings Södra,4-4-1,493674,C. Seger,RDMF,True,69.0,,31.0,813232.0,J. Albin,RB,44.0,93.0,2761772591.0,48.124168,['transition_medium'],17.0,4.0,39.0,17.0,63.0,32.0,7055.0,Eskilsminne,4-2-3-1,,,,,,,,,,,,,,,,,,,,,,,,,,,,,,,,,,,,,,,,,,,,,,,
2761772597,5678949,2H,57,46,00:57:46.153,3656.153334,2761772599.0,,,,,,pass,['short_or_medium_pass'],44.0,93.0,7055,Eskilsminne,4-2-3-1,6849,Jönköpings Södra,4-4-1,813232,J. Albin,RB,True,-120.0,,8.0,739449.0,L. Larsen,RCB,40.0,83.0,2761772591.0,48.124168,['transition_medium'],17.0,5.0,39.0,17.0,63.0,32.0,7055.0,Eskilsminne,4-2-3-1,,,,,,,,,,,,,,,,,,,,,,,,,,,,,,,,,,,,,,,,,,,,,,,
2761772599,5678949,2H,57,50,00:57:50.820,3660.820309,2761772601.0,,,,,,pass,['short_or_medium_pass'],40.0,83.0,7055,Eskilsminne,4-2-3-1,6849,Jönköpings Södra,4-4-1,739449,L. Larsen,RCB,True,-112.0,,11.0,493674.0,C. Seger,RDMF,36.0,68.0,2761772591.0,48.124168,['transition_medium'],17.0,6.0,39.0,17.0,63.0,32.0,7055.0,Eskilsminne,4-2-3-1,,,,,,,,,,,,,,,,,,,,,,,,,,,,,,,,,,,,,,,,,,,,,,,
2761772601,5678949,2H,57,52,00:57:52.720,3662.720117,2761772602.0,,,,,,pass,['short_or_medium_pass'],36.0,68.0,7055,Eskilsminne,4-2-3-1,6849,Jönköpings Södra,4-4-1,493674,C. Seger,RDMF,True,73.0,,10.0,739449.0,L. Larsen,RCB,39.0,82.0,2761772591.0,48.124168,['transition_medium'],17.0,7.0,39.0,17.0,63.0,32.0,7055.0,Eskilsminne,4-2-3-1,,,,,,,,,,,,,,,,,,,,,,,,,,,,,,,,,,,,,,,,,,,,,,,
2761772602,5678949,2H,57,54,00:57:54.366,3664.366045,2761772604.0,,,,,,pass,"['back_pass', 'short_or_medium_pass']",39.0,82.0,7055,Eskilsminne,4-2-3-1,6849,Jönköpings Södra,4-4-1,739449,L. Larsen,RCB,True,-147.0,,31.0,693887.0,H. Pauli,GK,14.0,57.0,2761772591.0,48.124168,['transition_medium'],17.0,8.0,39.0,17.0,63.0,32.0,7055.0,Eskilsminne,4-2-3-1,,,,,,,,,,,,,,,,,,,,,,,,,,,,,,,,,,,,,,,,,,,,,,,
2761772604,5678949,2H,57,57,00:57:57.801,3667.80153,2761772605.0,,,,,,pass,"['lateral_pass', 'short_or_medium_pass']",14.0,57.0,7055,Eskilsminne,4-2-3-1,6849,Jönköpings Södra,4-4-1,693887,H. Pauli,GK,True,-68.0,,16.0,566323.0,F. Velander,LCB,20.0,35.0,2761772591.0,48.124168,['transition_medium'],17.0,9.0,39.0,17.0,63.0,32.0,7055.0,Eskilsminne,4-2-3-1,,,,,,,,,,,,,,,,,,,,,,,,,,,,,,,,,,,,,,,,,,,,,,,
2761772605,5678949,2H,58,2,00:58:02.362,3672.362355,2761772607.0,,,,,,pass,"['lateral_pass', 'short_or_medium_pass']",20.0,35.0,7055,Eskilsminne,4-2-3-1,6849,Jönköpings Södra,4-4-1,566323,F. Velander,LCB,True,-68.0,,16.0,51079.0,L. Ohlander,LB,26.0,13.0,2761772591.0,48.124168,['transition_medium'],17.0,10.0,39.0,17.0,63.0,32.0,7055.0,Eskilsminne,4-2-3-1,,,,,,,,,,,,,,,,,,,,,,,,,,,,,,,,,,,,,,,,,,,,,,,
2761772607,5678949,2H,58,6,00:58:06.070,3676.070467,2761772617.0,,,,,,pass,"['forward_pass', 'short_or_medium_pass']",26.0,13.0,7055,Eskilsminne,4-2-3-1,6849,Jönköpings Södra,4-4-1,51079,L. Ohlander,LB,True,16.0,,19.0,338669.0,C. Ljungberg,AMF,43.0,21.0,2761772591.0,48.124168,['transition_medium'],17.0,11.0,39.0,17.0,63.0,32.0,7055.0,Eskilsminne,4-2-3-1,,,,,,,,,,,,,,,,,,,,,,,,,,,,,,,,,,,,,,,,,,,,,,,
2761772617,5678949,2H,58,9,00:58:09.322,3679.322928,2761772620.0,,,,,,pass,"['lateral_pass', 'long_pass']",43.0,21.0,7055,Eskilsminne,4-2-3-1,6849,Jönköpings Södra,4-4-1,338669,C. Ljungberg,AMF,True,90.0,high,41.0,739449.0,L. Larsen,RCB,43.0,82.0,2761772591.0,48.124168,['transition_medium'],17.0,12.0,39.0,17.0,63.0,32.0,7055.0,Eskilsminne,4-2-3-1,,,,,,,,,,,,,,,,,,,,,,,,,,,,,,,,,,,,,,,,,,,,,,,
2761772620,5678949,2H,58,14,00:58:14.041,3684.04189,2761772621.0,,,,,,pass,"['lateral_pass', 'short_or_medium_pass']",43.0,82.0,7055,Eskilsminne,4-2-3-1,6849,Jönköpings Södra,4-4-1,739449,L. Larsen,RCB,True,-79.0,,20.0,493674.0,C. Seger,RDMF,47.0,53.0,2761772591.0,48.124168,['transition_medium'],17.0,13.0,39.0,17.0,63.0,32.0,7055.0,Eskilsminne,4-2-3-1,,,,,,,,,,,,,,,,,,,,,,,,,,,,,,,,,,,,,,,,,,,,,,,
2761772621,5678949,2H,58,17,00:58:17.901,3687.901347,2761772622.0,,,,,,pass,"['lateral_pass', 'short_or_medium_pass']",47.0,53.0,7055,Eskilsminne,4-2-3-1,6849,Jönköpings Södra,4-4-1,493674,C. Seger,RDMF,True,-85.0,,22.0,51079.0,L. Ohlander,LB,49.0,21.0,2761772591.0,48.124168,['transition_medium'],17.0,14.0,39.0,17.0,63.0,32.0,7055.0,Eskilsminne,4-2-3-1,,,,,,,,,,,,,,,,,,,,,,,,,,,,,,,,,,,,,,,,,,,,,,,
2761772622,5678949,2H,58,21,00:58:21.407,3691.407112,2761772624.0,,,,,,pass,"['lateral_pass', 'short_or_medium_pass']",49.0,21.0,7055,Eskilsminne,4-2-3-1,6849,Jönköpings Södra,4-4-1,51079,L. Ohlander,LB,True,51.0,,14.0,493674.0,C. Seger,RDMF,57.0,37.0,2761772591.0,48.124168,['transition_medium'],17.0,15.0,39.0,17.0,63.0,32.0,7055.0,Eskilsminne,4-2-3-1,,,,,,,,,,,,,,,,,,,,,,,,,,,,,,,,,,,,,,,,,,,,,,,
2761772624,5678949,2H,58,22,00:58:22.911,3692.91103,2761772243.0,,,,,,touch,['loss'],57.0,37.0,7055,Eskilsminne,4-2-3-1,6849,Jönköpings Södra,4-4-1,493674,C. Seger,RDMF,,,,,,,,,,2761772591.0,48.124168,['transition_medium'],17.0,16.0,39.0,17.0,63.0,32.0,7055.0,Eskilsminne,4-2-3-1,,,,,,,,,,,,,,,,,,,,,,,,,,,,,,,,,,,,,,,,,,,,,,,
2761772243,5678949,2H,58,23,00:58:23.496,3693.496662,2761772245.0,,,,,,pass,"['lateral_pass', 'recovery', 'short_or_medium_pass']",37.0,68.0,6849,Jönköpings Södra,4-4-1,7055,Eskilsminne,4-2-3-1,258063,S. Crona,RCMF,True,-60.0,,14.0,1060409.0,L. Lyck,CF,44.0,50.0,2761772243.0,53.252566,"['attack', 'transition_medium']",26.0,0.0,37.0,68.0,91.0,16.0,6849.0,Jönköpings Södra,4-4-1,,,False,False,False,left,0.0,,,,,,,,,,,,,,,,,,,,,,,,,,,,,,,,,,,,,,,,
2761772245,5678949,2H,58,25,00:58:25.206,3695.206267,2761772248.0,,,,,,pass,"['lateral_pass', 'short_or_medium_pass']",44.0,50.0,6849,Jönköpings Södra,4-4-1,7055,Eskilsminne,4-2-3-1,1060409,L. Lyck,CF,True,-49.0,,18.0,674204.0,F. Benatallah,LW,55.0,30.0,2761772243.0,53.252566,"['attack', 'transition_medium']",26.0,1.0,37.0,68.0,91.0,16.0,6849.0,Jönköpings Södra,4-4-1,,,False,False,False,left,0.0,,,,,,,,,,,,,,,,,,,,,,,,,,,,,,,,,,,,,,,,
2761772248,5678949,2H,58,27,00:58:27.181,3697.181662,2761772250.0,,,,,,touch,"['progressive_run', 'carry']",55.0,30.0,6849,Jönköpings Södra,4-4-1,7055,Eskilsminne,4-2-3-1,674204,F. Benatallah,LW,,,,,,,,,,2761772243.0,53.252566,"['attack', 'transition_medium']",26.0,2.0,37.0,68.0,91.0,16.0,6849.0,Jönköpings Södra,4-4-1,,,False,False,False,left,0.0,,,,,,,,,,,,,,,,,,,22.91,75.0,49.0,,,,,,,,,,,,,,,,,,,
2761772250,5678949,2H,58,30,00:58:30.831,3700.831325,2761772252.0,,,,,,duel,"['dribble', 'ground_duel', 'offensive_duel']",73.0,40.0,6849,Jönköpings Södra,4-4-1,7055,Eskilsminne,4-2-3-1,674204,F. Benatallah,LW,,,,,,,,,,2761772243.0,53.252566,"['attack', 'transition_medium']",26.0,3.0,37.0,68.0,91.0,16.0,6849.0,Jönköpings Södra,4-4-1,,,False,False,False,left,0.0,517376.0,H. Norrby,LDMF,dribble,True,True,,,False,left,2761772627.0,,,,,,,,,,,,,,,,,,,,,,,,,,,,,
2761772627,5678949,2H,58,30,00:58:30.831,3700.831325,2761772629.0,,,,,,duel,"['defensive_duel', 'ground_duel']",27.0,60.0,7055,Eskilsminne,4-2-3-1,6849,Jönköpings Södra,4-4-1,517376,H. Norrby,LDMF,,,,,,,,,,2761772243.0,53.252566,"['attack', 'transition_medium']",26.0,4.0,37.0,68.0,91.0,16.0,6849.0,Jönköpings Södra,4-4-1,,,False,False,False,left,0.0,674204.0,F. Benatallah,LW,defensive_duel,,,False,False,False,right,2761772250.0,,,,,,,,,,,,,,,,,,,,,,,,,,,,,
2761772252,5678949,2H,58,31,00:58:31.560,3701.560288,2761772253.0,,,,,,duel,"['dribble', 'ground_duel', 'offensive_duel']",71.0,44.0,6849,Jönköpings Södra,4-4-1,7055,Eskilsminne,4-2-3-1,674204,F. Benatallah,LW,,,,,,,,,,2761772243.0,53.252566,"['attack', 'transition_medium']",26.0,5.0,37.0,68.0,91.0,16.0,6849.0,Jönköpings Södra,4-4-1,,,False,False,False,left,0.0,493674.0,C. Seger,RDMF,dribble,True,True,,,True,right,2761772629.0,,,,,,,,,,,,,,,,,,,,,,,,,,,,,
2761772629,5678949,2H,58,31,00:58:31.560,3701.560288,2761772253.0,,,,,,duel,"['defensive_duel', 'dribbled_past_attempt', 'ground_duel']",29.0,56.0,7055,Eskilsminne,4-2-3-1,6849,Jönköpings Södra,4-4-1,493674,C. Seger,RDMF,,,,,,,,,,2761772243.0,53.252566,"['attack', 'transition_medium']",26.0,6.0,37.0,68.0,91.0,16.0,6849.0,Jönköpings Södra,4-4-1,,,False,False,False,left,0.0,674204.0,F. Benatallah,LW,defensive_duel,,,False,False,True,left,2761772252.0,,,,,,,,,,,,,,,,,,,,,,,,,,,,,
2761772253,5678949,2H,58,32,00:58:32.949,3702.949544,2761772254.0,,,,,,pass,"['deep_completion', 'lateral_pass', 'pass_to_penalty_area', 'short_or_medium_pass']",75.0,49.0,6849,Jönköpings Södra,4-4-1,7055,Eskilsminne,4-2-3-1,674204,F. Benatallah,LW,True,49.0,,20.0,615327.0,I. Ellbring,RW,88.0,70.0,2761772243.0,53.252566,"['attack', 'transition_medium']",26.0,7.0,37.0,68.0,91.0,16.0,6849.0,Jönköpings Södra,4-4-1,,,False,False,False,left,0.0,,,,,,,,,,,,,,,,,,,,,,,,,,,,,,,,,,,,,,,,
2761772254,5678949,2H,58,36,00:58:36.022,3706.022147,2761772631.0,,,,,,pass,"['cross', 'lateral_pass', 'loss', 'touch_in_box']",88.0,70.0,6849,Jönköpings Södra,4-4-1,7055,Eskilsminne,4-2-3-1,615327,I. Ellbring,RW,False,-69.0,high,19.0,693887.0,H. Pauli,GK,94.0,44.0,2761772243.0,53.252566,"['attack', 'transition_medium']",26.0,8.0,37.0,68.0,91.0,16.0,6849.0,Jönköpings Södra,4-4-1,,,False,False,False,left,0.0,,,,,,,,,,,,,,,,,,,,,,,,,,,,,,,,,,,,,,,,
2761772631,5678949,2H,58,37,00:58:37.406,3707.406453,2761772254.0,,,,,,goalkeeper_exit,[],6.0,56.0,7055,Eskilsminne,4-2-3-1,6849,Jönköpings Södra,4-4-1,693887,H. Pauli,GK,,,,,,,,,,2761772243.0,53.252566,"['attack', 'transition_medium']",26.0,9.0,37.0,68.0,91.0,16.0,6849.0,Jönköpings Södra,4-4-1,,,False,False,False,left,0.0,,,,,,,,,,,,,,,,,,,,,,,,,,,,,,,,,,,,,,,,
2761772633,5678949,2H,58,39,00:58:39.961,3709.961305,2761772637.0,,,,,,pass,"['forward_pass', 'hand_pass', 'recovery', 'short_or_medium_pass']",16.0,62.0,7055,Eskilsminne,4-2-3-1,6849,Jönköpings Södra,4-4-1,693887,H. Pauli,GK,True,13.0,,26.0,807610.0,T. Bermudez,CF,40.0,71.0,2761772243.0,53.252566,"['attack', 'transition_medium']",26.0,10.0,37.0,68.0,91.0,16.0,6849.0,Jönköpings Södra,4-4-1,,,False,False,False,left,0.0,,,,,,,,,,,,,,,,,,,,,,,,,,,,,,,,,,,,,,,,
2761772637,5678949,2H,58,41,00:58:41.953,3711.953784,2761772256.0,,,,,,touch,['loss'],40.0,71.0,7055,Eskilsminne,4-2-3-1,6849,Jönköpings Södra,4-4-1,807610,T. Bermudez,CF,,,,,,,,,,2761772243.0,53.252566,"['attack', 'transition_medium']",26.0,11.0,37.0,68.0,91.0,16.0,6849.0,Jönköpings Södra,4-4-1,,,False,False,False,left,0.0,,,,,,,,,,,,,,,,,,,,,,,,,,,,,,,,,,,,,,,,
2761772256,5678949,2H,58,44,00:58:44.531,3714.531709,2761772258.0,,,,,,pass,"['back_pass', 'recovery', 'counterpressing_recovery', 'short_or_medium_pass']",55.0,40.0,6849,Jönköpings Södra,4-4-1,7055,Eskilsminne,4-2-3-1,812471,A. Eriksson,LCMF,True,163.0,,13.0,613701.0,H. Lyck,RCB,43.0,46.0,2761772243.0,53.252566,"['attack', 'transition_medium']",26.0,12.0,37.0,68.0,91.0,16.0,6849.0,Jönköpings Södra,4-4-1,,,False,False,False,left,0.0,,,,,,,,,,,,,,,,,,,,,,,,,,,,,,,,,,,,,,,,
2761772258,5678949,2H,58,45,00:58:45.561,3715.561465,2761772259.0,,,,,,touch,"['progressive_run', 'carry']",43.0,46.0,6849,Jönköpings Södra,4-4-1,7055,Eskilsminne,4-2-3-1,613701,H. Lyck,RCB,,,,,,,,,,2761772243.0,53.252566,"['attack', 'transition_medium']",26.0,13.0,37.0,68.0,91.0,16.0,6849.0,Jönköpings Södra,4-4-1,,,False,False,False,left,0.0,,,,,,,,,,,,,,,,,,,22.09,72.0,15.0,,,,,,,,,,,,,,,,,,,
2761772259,5678949,2H,58,52,00:58:52.042,3722.042253,2761772261.0,,,,,,pass,"['forward_pass', 'short_or_medium_pass']",72.0,15.0,6849,Jönköpings Södra,4-4-1,7055,Eskilsminne,4-2-3-1,613701,H. Lyck,RCB,True,-38.0,,12.0,692804.0,O. Almström,LB,81.0,5.0,2761772243.0,53.252566,"['attack', 'transition_medium']",26.0,14.0,37.0,68.0,91.0,16.0,6849.0,Jönköpings Södra,4-4-1,,,False,False,False,left,0.0,,,,,,,,,,,,,,,,,,,,,,,,,,,,,,,,,,,,,,,,
2761772261,5678949,2H,58,54,00:58:54.197,3724.197257,2761772264.0,,,,,,pass,"['back_pass', 'short_or_medium_pass']",81.0,5.0,6849,Jönköpings Södra,4-4-1,7055,Eskilsminne,4-2-3-1,692804,O. Almström,LB,True,162.0,,15.0,558236.0,L. Eek,LCB,67.0,12.0,2761772243.0,53.252566,"['attack', 'transition_medium']",26.0,15.0,37.0,68.0,91.0,16.0,6849.0,Jönköpings Södra,4-4-1,,,False,False,False,left,0.0,,,,,,,,,,,,,,,,,,,,,,,,,,,,,,,,,,,,,,,,
2761772264,5678949,2H,58,54,00:58:54.969,3724.969916,2761772640.0,,,,,,touch,['loss'],67.0,12.0,6849,Jönköpings Södra,4-4-1,7055,Eskilsminne,4-2-3-1,558236,L. Eek,LCB,,,,,,,,,,2761772243.0,53.252566,"['attack', 'transition_medium']",26.0,16.0,37.0,68.0,91.0,16.0,6849.0,Jönköpings Södra,4-4-1,,,False,False,False,left,0.0,,,,,,,,,,,,,,,,,,,,,,,,,,,,,,,,,,,,,,,,
2761772640,5678949,2H,58,56,00:58:56.851,3726.851852,2761772265.0,,,,,,pass,"['lateral_pass', 'long_pass', 'loss', 'progressive_pass']",19.0,85.0,7055,Eskilsminne,4-2-3-1,6849,Jönköpings Södra,4-4-1,989683,H. Lindahl,RAMF,False,-60.0,high,35.0,73.0,M. Johansson,RB,36.0,40.0,2761772243.0,53.252566,"['attack', 'transition_medium']",26.0,17.0,37.0,68.0,91.0,16.0,6849.0,Jönköpings Södra,4-4-1,,,False,False,False,left,0.0,,,,,,,,,,,,,,,,,,,,,,,,,,,,,,,,,,,,,,,,
2761772265,5678949,2H,59,2,00:59:02.173,3732.173713,2761772267.0,,,,,,pass,"['lateral_pass', 'recovery', 'short_or_medium_pass']",64.0,60.0,6849,Jönköpings Södra,4-4-1,7055,Eskilsminne,4-2-3-1,73,M. Johansson,RB,True,-120.0,,19.0,812471.0,A. Eriksson,LCMF,54.0,36.0,2761772243.0,53.252566,"['attack', 'transition_medium']",26.0,18.0,37.0,68.0,91.0,16.0,6849.0,Jönköpings Södra,4-4-1,,,False,False,False,left,0.0,,,,,,,,,,,,,,,,,,,,,,,,,,,,,,,,,,,,,,,,
2761772267,5678949,2H,59,5,00:59:05.131,3735.131761,2761772268.0,,,,,,pass,"['lateral_pass', 'short_or_medium_pass']",54.0,36.0,6849,Jönköpings Södra,4-4-1,7055,Eskilsminne,4-2-3-1,812471,A. Eriksson,LCMF,True,-78.0,,20.0,558236.0,L. Eek,LCB,58.0,7.0,2761772243.0,53.252566,"['attack', 'transition_medium']",26.0,19.0,37.0,68.0,91.0,16.0,6849.0,Jönköpings Södra,4-4-1,,,False,False,False,left,0.0,,,,,,,,,,,,,,,,,,,,,,,,,,,,,,,,,,,,,,,,
2761772268,5678949,2H,59,7,00:59:07.264,3737.264542,2761772269.0,,,,,,pass,"['lateral_pass', 'short_or_medium_pass']",58.0,7.0,6849,Jönköpings Södra,4-4-1,7055,Eskilsminne,4-2-3-1,558236,L. Eek,LCB,True,111.0,,14.0,812471.0,A. Eriksson,LCMF,53.0,26.0,2761772243.0,53.252566,"['attack', 'transition_medium']",26.0,20.0,37.0,68.0,91.0,16.0,6849.0,Jönköpings Södra,4-4-1,,,False,False,False,left,0.0,,,,,,,,,,,,,,,,,,,,,,,,,,,,,,,,,,,,,,,,
2761772269,5678949,2H,59,8,00:59:08.940,3738.940082,2761772270.0,,,,,,touch,"['progressive_run', 'carry']",53.0,26.0,6849,Jönköpings Södra,4-4-1,7055,Eskilsminne,4-2-3-1,812471,A. Eriksson,LCMF,,,,,,,,,,2761772243.0,53.252566,"['attack', 'transition_medium']",26.0,21.0,37.0,68.0,91.0,16.0,6849.0,Jönköpings Södra,4-4-1,,,False,False,False,left,0.0,,,,,,,,,,,,,,,,,,,12.31,68.0,19.0,,,,,,,,,,,,,,,,,,,
2761772270,5678949,2H,59,11,00:59:11.474,3741.474877,2761772272.0,,,,,,pass,['short_or_medium_pass'],68.0,19.0,6849,Jönköpings Södra,4-4-1,7055,Eskilsminne,4-2-3-1,812471,A. Eriksson,LCMF,True,-84.0,,10.0,692804.0,O. Almström,LB,69.0,4.0,2761772243.0,53.252566,"['attack', 'transition_medium']",26.0,22.0,37.0,68.0,91.0,16.0,6849.0,Jönköpings Södra,4-4-1,,,False,False,False,left,0.0,,,,,,,,,,,,,,,,,,,,,,,,,,,,,,,,,,,,,,,,
2761772272,5678949,2H,59,13,00:59:13.177,3743.17745,2761772273.0,,,,,,pass,"['forward_pass', 'progressive_pass', 'short_or_medium_pass']",69.0,4.0,6849,Jönköpings Södra,4-4-1,7055,Eskilsminne,4-2-3-1,692804,O. Almström,LB,True,11.0,,22.0,812471.0,A. Eriksson,LCMF,89.0,11.0,2761772243.0,53.252566,"['attack', 'transition_medium']",26.0,23.0,37.0,68.0,91.0,16.0,6849.0,Jönköpings Södra,4-4-1,,,False,False,False,left,0.0,,,,,,,,,,,,,,,,,,,,,,,,,,,,,,,,,,,,,,,,
2761772273,5678949,2H,59,16,00:59:16.233,3746.233338,,,,,,,pass,"['cross', 'cross_blocked']",89.0,11.0,6849,Jönköpings Södra,4-4-1,7055,Eskilsminne,4-2-3-1,812471,A. Eriksson,LCMF,False,79.0,blocked,62.0,0.0,,,100.0,100.0,2761772243.0,53.252566,"['attack', 'transition_medium']",26.0,24.0,37.0,68.0,91.0,16.0,6849.0,Jönköpings Södra,4-4-1,,,False,False,False,left,0.0,,,,,,,,,,,,,,,,,,,,,,,,,,,,,,,,,,,,,,,,
2761772642,5678949,2H,59,17,00:59:17.265,3747.265118,2761772274.0,,,,,,interception,[],9.0,84.0,7055,Eskilsminne,4-2-3-1,6849,Jönköpings Södra,4-4-1,493674,C. Seger,RDMF,,,,,,,,,,2761772243.0,53.252566,"['attack', 'transition_medium']",26.0,25.0,37.0,68.0,91.0,16.0,6849.0,Jönköpings Södra,4-4-1,,,False,False,False,left,0.0,,,,,,,,,,,,,,,,,,,,,,,,,,,,,,,,,,,,,,,,
2761772274,5678949,2H,59,18,00:59:18.947,3748.947089,,,,,,,game_interruption,['ball_out'],93.0,0.0,6849,Jönköpings Södra,4-4-1,7055,Eskilsminne,4-2-3-1,0,,,,,,,,,,,,,,,,,,,,,,,,,,,,,,,,,,,,,,,,,,,,,,,,,,,,,,,,,,,,,,,,,,,,,,
2761772275,5678949,2H,59,35,00:59:35.030,3765.030899,2761772276.0,,,,,,throw_in,[],92.0,0.0,6849,Jönköpings Södra,4-4-1,7055,Eskilsminne,4-2-3-1,692804,O. Almström,LB,True,78.0,,25.0,674204.0,F. Benatallah,LW,97.0,36.0,2761772275.0,3.4927045,"['attack', 'throw_in']",6.0,0.0,92.0,0.0,76.0,44.0,6849.0,Jönköpings Södra,4-4-1,,,True,False,False,left,0.0027,,,,,,,,,,,,,,,,,,,,,,,,,,,,,,,,,,,,,,,,
2761772276,5678949,2H,59,36,00:59:36.096,3766.096363,2761772277.0,,,,,,duel,['loose_ball_duel'],97.0,36.0,6849,Jönköpings Södra,4-4-1,7055,Eskilsminne,4-2-3-1,674204,F. Benatallah,LW,,,,,,,,,,2761772275.0,3.4927045,"['attack', 'throw_in']",6.0,1.0,92.0,0.0,76.0,44.0,6849.0,Jönköpings Södra,4-4-1,,,True,False,False,left,0.0027,,,,,,,,,,,,,,,,,,,,,,,,,,,,,,,,,,,,,,,,
2761772645,5678949,2H,59,36,00:59:36.096,3766.096363,2761772277.0,,,,,,duel,['loose_ball_duel'],3.0,64.0,7055,Eskilsminne,4-2-3-1,6849,Jönköpings Södra,4-4-1,517376,H. Norrby,LDMF,,,,,,,,,,2761772275.0,3.4927045,"['attack', 'throw_in']",6.0,2.0,92.0,0.0,76.0,44.0,6849.0,Jönköpings Södra,4-4-1,,,True,False,False,left,0.0027,,,,,,,,,,,,,,,,,,,,,,,,,,,,,,,,,,,,,,,,
2761772277,5678949,2H,59,37,00:59:37.030,3767.030225,2761772647.0,,,,,,pass,"['head_pass', 'loss', 'short_or_medium_pass', 'touch_in_box']",96.0,36.0,6849,Jönköpings Södra,4-4-1,7055,Eskilsminne,4-2-3-1,674204,F. Benatallah,LW,False,96.0,high,9.0,739449.0,L. Larsen,RCB,95.0,49.0,2761772275.0,3.4927045,"['attack', 'throw_in']",6.0,3.0,92.0,0.0,76.0,44.0,6849.0,Jönköpings Södra,4-4-1,,,True,False,False,left,0.0027,,,,,,,,,,,,,,,,,,,,,,,,,,,,,,,,,,,,,,,,
2761772647,5678949,2H,59,37,00:59:37.696,3767.696906,2761772279.0,,,,,,interception,['loss'],5.0,51.0,7055,Eskilsminne,4-2-3-1,6849,Jönköpings Södra,4-4-1,739449,L. Larsen,RCB,,,,,,,,,,2761772275.0,3.4927045,"['attack', 'throw_in']",6.0,4.0,92.0,0.0,76.0,44.0,6849.0,Jönköpings Södra,4-4-1,,,True,False,False,left,0.0027,,,,,,,,,,,,,,,,,,,,,,,,,,,,,,,,,,,,,,,,
2761772279,5678949,2H,59,39,00:59:39.350,3769.350301,,,,,,,shot,['shot_after_throw_in'],76.0,44.0,6849,Jönköpings Södra,4-4-1,7055,Eskilsminne,4-2-3-1,615327,I. Ellbring,RW,,,,,,,,,,2761772275.0,3.4927045,"['attack', 'throw_in']",6.0,5.0,92.0,0.0,76.0,44.0,6849.0,Jönköpings Södra,4-4-1,,,True,False,False,left,0.0027,,,,,,,,,,,,,,,,,,,,,,right_foot,False,False,bc,0.002672,,,,,,,,,,,,,,
2761772648,5678949,2H,59,40,00:59:40.387,3770.387416,2761772281.0,,,,,,interception,['shot_block'],18.0,51.0,7055,Eskilsminne,4-2-3-1,6849,Jönköpings Södra,4-4-1,989684,M. Larsson,LAMF,,,,,,,,,,,,,,,,,,,,,,,,,,,,,,,,,,,,,,,,,,,,,,,,,,,,,,,,,,,,,,,,,,,,
2761772281,5678949,2H,59,43,00:59:43.000,3773.000202,2761772283.0,,,,,,duel,"['dribble', 'ground_duel', 'offensive_duel', 'recovery', 'counterpressing_recovery']",91.0,75.0,6849,Jönköpings Södra,4-4-1,7055,Eskilsminne,4-2-3-1,1060409,L. Lyck,CF,,,,,,,,,,2761772281.0,1.3549645,"['attack', 'transition_high']",3.0,0.0,91.0,75.0,92.0,40.0,6849.0,Jönköpings Södra,4-4-1,,,False,False,False,right,0.0,51079.0,L. Ohlander,LB,dribble,True,False,,,False,right,2761772649.0,,,,,,,,,,,,,,,,,,,,,,,,,,,,,
2761772649,5678949,2H,59,43,00:59:43.000,3773.000202,2761772283.0,,,,,,duel,"['defensive_duel', 'ground_duel', 'loss']",9.0,25.0,7055,Eskilsminne,4-2-3-1,6849,Jönköpings Södra,4-4-1,51079,L. Ohlander,LB,,,,,,,,,,2761772281.0,1.3549645,"['attack', 'transition_high']",3.0,1.0,91.0,75.0,92.0,40.0,6849.0,Jönköpings Södra,4-4-1,,,False,False,False,right,0.0,1060409.0,L. Lyck,CF,defensive_duel,,,True,False,False,left,2761772281.0,,,,,,,,,,,,,,,,,,,,,,,,,,,,,
2761772283,5678949,2H,59,44,00:59:44.122,3774.122345,2761772286.0,,,,,,pass,"['cross', 'deep_completed_cross', 'lateral_pass', 'loss', 'progressive_pass', 'touch_in_box']",88.0,75.0,6849,Jönköpings Södra,4-4-1,7055,Eskilsminne,4-2-3-1,1060409,L. Lyck,CF,True,-78.0,high,24.0,674204.0,F. Benatallah,LW,92.0,40.0,2761772281.0,1.3549645,"['attack', 'transition_high']",3.0,2.0,91.0,75.0,92.0,40.0,6849.0,Jönköpings Södra,4-4-1,,,False,False,False,right,0.0,,,,,,,,,,,,,,,,,,,,,,,,,,,,,,,,,,,,,,,,
2761772652,5678949,2H,59,44,00:59:44.587,3774.587988,2761772654.0,,,,,,duel,"['aerial_duel', 'recovery', 'counterpressing_recovery']",8.0,60.0,7055,Eskilsminne,4-2-3-1,6849,Jönköpings Södra,4-4-1,739449,L. Larsen,RCB,,,,,,,,,,2761772652.0,28.9715435,['transition_low'],12.0,0.0,8.0,60.0,40.0,85.0,7055.0,Eskilsminne,4-2-3-1,,,,,,,,,,,,,,,,,,,,,,,,,,,,,,,,,,,,,,,674204.0,F. Benatallah,LW,0.0,True,192.0,2761772286.0,,
2761772286,5678949,2H,59,45,00:59:45.364,3775.364549,2761772285.0,,,,,,duel,['aerial_duel'],92.0,40.0,6849,Jönköpings Södra,4-4-1,7055,Eskilsminne,4-2-3-1,674204,F. Benatallah,LW,,,,,,,,,,2761772652.0,28.9715435,['transition_low'],12.0,1.0,8.0,60.0,40.0,85.0,7055.0,Eskilsminne,4-2-3-1,,,,,,,,,,,,,,,,,,,,,,,,,,,,,,,,,,,,,,,739449.0,L. Larsen,RCB,192.0,False,0.0,2761772652.0,,
2761772654,5678949,2H,59,45,00:59:45.364,3775.364549,2761772656.0,,,,,,duel,['aerial_duel'],8.0,59.0,7055,Eskilsminne,4-2-3-1,6849,Jönköpings Södra,4-4-1,739449,L. Larsen,RCB,,,,,,,,,,2761772652.0,28.9715435,['transition_low'],12.0,2.0,8.0,60.0,40.0,85.0,7055.0,Eskilsminne,4-2-3-1,,,,,,,,,,,,,,,,,,,,,,,,,,,,,,,,,,,,,,,613701.0,H. Lyck,RCB,0.0,True,192.0,2761772285.0,,
2761772285,5678949,2H,59,45,00:59:45.803,3775.803706,2761772656.0,,,,,,duel,['aerial_duel'],92.0,41.0,6849,Jönköpings Södra,4-4-1,7055,Eskilsminne,4-2-3-1,613701,H. Lyck,RCB,,,,,,,,,,2761772652.0,28.9715435,['transition_low'],12.0,3.0,8.0,60.0,40.0,85.0,7055.0,Eskilsminne,4-2-3-1,,,,,,,,,,,,,,,,,,,,,,,,,,,,,,,,,,,,,,,739449.0,L. Larsen,RCB,192.0,False,0.0,2761772654.0,,
2761772656,5678949,2H,59,47,00:59:47.634,3777.634515,2761772658.0,,,,,,touch,['carry'],2.0,64.0,7055,Eskilsminne,4-2-3-1,6849,Jönköpings Södra,4-4-1,693887,H. Pauli,GK,,,,,,,,,,2761772652.0,28.9715435,['transition_low'],12.0,4.0,8.0,60.0,40.0,85.0,7055.0,Eskilsminne,4-2-3-1,,,,,,,,,,,,,,,,,,,,,,,,,,12.88,14.0,58.0,,,,,,,,,,,,,,,,,,,
2761772658,5678949,2H,59,59,00:59:59.850,3789.850381,2761772660.0,,,,,,pass,"['forward_pass', 'hand_pass', 'short_or_medium_pass']",14.0,58.0,7055,Eskilsminne,4-2-3-1,6849,Jönköpings Södra,4-4-1,693887,H. Pauli,GK,True,0.0,,17.0,493674.0,C. Seger,RDMF,30.0,58.0,2761772652.0,28.9715435,['transition_low'],12.0,5.0,8.0,60.0,40.0,85.0,7055.0,Eskilsminne,4-2-3-1,,,,,,,,,,,,,,,,,,,,,,,,,,,,,,,,,,,,,,,,,,,,,,,
2761772660,5678949,2H,60,2,01:00:02.227,3792.227331,2761772662.0,,,,,,pass,"['lateral_pass', 'short_or_medium_pass']",30.0,58.0,7055,Eskilsminne,4-2-3-1,6849,Jönköpings Södra,4-4-1,493674,C. Seger,RDMF,True,-128.0,,25.0,566323.0,F. Velander,LCB,16.0,29.0,2761772652.0,28.9715435,['transition_low'],12.0,6.0,8.0,60.0,40.0,85.0,7055.0,Eskilsminne,4-2-3-1,,,,,,,,,,,,,,,,,,,,,,,,,,,,,,,,,,,,,,,,,,,,,,,
2761772662,5678949,2H,60,5,01:00:05.026,3795.026073,2761772663.0,,,,,,pass,"['lateral_pass', 'short_or_medium_pass']",16.0,29.0,7055,Eskilsminne,4-2-3-1,6849,Jönköpings Södra,4-4-1,566323,F. Velander,LCB,True,125.0,,16.0,693887.0,H. Pauli,GK,8.0,49.0,2761772652.0,28.9715435,['transition_low'],12.0,7.0,8.0,60.0,40.0,85.0,7055.0,Eskilsminne,4-2-3-1,,,,,,,,,,,,,,,,,,,,,,,,,,,,,,,,,,,,,,,,,,,,,,,
2761772663,5678949,2H,60,7,01:00:07.634,3797.634992,2761772667.0,,,,,,pass,"['lateral_pass', 'short_or_medium_pass']",8.0,49.0,7055,Eskilsminne,4-2-3-1,6849,Jönköpings Södra,4-4-1,693887,H. Pauli,GK,True,62.0,,17.0,739449.0,L. Larsen,RCB,15.0,71.0,2761772652.0,28.9715435,['transition_low'],12.0,8.0,8.0,60.0,40.0,85.0,7055.0,Eskilsminne,4-2-3-1,,,,,,,,,,,,,,,,,,,,,,,,,,,,,,,,,,,,,,,,,,,,,,,
2761772667,5678949,2H,60,8,01:00:08.765,3798.76539,2761772668.0,,,,,,touch,['carry'],15.0,71.0,7055,Eskilsminne,4-2-3-1,6849,Jönköpings Södra,4-4-1,739449,L. Larsen,RCB,,,,,,,,,,2761772652.0,28.9715435,['transition_low'],12.0,9.0,8.0,60.0,40.0,85.0,7055.0,Eskilsminne,4-2-3-1,,,,,,,,,,,,,,,,,,,,,,,,,,14.93,31.0,81.0,,,,,,,,,,,,,,,,,,,
2761772668,5678949,2H,60,13,01:00:13.417,3803.417303,2761772287.0,,,,,,pass,"['forward_pass', 'loss', 'progressive_pass', 'short_or_medium_pass']",31.0,81.0,7055,Eskilsminne,4-2-3-1,6849,Jönköpings Södra,4-4-1,739449,L. Larsen,RCB,False,18.0,,10.0,674204.0,F. Benatallah,LW,40.0,85.0,2761772652.0,28.9715435,['transition_low'],12.0,10.0,8.0,60.0,40.0,85.0,7055.0,Eskilsminne,4-2-3-1,,,,,,,,,,,,,,,,,,,,,,,,,,,,,,,,,,,,,,,,,,,,,,,
2761772287,5678949,2H,60,13,01:00:13.701,3803.70176,2761772288.0,,,,,,interception,[],60.0,15.0,6849,Jönköpings Södra,4-4-1,7055,Eskilsminne,4-2-3-1,674204,F. Benatallah,LW,,,,,,,,,,2761772652.0,28.9715435,['transition_low'],12.0,11.0,8.0,60.0,40.0,85.0,7055.0,Eskilsminne,4-2-3-1,,,,,,,,,,,,,,,,,,,,,,,,,,,,,,,,,,,,,,,,,,,,,,,
2761772288,5678949,2H,60,16,01:00:16.615,3806.615226,,,,,,,game_interruption,['ball_out'],42.0,0.0,6849,Jönköpings Södra,4-4-1,7055,Eskilsminne,4-2-3-1,0,,,,,,,,,,,,,,,,,,,,,,,,,,,,,,,,,,,,,,,,,,,,,,,,,,,,,,,,,,,,,,,,,,,,,,
2761772670,5678949,2H,60,20,01:00:20.710,3810.710098,2761772671.0,,,,,,throw_in,[],48.0,100.0,7055,Eskilsminne,4-2-3-1,6849,Jönköpings Södra,4-4-1,813232,J. Albin,RB,True,-141.0,,13.0,739449.0,L. Larsen,RCB,38.0,88.0,2761772670.0,5.882407,['throw_in'],4.0,0.0,48.0,100.0,68.0,72.0,7055.0,Eskilsminne,4-2-3-1,,,,,,,,,,,,,,,,,,,,,,,,,,,,,,,,,,,,,,,,,,,,,,,
2761772671,5678949,2H,60,22,01:00:22.898,3812.898428,2761772672.0,,,,,,pass,"['forward_pass', 'short_or_medium_pass']",38.0,88.0,7055,Eskilsminne,4-2-3-1,6849,Jönköpings Södra,4-4-1,739449,L. Larsen,RCB,True,17.0,,11.0,813232.0,J. Albin,RB,48.0,93.0,2761772670.0,5.882407,['throw_in'],4.0,1.0,48.0,100.0,68.0,72.0,7055.0,Eskilsminne,4-2-3-1,,,,,,,,,,,,,,,,,,,,,,,,,,,,,,,,,,,,,,,,,,,,,,,
2761772672,5678949,2H,60,23,01:00:23.898,3813.898832,2761772673.0,,,,,,touch,['carry'],48.0,93.0,7055,Eskilsminne,4-2-3-1,6849,Jönköpings Södra,4-4-1,813232,J. Albin,RB,,,,,,,,,,2761772670.0,5.882407,['throw_in'],4.0,2.0,48.0,100.0,68.0,72.0,7055.0,Eskilsminne,4-2-3-1,,,,,,,,,,,,,,,,,,,,,,,,,,8.666,56.0,89.0,,,,,,,,,,,,,,,,,,,
2761772673,5678949,2H,60,26,01:00:26.076,3816.076236,2761772289.0,,,,,,pass,"['forward_pass', 'loss', 'pass_to_final_third', 'short_or_medium_pass']",56.0,89.0,7055,Eskilsminne,4-2-3-1,6849,Jönköpings Södra,4-4-1,813232,J. Albin,RB,False,-45.0,,17.0,558236.0,L. Eek,LCB,68.0,72.0,2761772670.0,5.882407,['throw_in'],4.0,3.0,48.0,100.0,68.0,72.0,7055.0,Eskilsminne,4-2-3-1,,,,,,,,,,,,,,,,,,,,,,,,,,,,,,,,,,,,,,,,,,,,,,,
2761772289,5678949,2H,60,27,01:00:27.108,3817.108774,2761772291.0,,,,,,interception,"['recovery', 'carry']",32.0,28.0,6849,Jönköpings Södra,4-4-1,7055,Eskilsminne,4-2-3-1,558236,L. Eek,LCB,,,,,,,,,,2761772289.0,8.800872,['transition_low'],5.0,0.0,32.0,28.0,95.0,13.0,6849.0,Jönköpings Södra,4-4-1,,,,,,,,,,,,,,,,,,,,,,,,,,13.68,47.0,20.0,,,,,,,,,,,,,,,,,,,
2761772291,5678949,2H,60,29,01:00:29.045,3819.045609,2761772292.0,,,,,,pass,"['forward_pass', 'short_or_medium_pass']",47.0,20.0,6849,Jönköpings Södra,4-4-1,7055,Eskilsminne,4-2-3-1,558236,L. Eek,LCB,True,-31.0,,17.0,812471.0,A. Eriksson,LCMF,61.0,7.0,2761772289.0,8.800872,['transition_low'],5.0,1.0,32.0,28.0,95.0,13.0,6849.0,Jönköpings Södra,4-4-1,,,,,,,,,,,,,,,,,,,,,,,,,,,,,,,,,,,,,,,,,,,,,,,
2761772292,5678949,2H,60,31,01:00:31.709,3821.709278,2761772295.0,,,,,,pass,"['forward_pass', 'long_pass', 'pass_to_final_third', 'progressive_pass']",61.0,7.0,6849,Jönköpings Södra,4-4-1,7055,Eskilsminne,4-2-3-1,812471,A. Eriksson,LCMF,False,6.0,high,36.0,558236.0,L. Eek,LCB,95.0,13.0,2761772289.0,8.800872,['transition_low'],5.0,2.0,32.0,28.0,95.0,13.0,6849.0,Jönköpings Södra,4-4-1,,,,,,,,,,,,,,,,,,,,,,,,,,,,,,,,,,,,,,,,,,,,,,,
2761772295,5678949,2H,60,35,01:00:35.909,3825.909646,2761772297.0,,,,,,duel,"['defensive_duel', 'ground_duel', 'loss']",95.0,13.0,6849,Jönköpings Södra,4-4-1,7055,Eskilsminne,4-2-3-1,558236,L. Eek,LCB,,,,,,,,,,2761772289.0,8.800872,['transition_low'],5.0,3.0,32.0,28.0,95.0,13.0,6849.0,Jönköpings Södra,4-4-1,,,,,,,,493674.0,C. Seger,RDMF,defensive_duel,,,False,False,False,,2761772987.0,,,,,,,,,,,,,,,,,,,,,,,,,,,,,
2761772987,5678949,2H,60,35,01:00:35.909,3825.909646,2761772297.0,,,,,,duel,"['foul_suffered', 'ground_duel', 'offensive_duel', 'recovery']",5.0,87.0,7055,Eskilsminne,4-2-3-1,6849,Jönköpings Södra,4-4-1,493674,C. Seger,RDMF,,,,,,,,,,2761772289.0,8.800872,['transition_low'],5.0,4.0,32.0,28.0,95.0,13.0,6849.0,Jönköpings Södra,4-4-1,,,,,,,,558236.0,L. Eek,LCB,offensive_duel,True,True,,,False,,2761772295.0,,,,,,,,,,,,,,,,,,,,,,,,,,,,,
2761772297,5678949,2H,60,36,01:00:36.181,3826.181399,2761772987.0,,,,,,infraction,['foul'],92.0,18.0,6849,Jönköpings Södra,4-4-1,7055,Eskilsminne,4-2-3-1,558236,L. Eek,LCB,,,,,,,,,,,,,,,,,,,,,,,,,,,,,,,,,,,,,,,,False,False,regular_foul,493674.0,C. Seger,RDMF,,,,,,,,,,,,,,,,,,,,,,,
2761772675,5678949,2H,61,0,01:01:00.706,3850.706886,2761772298.0,,,,,,free_kick,[],8.0,84.0,7055,Eskilsminne,4-2-3-1,6849,Jönköpings Södra,4-4-1,693887,H. Pauli,GK,False,-7.0,,58.0,258063.0,S. Crona,RDMF,63.0,74.0,2761772675.0,8.294114,"['set_piece_attack', 'free_kick']",5.0,0.0,8.0,84.0,58.0,95.0,7055.0,Eskilsminne,4-2-3-1,,,,,,,,,,,,,,,,,,,,,,,,,,,,,,,,,,,,,,,,,,,,,,,
2761772298,5678949,2H,61,3,01:01:03.819,3853.819451,2761773437.0,,,,,,pass,"['head_pass', 'recovery', 'counterpressing_recovery', 'short_or_medium_pass']",37.0,26.0,6849,Jönköpings Södra,4-4-1,7055,Eskilsminne,4-2-3-1,258063,S. Crona,RCMF,True,-63.0,high,5.0,0.0,,,39.0,20.0,2761772675.0,8.294114,"['set_piece_attack', 'free_kick']",5.0,1.0,8.0,84.0,58.0,95.0,7055.0,Eskilsminne,4-2-3-1,,,,,,,,,,,,,,,,,,,,,,,,,,,,,,,,,,,,,,,,,,,,,,,
2761772680,5678949,2H,61,5,01:01:05.214,3855.21481,2761772682.0,,,,,,duel,"['loose_ball_duel', 'recovery', 'counterpressing_recovery', 'carry']",61.0,80.0,7055,Eskilsminne,4-2-3-1,6849,Jönköpings Södra,4-4-1,989683,H. Lindahl,RAMF,,,,,,,,,,2761772675.0,8.294114,"['set_piece_attack', 'free_kick']",5.0,2.0,8.0,84.0,58.0,95.0,7055.0,Eskilsminne,4-2-3-1,,,,,,,,,,,,,,,,,,,,,,,,,,-7.927,58.0,95.0,,,,,,,,,,,,,,,,,,,
2761773437,5678949,2H,61,5,01:01:05.214,3855.21481,2761772302.0,,,,,,duel,['loose_ball_duel'],39.0,20.0,6849,Jönköpings Södra,4-4-1,7055,Eskilsminne,4-2-3-1,0,,,,,,,,,,,,2761772675.0,8.294114,"['set_piece_attack', 'free_kick']",5.0,3.0,8.0,84.0,58.0,95.0,7055.0,Eskilsminne,4-2-3-1,,,,,,,,,,,,,,,,,,,,,,,,,,,,,,,,,,,,,,,,,,,,,,,
2761772302,5678949,2H,61,9,01:01:09.001,3859.001,2761772304.0,,,,,,duel,"['defensive_duel', 'ground_duel', 'recovery', 'counterpressing_recovery']",42.0,5.0,6849,Jönköpings Södra,4-4-1,7055,Eskilsminne,4-2-3-1,674204,F. Benatallah,LW,,,,,,,,,,2761772302.0,4.259669,[],5.0,0.0,42.0,5.0,35.0,0.0,6849.0,Jönköpings Södra,4-4-1,,,,,,,,989683.0,H. Lindahl,RAMF,defensive_duel,,,True,True,False,,2761772682.0,,,,,,,,,,,,,,,,,,,,,,,,,,,,,
2761772682,5678949,2H,61,9,01:01:09.001,3859.001,2761772304.0,,,,,,duel,"['ground_duel', 'loss', 'offensive_duel']",58.0,95.0,7055,Eskilsminne,4-2-3-1,6849,Jönköpings Södra,4-4-1,989683,H. Lindahl,RAMF,,,,,,,,,,2761772675.0,8.294114,"['set_piece_attack', 'free_kick']",5.0,4.0,8.0,84.0,58.0,95.0,7055.0,Eskilsminne,4-2-3-1,,,,,,,,674204.0,F. Benatallah,LW,offensive_duel,False,False,,,False,,2761772302.0,,,,,,,,,,,,,,,,,,,,,,,,,,,,,
2761772304,5678949,2H,61,10,01:01:10.852,3860.85276,2761772305.0,,,,,,pass,"['forward_pass', 'short_or_medium_pass']",37.0,17.0,6849,Jönköpings Södra,4-4-1,7055,Eskilsminne,4-2-3-1,812471,A. Eriksson,LCMF,True,-21.0,,19.0,674204.0,F. Benatallah,LW,54.0,8.0,2761772302.0,4.259669,[],5.0,1.0,42.0,5.0,35.0,0.0,6849.0,Jönköpings Södra,4-4-1,,,,,,,,,,,,,,,,,,,,,,,,,,,,,,,,,,,,,,,,,,,,,,,
2761772305,5678949,2H,61,12,01:01:12.131,3862.131554,2761772307.0,,,,,,duel,"['dribble', 'ground_duel', 'offensive_duel']",54.0,8.0,6849,Jönköpings Södra,4-4-1,7055,Eskilsminne,4-2-3-1,674204,F. Benatallah,LW,,,,,,,,,,2761772302.0,4.259669,[],5.0,2.0,42.0,5.0,35.0,0.0,6849.0,Jönköpings Södra,4-4-1,,,,,,,,517376.0,H. Norrby,LDMF,dribble,True,True,,,True,right,2761772684.0,,,,,,,,,,,,,,,,,,,,,,,,,,,,,
2761772684,5678949,2H,61,12,01:01:12.131,3862.131554,2761772307.0,,,,,,duel,"['defensive_duel', 'dribbled_past_attempt', 'ground_duel']",46.0,92.0,7055,Eskilsminne,4-2-3-1,6849,Jönköpings Södra,4-4-1,517376,H. Norrby,LDMF,,,,,,,,,,2761772302.0,4.259669,[],5.0,3.0,42.0,5.0,35.0,0.0,6849.0,Jönköpings Södra,4-4-1,,,,,,,,674204.0,F. Benatallah,LW,defensive_duel,,,False,False,True,left,2761772305.0,,,,,,,,,,,,,,,,,,,,,,,,,,,,,
2761772306,5678949,2H,61,14,01:01:14.389,3864.389784,,,,,,,game_interruption,['ball_out'],35.0,0.0,6849,Jönköpings Södra,4-4-1,7055,Eskilsminne,4-2-3-1,0,,,,,,,,,,,,2761772302.0,4.259669,[],5.0,4.0,42.0,5.0,35.0,0.0,6849.0,Jönköpings Södra,4-4-1,,,,,,,,,,,,,,,,,,,,,,,,,,,,,,,,,,,,,,,,,,,,,,,
2761772307,5678949,2H,61,20,01:01:20.599,3870.599238,2761772309.0,,,,,,throw_in,[],46.0,0.0,6849,Jönköpings Södra,4-4-1,7055,Eskilsminne,4-2-3-1,692804,O. Almström,LB,True,18.0,,19.0,615327.0,I. Ellbring,RW,63.0,9.0,2761772307.0,8.249582,['throw_in'],5.0,0.0,46.0,0.0,96.0,7.0,6849.0,Jönköpings Södra,4-4-1,,,,,,,,,,,,,,,,,,,,,,,,,,,,,,,,,,,,,,,,,,,,,,,
2761772309,5678949,2H,61,23,01:01:23.324,3873.324627,2761772310.0,,,,,,pass,"['pass_to_final_third', 'short_or_medium_pass']",63.0,9.0,6849,Jönköpings Södra,4-4-1,7055,Eskilsminne,4-2-3-1,615327,I. Ellbring,RW,True,58.0,,9.0,812471.0,A. Eriksson,LCMF,68.0,20.0,2761772307.0,8.249582,['throw_in'],5.0,1.0,46.0,0.0,96.0,7.0,6849.0,Jönköpings Södra,4-4-1,,,,,,,,,,,,,,,,,,,,,,,,,,,,,,,,,,,,,,,,,,,,,,,
2761772310,5678949,2H,61,24,01:01:24.111,3874.111895,2761772312.0,,,,,,pass,"['forward_pass', 'short_or_medium_pass']",68.0,20.0,6849,Jönköpings Södra,4-4-1,7055,Eskilsminne,4-2-3-1,812471,A. Eriksson,LCMF,False,-29.0,,23.0,674204.0,F. Benatallah,LW,87.0,4.0,2761772307.0,8.249582,['throw_in'],5.0,2.0,46.0,0.0,96.0,7.0,6849.0,Jönköpings Södra,4-4-1,,,,,,,,,,,,,,,,,,,,,,,,,,,,,,,,,,,,,,,,,,,,,,,
2761772312,5678949,2H,61,27,01:01:27.133,3877.133329,2761772689.0,,,,,,duel,"['defensive_duel', 'ground_duel', 'loss']",87.0,4.0,6849,Jönköpings Södra,4-4-1,7055,Eskilsminne,4-2-3-1,674204,F. Benatallah,LW,,,,,,,,,,2761772307.0,8.249582,['throw_in'],5.0,3.0,46.0,0.0,96.0,7.0,6849.0,Jönköpings Södra,4-4-1,,,,,,,,739449.0,L. Larsen,RCB,defensive_duel,,,True,False,False,,2761772687.0,,,,,,,,,,,,,,,,,,,,,,,,,,,,,
2761772687,5678949,2H,61,27,01:01:27.133,3877.133329,2761772689.0,,,,,,duel,"['ground_duel', 'offensive_duel']",13.0,96.0,7055,Eskilsminne,4-2-3-1,6849,Jönköpings Södra,4-4-1,739449,L. Larsen,RCB,,,,,,,,,,2761772307.0,8.249582,['throw_in'],5.0,4.0,46.0,0.0,96.0,7.0,6849.0,Jönköpings Södra,4-4-1,,,,,,,,674204.0,F. Benatallah,LW,offensive_duel,True,False,,,False,,2761772312.0,,,,,,,,,,,,,,,,,,,,,,,,,,,,,
2761772689,5678949,2H,61,30,01:01:30.564,3880.564311,2761772313.0,,,,,,clearance,['loss'],4.0,93.0,7055,Eskilsminne,4-2-3-1,6849,Jönköpings Södra,4-4-1,739449,L. Larsen,RCB,,,,,,,,,,2761772689.0,0.865441,[],2.0,0.0,4.0,93.0,25.0,100.0,7055.0,Eskilsminne,4-2-3-1,,,,,,,,,,,,,,,,,,,,,,,,,,,,,,,,,,,,,,,,,,,,,,,
2761772313,5678949,2H,61,32,01:01:32.295,3882.295193,,,,,,,game_interruption,['ball_out'],75.0,0.0,6849,Jönköpings Södra,4-4-1,7055,Eskilsminne,4-2-3-1,0,,,,,,,,,,,,2761772689.0,0.865441,[],2.0,1.0,4.0,93.0,25.0,100.0,7055.0,Eskilsminne,4-2-3-1,,,,,,,,,,,,,,,,,,,,,,,,,,,,,,,,,,,,,,,,,,,,,,,
2761772315,5678949,2H,62,9,01:02:09.906,3919.906231,2761772318.0,,,,,,throw_in,['shot_assist'],92.0,0.0,6849,Jönköpings Södra,4-4-1,7055,Eskilsminne,4-2-3-1,692804,O. Almström,LB,True,88.0,,29.0,613701.0,H. Lyck,RCB,93.0,43.0,2761772315.0,2.4891635,"['attack', 'throw_in']",2.0,0.0,92.0,0.0,93.0,43.0,6849.0,Jönköpings Södra,4-4-1,,,True,True,True,left,0.0473,,,,,,,,,,,,,,,,,,,,,,,,,,,,,,,,,,,,,,,,
2761772318,5678949,2H,62,14,01:02:14.884,3924.884558,,,,,,,shot,"['goal', 'head_shot', 'opportunity', 'shot_after_throw_in', 'touch_in_box']",93.0,43.0,6849,Jönköpings Södra,4-4-1,7055,Eskilsminne,4-2-3-1,613701,H. Lyck,RCB,,,,,,,,,,2761772315.0,2.4891635,"['attack', 'throw_in']",2.0,1.0,92.0,0.0,93.0,43.0,6849.0,Jönköpings Södra,4-4-1,,,True,True,True,left,0.0473,,,,,,,,,,,,,,,,,,,,,,head_or_other,True,True,gt,0.04733,,,,,,,,,,,,,,
2761772696,5678949,2H,62,22,01:02:22.645,3932.645427,2761772318.0,,,,,,shot_against,['conceded_goal'],2.0,50.0,7055,Eskilsminne,4-2-3-1,6849,Jönköpings Södra,4-4-1,693887,H. Pauli,GK,,,,,,,,,,,,,,,,,,,,,,,,,,,,,,,,,,,,,,,,,,,,,,,,,,,,,,,,,,,,,,,,,,,,
2761772698,5678949,2H,62,49,01:02:49.417,3959.41728,2761772700.0,,,,,,pass,"['back_pass', 'short_or_medium_pass']",50.0,50.0,7055,Eskilsminne,4-2-3-1,6849,Jönköpings Södra,4-4-1,338669,C. Ljungberg,AMF,True,154.0,,27.0,739449.0,L. Larsen,RCB,27.0,68.0,2761772698.0,15.2031765,['attack'],9.0,0.0,50.0,50.0,69.0,48.0,7055.0,Eskilsminne,4-2-3-1,,,False,False,False,left,0.0,,,,,,,,,,,,,,,,,,,,,,,,,,,,,,,,,,,,,,,,
2761772700,5678949,2H,62,52,01:02:52.441,3962.441103,2761772701.0,,,,,,pass,"['lateral_pass', 'short_or_medium_pass']",27.0,68.0,7055,Eskilsminne,4-2-3-1,6849,Jönköpings Södra,4-4-1,739449,L. Larsen,RCB,True,-92.0,,25.0,566323.0,F. Velander,LCB,26.0,31.0,2761772698.0,15.2031765,['attack'],9.0,1.0,50.0,50.0,69.0,48.0,7055.0,Eskilsminne,4-2-3-1,,,False,False,False,left,0.0,,,,,,,,,,,,,,,,,,,,,,,,,,,,,,,,,,,,,,,,
2761772701,5678949,2H,62,54,01:02:54.962,3964.962798,2761772703.0,,,,,,pass,"['lateral_pass', 'short_or_medium_pass']",26.0,31.0,7055,Eskilsminne,4-2-3-1,6849,Jönköpings Södra,4-4-1,566323,F. Velander,LCB,True,-72.0,,16.0,51079.0,L. Ohlander,LB,30.0,9.0,2761772698.0,15.2031765,['attack'],9.0,2.0,50.0,50.0,69.0,48.0,7055.0,Eskilsminne,4-2-3-1,,,False,False,False,left,0.0,,,,,,,,,,,,,,,,,,,,,,,,,,,,,,,,,,,,,,,,
2761772703,5678949,2H,62,56,01:02:56.822,3966.822906,2761772705.0,,,,,,pass,"['forward_pass', 'short_or_medium_pass']",30.0,9.0,7055,Eskilsminne,4-2-3-1,6849,Jönköpings Södra,4-4-1,51079,L. Ohlander,LB,True,-4.0,,14.0,989684.0,M. Larsson,LAMF,43.0,8.0,2761772698.0,15.2031765,['attack'],9.0,3.0,50.0,50.0,69.0,48.0,7055.0,Eskilsminne,4-2-3-1,,,False,False,False,left,0.0,,,,,,,,,,,,,,,,,,,,,,,,,,,,,,,,,,,,,,,,
2761772705,5678949,2H,62,57,01:02:57.924,3967.92491,2761772707.0,,,,,,duel,"['ground_duel', 'offensive_duel', 'progressive_run', 'carry']",43.0,8.0,7055,Eskilsminne,4-2-3-1,6849,Jönköpings Södra,4-4-1,989684,M. Larsson,LAMF,,,,,,,,,,2761772698.0,15.2031765,['attack'],9.0,4.0,50.0,50.0,69.0,48.0,7055.0,Eskilsminne,4-2-3-1,,,False,False,False,left,0.0,0.0,,,offensive_duel,True,False,,,False,,2761773438.0,,,,,,,,33.76,69.0,51.0,,,,,,,,,,,,,,,,,,,
2761773438,5678949,2H,62,57,01:02:57.924,3967.92491,2761772324.0,,,,,,duel,"['defensive_duel', 'ground_duel']",57.0,92.0,6849,Jönköpings Södra,4-4-1,7055,Eskilsminne,4-2-3-1,0,,,,,,,,,,,,2761772698.0,15.2031765,['attack'],9.0,5.0,50.0,50.0,69.0,48.0,7055.0,Eskilsminne,4-2-3-1,,,False,False,False,left,0.0,989684.0,M. Larsson,LAMF,defensive_duel,,,True,False,False,,2761772705.0,,,,,,,,,,,,,,,,,,,,,,,,,,,,,
2761772324,5678949,2H,63,4,01:03:04.123,3974.123162,2761772326.0,,,,,,duel,"['defensive_duel', 'ground_duel']",31.0,49.0,6849,Jönköpings Södra,4-4-1,7055,Eskilsminne,4-2-3-1,812471,A. Eriksson,LCMF,,,,,,,,,,2761772698.0,15.2031765,['attack'],9.0,6.0,50.0,50.0,69.0,48.0,7055.0,Eskilsminne,4-2-3-1,,,False,False,False,left,0.0,989684.0,M. Larsson,LAMF,defensive_duel,,,False,False,False,,2761772707.0,,,,,,,,,,,,,,,,,,,,,,,,,,,,,
2761772707,5678949,2H,63,4,01:03:04.123,3974.123162,2761772326.0,,,,,,duel,"['foul_suffered', 'ground_duel', 'offensive_duel']",69.0,51.0,7055,Eskilsminne,4-2-3-1,6849,Jönköpings Södra,4-4-1,989684,M. Larsson,LAMF,,,,,,,,,,2761772698.0,15.2031765,['attack'],9.0,7.0,50.0,50.0,69.0,48.0,7055.0,Eskilsminne,4-2-3-1,,,False,False,False,left,0.0,812471.0,A. Eriksson,LCMF,offensive_duel,True,True,,,False,,2761772324.0,,,,,,,,,,,,,,,,,,,,,,,,,,,,,
2761772326,5678949,2H,63,5,01:03:05.117,3975.117751,2761772707.0,,,,,,infraction,"['foul', 'yellow_card']",31.0,52.0,6849,Jönköpings Södra,4-4-1,7055,Eskilsminne,4-2-3-1,812471,A. Eriksson,LCMF,,,,,,,,,,2761772698.0,15.2031765,['attack'],9.0,8.0,50.0,50.0,69.0,48.0,7055.0,Eskilsminne,4-2-3-1,,,False,False,False,left,0.0,,,,,,,,,,,,True,False,regular_foul,989684.0,M. Larsson,LAMF,,,,,,,,,,,,,,,,,,,,,,,
2761772710,5678949,2H,63,58,01:03:58.244,4028.244216,2761772712.0,,,,,,free_kick,[],68.0,51.0,7055,Eskilsminne,4-2-3-1,6849,Jönköpings Södra,4-4-1,51079,L. Ohlander,LB,True,-54.0,,13.0,338669.0,C. Ljungberg,AMF,75.0,36.0,2761772710.0,16.786233,"['set_piece_attack', 'attack', 'free_kick']",8.0,0.0,68.0,51.0,58.0,43.0,7055.0,Eskilsminne,4-2-3-1,,,False,False,False,left,0.0,,,,,,,,,,,,,,,,,,,,,,,,,,,,,,,,,,,,,,,,
2761772712,5678949,2H,64,0,01:04:00.082,4030.082416,2761772714.0,,,,,,pass,"['back_pass', 'short_or_medium_pass']",75.0,36.0,7055,Eskilsminne,4-2-3-1,6849,Jönköpings Södra,4-4-1,338669,C. Ljungberg,AMF,True,-155.0,,14.0,566323.0,F. Velander,LCB,63.0,27.0,2761772710.0,16.786233,"['set_piece_attack', 'attack', 'free_kick']",8.0,1.0,68.0,51.0,58.0,43.0,7055.0,Eskilsminne,4-2-3-1,,,False,False,False,left,0.0,,,,,,,,,,,,,,,,,,,,,,,,,,,,,,,,,,,,,,,,
2761772714,5678949,2H,64,2,01:04:02.572,4032.572419,2761772716.0,,,,,,pass,"['lateral_pass', 'short_or_medium_pass']",63.0,27.0,7055,Eskilsminne,4-2-3-1,6849,Jönköpings Södra,4-4-1,566323,F. Velander,LCB,True,111.0,,23.0,739449.0,L. Larsen,RCB,55.0,58.0,2761772710.0,16.786233,"['set_piece_attack', 'attack', 'free_kick']",8.0,2.0,68.0,51.0,58.0,43.0,7055.0,Eskilsminne,4-2-3-1,,,False,False,False,left,0.0,,,,,,,,,,,,,,,,,,,,,,,,,,,,,,,,,,,,,,,,
2761772716,5678949,2H,64,7,01:04:07.147,4037.147745,2761772717.0,,,,,,pass,"['lateral_pass', 'short_or_medium_pass']",55.0,58.0,7055,Eskilsminne,4-2-3-1,6849,Jönköpings Södra,4-4-1,739449,L. Larsen,RCB,True,-81.0,,32.0,51079.0,L. Ohlander,LB,60.0,12.0,2761772710.0,16.786233,"['set_piece_attack', 'attack', 'free_kick']",8.0,3.0,68.0,51.0,58.0,43.0,7055.0,Eskilsminne,4-2-3-1,,,False,False,False,left,0.0,,,,,,,,,,,,,,,,,,,,,,,,,,,,,,,,,,,,,,,,
2761772717,5678949,2H,64,9,01:04:09.999,4039.999163,2761772720.0,,,,,,pass,"['forward_pass', 'pass_to_final_third', 'short_or_medium_pass']",60.0,12.0,7055,Eskilsminne,4-2-3-1,6849,Jönköpings Södra,4-4-1,51079,L. Ohlander,LB,True,-6.0,,9.0,989684.0,M. Larsson,LAMF,69.0,11.0,2761772710.0,16.786233,"['set_piece_attack', 'attack', 'free_kick']",8.0,4.0,68.0,51.0,58.0,43.0,7055.0,Eskilsminne,4-2-3-1,,,False,False,False,left,0.0,,,,,,,,,,,,,,,,,,,,,,,,,,,,,,,,,,,,,,,,
2761772334,5678949,2H,64,11,01:04:11.625,4041.625469,2761772722.0,,,,,,duel,"['defensive_duel', 'ground_duel']",31.0,89.0,6849,Jönköpings Södra,4-4-1,7055,Eskilsminne,4-2-3-1,615319,A. Karlsson,RB,,,,,,,,,,2761772710.0,16.786233,"['set_piece_attack', 'attack', 'free_kick']",8.0,5.0,68.0,51.0,58.0,43.0,7055.0,Eskilsminne,4-2-3-1,,,False,False,False,left,0.0,989684.0,M. Larsson,LAMF,defensive_duel,,,False,False,False,,2761772720.0,,,,,,,,,,,,,,,,,,,,,,,,,,,,,
2761772720,5678949,2H,64,11,01:04:11.625,4041.625469,2761772722.0,,,,,,duel,"['ground_duel', 'offensive_duel', 'carry']",69.0,11.0,7055,Eskilsminne,4-2-3-1,6849,Jönköpings Södra,4-4-1,989684,M. Larsson,LAMF,,,,,,,,,,2761772710.0,16.786233,"['set_piece_attack', 'attack', 'free_kick']",8.0,6.0,68.0,51.0,58.0,43.0,7055.0,Eskilsminne,4-2-3-1,,,False,False,False,left,0.0,615319.0,A. Karlsson,RB,offensive_duel,True,True,,,False,,2761772334.0,,,,,,,,3.206,69.0,19.0,,,,,,,,,,,,,,,,,,,
2761772722,5678949,2H,64,13,01:04:13.605,4043.605536,2761772335.0,,,,,,pass,"['lateral_pass', 'loss', 'short_or_medium_pass']",69.0,19.0,7055,Eskilsminne,4-2-3-1,6849,Jönköpings Södra,4-4-1,989684,M. Larsson,LAMF,False,125.0,,20.0,674204.0,F. Benatallah,LW,58.0,43.0,2761772710.0,16.786233,"['set_piece_attack', 'attack', 'free_kick']",8.0,7.0,68.0,51.0,58.0,43.0,7055.0,Eskilsminne,4-2-3-1,,,False,False,False,left,0.0,,,,,,,,,,,,,,,,,,,,,,,,,,,,,,,,,,,,,,,,
2761772335,5678949,2H,64,16,01:04:16.455,4046.455362,2761772336.0,,,,,,pass,"['forward_pass', 'recovery', 'short_or_medium_pass']",42.0,57.0,6849,Jönköpings Södra,4-4-1,7055,Eskilsminne,4-2-3-1,674204,F. Benatallah,LW,True,34.0,,22.0,1060409.0,L. Lyck,CF,59.0,75.0,2761772335.0,6.9198985,"['attack', 'transition_medium']",4.0,0.0,42.0,57.0,85.0,64.0,6849.0,Jönköpings Södra,4-4-1,,,False,False,False,right,0.0,,,,,,,,,,,,,,,,,,,,,,,,,,,,,,,,,,,,,,,,
2761772336,5678949,2H,64,18,01:04:18.237,4048.237039,2761772337.0,,,,,,touch,"['progressive_run', 'carry']",59.0,75.0,6849,Jönköpings Södra,4-4-1,7055,Eskilsminne,4-2-3-1,1060409,L. Lyck,CF,,,,,,,,,,2761772335.0,6.9198985,"['attack', 'transition_medium']",4.0,1.0,42.0,57.0,85.0,64.0,6849.0,Jönköpings Södra,4-4-1,,,False,False,False,right,0.0,,,,,,,,,,,,,,,,,,,15.67,73.0,67.0,,,,,,,,,,,,,,,,,,,
2761772337,5678949,2H,64,20,01:04:20.984,4050.98493,2761772338.0,,,,,,pass,"['forward_pass', 'pass_to_penalty_area', 'short_or_medium_pass']",73.0,67.0,6849,Jönköpings Södra,4-4-1,7055,Eskilsminne,4-2-3-1,1060409,L. Lyck,CF,True,16.0,,15.0,615327.0,I. Ellbring,RW,87.0,73.0,2761772335.0,6.9198985,"['attack', 'transition_medium']",4.0,2.0,42.0,57.0,85.0,64.0,6849.0,Jönköpings Södra,4-4-1,,,False,False,False,right,0.0,,,,,,,,,,,,,,,,,,,,,,,,,,,,,,,,,,,,,,,,
2761772338,5678949,2H,64,22,01:04:22.489,4052.489281,,,,,,,pass,"['cross', 'cross_blocked', 'touch_in_box']",87.0,73.0,6849,Jönköpings Södra,4-4-1,7055,Eskilsminne,4-2-3-1,615327,I. Ellbring,RW,False,52.0,blocked,23.0,0.0,,,100.0,100.0,2761772335.0,6.9198985,"['attack', 'transition_medium']",4.0,3.0,42.0,57.0,85.0,64.0,6849.0,Jönköpings Södra,4-4-1,,,False,False,False,right,0.0,,,,,,,,,,,,,,,,,,,,,,,,,,,,,,,,,,,,,,,,
2761772725,5678949,2H,64,24,01:04:24.261,4054.26124,2761772726.0,,,,,,interception,"['forward_pass', 'pass', 'recovery', 'short_or_medium_pass']",15.0,36.0,7055,Eskilsminne,4-2-3-1,6849,Jönköpings Södra,4-4-1,566323,F. Velander,LCB,True,-42.0,,13.0,51079.0,L. Ohlander,LB,24.0,23.0,2761772725.0,6.615316,['transition_low'],4.0,0.0,15.0,36.0,32.0,14.0,7055.0,Eskilsminne,4-2-3-1,,,,,,,,,,,,,,,,,,,,,,,,,,,,,,,,,,,,,,,,,,,,,,,
2761772726,5678949,2H,64,27,01:04:27.302,4057.302324,2761772729.0,,,,,,pass,['short_or_medium_pass'],24.0,23.0,7055,Eskilsminne,4-2-3-1,6849,Jönköpings Södra,4-4-1,51079,L. Ohlander,LB,True,-75.0,,11.0,338669.0,C. Ljungberg,AMF,27.0,7.0,2761772725.0,6.615316,['transition_low'],4.0,1.0,15.0,36.0,32.0,14.0,7055.0,Eskilsminne,4-2-3-1,,,,,,,,,,,,,,,,,,,,,,,,,,,,,,,,,,,,,,,,,,,,,,,
2761772729,5678949,2H,64,30,01:04:30.722,4060.722613,2761772340.0,,,,,,pass,"['forward_pass', 'loss', 'progressive_pass', 'short_or_medium_pass']",27.0,7.0,7055,Eskilsminne,4-2-3-1,6849,Jönköpings Södra,4-4-1,338669,C. Ljungberg,AMF,False,40.0,,7.0,615327.0,I. Ellbring,RW,32.0,14.0,2761772725.0,6.615316,['transition_low'],4.0,2.0,15.0,36.0,32.0,14.0,7055.0,Eskilsminne,4-2-3-1,,,,,,,,,,,,,,,,,,,,,,,,,,,,,,,,,,,,,,,,,,,,,,,
2761772340,5678949,2H,64,31,01:04:31.030,4061.030499,2761772341.0,,,,,,interception,[],68.0,86.0,6849,Jönköpings Södra,4-4-1,7055,Eskilsminne,4-2-3-1,615327,I. Ellbring,RW,,,,,,,,,,2761772725.0,6.615316,['transition_low'],4.0,3.0,15.0,36.0,32.0,14.0,7055.0,Eskilsminne,4-2-3-1,,,,,,,,,,,,,,,,,,,,,,,,,,,,,,,,,,,,,,,,,,,,,,,
2761772341,5678949,2H,64,32,01:04:32.801,4062.801495,,,,,,,game_interruption,['ball_out'],74.0,100.0,6849,Jönköpings Södra,4-4-1,7055,Eskilsminne,4-2-3-1,0,,,,,,,,,,,,,,,,,,,,,,,,,,,,,,,,,,,,,,,,,,,,,,,,,,,,,,,,,,,,,,,,,,,,,,
2761772730,5678949,2H,64,47,01:04:47.544,4077.544962,2761772988.0,,,,,,throw_in,[],29.0,0.0,7055,Eskilsminne,4-2-3-1,6849,Jönköpings Södra,4-4-1,51079,L. Ohlander,LB,True,9.0,,37.0,338669.0,C. Ljungberg,AMF,64.0,9.0,2761772730.0,6.137642,['throw_in'],7.0,0.0,29.0,0.0,65.0,28.0,7055.0,Eskilsminne,4-2-3-1,,,,,,,,,,,,,,,,,,,,,,,,,,,,,,,,,,,,,,,,,,,,,,,
2761772343,5678949,2H,64,48,01:04:48.833,4078.833537,2761772344.0,,,,,,duel,"['defensive_duel', 'ground_duel']",36.0,91.0,6849,Jönköpings Södra,4-4-1,7055,Eskilsminne,4-2-3-1,615319,A. Karlsson,RB,,,,,,,,,,2761772730.0,6.137642,['throw_in'],7.0,1.0,29.0,0.0,65.0,28.0,7055.0,Eskilsminne,4-2-3-1,,,,,,,,338669.0,C. Ljungberg,AMF,defensive_duel,,,True,False,False,,2761772988.0,,,,,,,,,,,,,,,,,,,,,,,,,,,,,
2761772988,5678949,2H,64,48,01:04:48.833,4078.833537,2761772732.0,,,,,,duel,"['ground_duel', 'offensive_duel', 'carry']",64.0,9.0,7055,Eskilsminne,4-2-3-1,6849,Jönköpings Södra,4-4-1,338669,C. Ljungberg,AMF,,,,,,,,,,2761772730.0,6.137642,['throw_in'],7.0,2.0,29.0,0.0,65.0,28.0,7055.0,Eskilsminne,4-2-3-1,,,,,,,,615319.0,A. Karlsson,RB,offensive_duel,False,False,,,False,,2761772343.0,,,,,,,,-6.095,57.0,9.0,,,,,,,,,,,,,,,,,,,
2761772344,5678949,2H,64,49,01:04:49.864,4079.864983,2761772345.0,,,,,,duel,"['defensive_duel', 'ground_duel', 'recovery', 'counterpressing_recovery']",43.0,91.0,6849,Jönköpings Södra,4-4-1,7055,Eskilsminne,4-2-3-1,615327,I. Ellbring,RW,,,,,,,,,,2761772730.0,6.137642,['throw_in'],7.0,3.0,29.0,0.0,65.0,28.0,7055.0,Eskilsminne,4-2-3-1,,,,,,,,338669.0,C. Ljungberg,AMF,defensive_duel,,,True,True,False,,2761772732.0,,,,,,,,,,,,,,,,,,,,,,,,,,,,,
2761772732,5678949,2H,64,49,01:04:49.864,4079.864983,2761772345.0,,,,,,duel,"['ground_duel', 'loss', 'offensive_duel']",57.0,9.0,7055,Eskilsminne,4-2-3-1,6849,Jönköpings Södra,4-4-1,338669,C. Ljungberg,AMF,,,,,,,,,,2761772730.0,6.137642,['throw_in'],7.0,4.0,29.0,0.0,65.0,28.0,7055.0,Eskilsminne,4-2-3-1,,,,,,,,615327.0,I. Ellbring,RW,offensive_duel,False,False,,,False,,2761772344.0,,,,,,,,,,,,,,,,,,,,,,,,,,,,,
2761772345,5678949,2H,64,51,01:04:51.470,4081.470561,2761772734.0,,,,,,pass,"['loss', 'short_or_medium_pass']",53.0,94.0,6849,Jönköpings Södra,4-4-1,7055,Eskilsminne,4-2-3-1,51830,D. Kozica,RCMF,False,45.0,,2.0,51079.0,L. Ohlander,LB,54.0,96.0,2761772730.0,6.137642,['throw_in'],7.0,5.0,29.0,0.0,65.0,28.0,7055.0,Eskilsminne,4-2-3-1,,,,,,,,,,,,,,,,,,,,,,,,,,,,,,,,,,,,,,,,,,,,,,,
2761772734,5678949,2H,64,52,01:04:52.489,4082.489476,2761772348.0,,,,,,interception,"['loss', 'recovery', 'counterpressing_recovery']",46.0,4.0,7055,Eskilsminne,4-2-3-1,6849,Jönköpings Södra,4-4-1,51079,L. Ohlander,LB,,,,,,,,,,2761772730.0,6.137642,['throw_in'],7.0,6.0,29.0,0.0,65.0,28.0,7055.0,Eskilsminne,4-2-3-1,,,,,,,,,,,,,,,,,,,,,,,,,,,,,,,,,,,,,,,,,,,,,,,
2761772347,5678949,2H,64,54,01:04:54.875,4084.875732,2761772348.0,,,,,,touch,"['progressive_run', 'carry']",35.0,72.0,6849,Jönköpings Södra,4-4-1,7055,Eskilsminne,4-2-3-1,558236,L. Eek,LCB,,,,,,,,,,2761772347.0,6.723875,[],5.0,0.0,35.0,72.0,62.0,41.0,6849.0,Jönköpings Södra,4-4-1,,,,,,,,,,,,,,,,,,,,,,,,,,21.53,54.0,53.0,,,,,,,,,,,,,,,,,,,
2761772348,5678949,2H,64,59,01:04:59.362,4089.362445,2761772350.0,,,,,,pass,"['lateral_pass', 'short_or_medium_pass']",54.0,53.0,6849,Jönköpings Södra,4-4-1,7055,Eskilsminne,4-2-3-1,558236,L. Eek,LCB,True,-60.0,,17.0,674204.0,F. Benatallah,LW,62.0,32.0,2761772347.0,6.723875,[],5.0,1.0,35.0,72.0,62.0,41.0,6849.0,Jönköpings Södra,4-4-1,,,,,,,,,,,,,,,,,,,,,,,,,,,,,,,,,,,,,,,,,,,,,,,
2761772350,5678949,2H,65,0,01:05:00.188,4090.188444,2761772739.0,,,,,,duel,"['foul_suffered', 'ground_duel', 'loss', 'offensive_duel']",62.0,32.0,6849,Jönköpings Södra,4-4-1,7055,Eskilsminne,4-2-3-1,674204,F. Benatallah,LW,,,,,,,,,,2761772347.0,6.723875,[],5.0,2.0,35.0,72.0,62.0,41.0,6849.0,Jönköpings Södra,4-4-1,,,,,,,,813232.0,J. Albin,RB,offensive_duel,True,True,,,False,,2761772737.0,,,,,,,,,,,,,,,,,,,,,,,,,,,,,
2761772737,5678949,2H,65,0,01:05:00.188,4090.188444,2761772739.0,,,,,,duel,"['defensive_duel', 'ground_duel']",38.0,68.0,7055,Eskilsminne,4-2-3-1,6849,Jönköpings Södra,4-4-1,813232,J. Albin,RB,,,,,,,,,,2761772347.0,6.723875,[],5.0,3.0,35.0,72.0,62.0,41.0,6849.0,Jönköpings Södra,4-4-1,,,,,,,,674204.0,F. Benatallah,LW,defensive_duel,,,False,False,False,,2761772350.0,,,,,,,,,,,,,,,,,,,,,,,,,,,,,
2761772739,5678949,2H,65,3,01:05:03.010,4093.01077,2761772350.0,,,,,,infraction,['foul'],38.0,59.0,7055,Eskilsminne,4-2-3-1,6849,Jönköpings Södra,4-4-1,813232,J. Albin,RB,,,,,,,,,,2761772347.0,6.723875,[],5.0,4.0,35.0,72.0,62.0,41.0,6849.0,Jönköpings Södra,4-4-1,,,,,,,,,,,,,,,,,,,False,False,regular_foul,674204.0,F. Benatallah,LW,,,,,,,,,,,,,,,,,,,,,,,
2761772353,5678949,2H,65,29,01:05:29.251,4119.251333,2761772355.0,,,,,,free_kick,"['free_kick_cross', 'shot_assist']",62.0,40.0,6849,Jönköpings Södra,4-4-1,7055,Eskilsminne,4-2-3-1,51830,D. Kozica,RCMF,True,32.0,high,36.0,613701.0,H. Lyck,RCB,91.0,67.0,2761772353.0,1.594168,"['set_piece_attack', 'attack', 'free_kick', 'free_kick_cross']",4.0,0.0,62.0,40.0,91.0,66.0,6849.0,Jönköpings Södra,4-4-1,,,True,True,False,center,0.122,,,,,,,,,,,,,,,,,,,,,,,,,,,,,,,,,,,,,,,,
2761772355,5678949,2H,65,30,01:05:30.207,4120.20776,2761772356.0,,,,,,duel,['aerial_duel'],91.0,67.0,6849,Jönköpings Södra,4-4-1,7055,Eskilsminne,4-2-3-1,613701,H. Lyck,RCB,,,,,,,,,,2761772353.0,1.594168,"['set_piece_attack', 'attack', 'free_kick', 'free_kick_cross']",4.0,1.0,62.0,40.0,91.0,66.0,6849.0,Jönköpings Södra,4-4-1,,,True,True,False,center,0.122,,,,,,,,,,,,,,,,,,,,,,,,,,,,,,,,338669.0,C. Ljungberg,AMF,184.0,True,0.0,2761772741.0,,
2761772741,5678949,2H,65,30,01:05:30.207,4120.20776,2761772356.0,,,,,,duel,['aerial_duel'],9.0,33.0,7055,Eskilsminne,4-2-3-1,6849,Jönköpings Södra,4-4-1,338669,C. Ljungberg,AMF,,,,,,,,,,2761772353.0,1.594168,"['set_piece_attack', 'attack', 'free_kick', 'free_kick_cross']",4.0,2.0,62.0,40.0,91.0,66.0,6849.0,Jönköpings Södra,4-4-1,,,True,True,False,center,0.122,,,,,,,,,,,,,,,,,,,,,,,,,,,,,,,,613701.0,H. Lyck,RCB,0.0,False,184.0,2761772355.0,,
2761772356,5678949,2H,65,31,01:05:31.483,4121.483242,,,,,,,shot,"['head_shot', 'opportunity', 'shot_after_free_kick', 'touch_in_box']",91.0,66.0,6849,Jönköpings Södra,4-4-1,7055,Eskilsminne,4-2-3-1,613701,H. Lyck,RCB,,,,,,,,,,2761772353.0,1.594168,"['set_piece_attack', 'attack', 'free_kick', 'free_kick_cross']",4.0,3.0,62.0,40.0,91.0,66.0,6849.0,Jönköpings Södra,4-4-1,,,True,True,False,center,0.122,,,,,,,,,,,,,,,,,,,,,,head_or_other,False,True,gbr,0.122,0.2769,2761772743.0,693887.0,H. Pauli,,,,,,,,,,
2761772743,5678949,2H,65,33,01:05:33.001,4123.001586,2761772356.0,,,,,,shot_against,"['save', 'save_with_reflex']",3.0,46.0,7055,Eskilsminne,4-2-3-1,6849,Jönköpings Södra,4-4-1,693887,H. Pauli,GK,,,,,,,,,,,,,,,,,,,,,,,,,,,,,,,,,,,,,,,,,,,,,,,,,,,,,,,,,,,,,,,,,,,,
2761772360,5678949,2H,65,52,01:05:52.598,4142.598038,2761772361.0,,,,,,duel,['loose_ball_duel'],57.0,80.0,6849,Jönköpings Södra,4-4-1,7055,Eskilsminne,4-2-3-1,0,,,,,,,,,,,,,,,,,,,,,,,,,,,,,,,,,,,,,,,,,,,,,,,,,,,,,,,,,,,,,,,,,,,,,,
2761772744,5678949,2H,65,52,01:05:52.598,4142.598038,2761772361.0,,,,,,duel,"['foul_suffered', 'loose_ball_duel']",43.0,20.0,7055,Eskilsminne,4-2-3-1,6849,Jönköpings Södra,4-4-1,807610,T. Bermudez,CF,,,,,,,,,,,,,,,,,,,,,,,,,,,,,,,,,,,,,,,,,,,,,,,,,,,,,,,,,,,,,,,,,,,,
2761772361,5678949,2H,65,54,01:05:54.259,4144.25975,2761772744.0,,,,,,infraction,['foul'],62.0,80.0,6849,Jönköpings Södra,4-4-1,7055,Eskilsminne,4-2-3-1,0,,,,,,,,,,,,,,,,,,,,,,,,,,,,,,,,,,,,,,,,,,False,False,regular_foul,807610.0,T. Bermudez,CF,,,,,,,,,,,,,,,,,,,,,,,
2761772985,5678949,2H,66,5,01:06:05.844,4155.844449,2761772745.0,,,,,,free_kick,[],44.0,15.0,7055,Eskilsminne,4-2-3-1,6849,Jönköpings Södra,4-4-1,51079,L. Ohlander,LB,True,14.0,,25.0,338669.0,C. Ljungberg,AMF,67.0,24.0,2761772985.0,8.638207,"['set_piece_attack', 'attack', 'free_kick']",5.0,0.0,44.0,15.0,86.0,0.0,7055.0,Eskilsminne,4-2-3-1,,,False,False,False,left,0.0,,,,,,,,,,,,,,,,,,,,,,,,,,,,,,,,,,,,,,,,
2761772745,5678949,2H,66,8,01:06:08.333,4158.333955,2761772746.0,,,,,,pass,"['forward_pass', 'progressive_pass', 'short_or_medium_pass']",67.0,24.0,7055,Eskilsminne,4-2-3-1,6849,Jönköpings Södra,4-4-1,338669,C. Ljungberg,AMF,True,-20.0,,29.0,807610.0,T. Bermudez,CF,93.0,9.0,2761772985.0,8.638207,"['set_piece_attack', 'attack', 'free_kick']",5.0,1.0,44.0,15.0,86.0,0.0,7055.0,Eskilsminne,4-2-3-1,,,False,False,False,left,0.0,,,,,,,,,,,,,,,,,,,,,,,,,,,,,,,,,,,,,,,,
2761772363,5678949,2H,66,13,01:06:13.238,4163.238872,2761772366.0,,,,,,duel,"['defensive_duel', 'ground_duel']",7.0,91.0,6849,Jönköpings Södra,4-4-1,7055,Eskilsminne,4-2-3-1,558236,L. Eek,LCB,,,,,,,,,,2761772985.0,8.638207,"['set_piece_attack', 'attack', 'free_kick']",5.0,2.0,44.0,15.0,86.0,0.0,7055.0,Eskilsminne,4-2-3-1,,,False,False,False,left,0.0,807610.0,T. Bermudez,CF,defensive_duel,,,True,False,False,,2761772746.0,,,,,,,,,,,,,,,,,,,,,,,,,,,,,
2761772746,5678949,2H,66,13,01:06:13.238,4163.238872,2761772366.0,,,,,,duel,"['ground_duel', 'offensive_duel']",93.0,9.0,7055,Eskilsminne,4-2-3-1,6849,Jönköpings Södra,4-4-1,807610,T. Bermudez,CF,,,,,,,,,,2761772985.0,8.638207,"['set_piece_attack', 'attack', 'free_kick']",5.0,3.0,44.0,15.0,86.0,0.0,7055.0,Eskilsminne,4-2-3-1,,,False,False,False,left,0.0,558236.0,L. Eek,LCB,offensive_duel,False,False,,,False,,2761772363.0,,,,,,,,,,,,,,,,,,,,,,,,,,,,,
2761772364,5678949,2H,66,15,01:06:15.726,4165.72644,,,,,,,game_interruption,['ball_out'],14.0,100.0,6849,Jönköpings Södra,4-4-1,7055,Eskilsminne,4-2-3-1,0,,,,,,,,,,,,2761772985.0,8.638207,"['set_piece_attack', 'attack', 'free_kick']",5.0,4.0,44.0,15.0,86.0,0.0,7055.0,Eskilsminne,4-2-3-1,,,False,False,False,left,0.0,,,,,,,,,,,,,,,,,,,,,,,,,,,,,,,,,,,,,,,,
2761772366,5678949,2H,66,25,01:06:25.504,4175.504917,2761772367.0,,,,,,throw_in,[],8.0,100.0,6849,Jönköpings Södra,4-4-1,7055,Eskilsminne,4-2-3-1,615319,A. Karlsson,RB,True,-61.0,,12.0,51830.0,D. Kozica,RCMF,13.0,84.0,2761772366.0,40.713318,"['attack', 'throw_in']",19.0,0.0,8.0,100.0,73.0,64.0,6849.0,Jönköpings Södra,4-4-1,,,True,False,False,center,0.0161,,,,,,,,,,,,,,,,,,,,,,,,,,,,,,,,,,,,,,,,
2761772367,5678949,2H,66,26,01:06:26.752,4176.752318,2761772369.0,,,,,,pass,['short_or_medium_pass'],13.0,84.0,6849,Jönköpings Södra,4-4-1,7055,Eskilsminne,4-2-3-1,51830,D. Kozica,RCMF,True,83.0,,8.0,615319.0,A. Karlsson,RB,14.0,95.0,2761772366.0,40.713318,"['attack', 'throw_in']",19.0,1.0,8.0,100.0,73.0,64.0,6849.0,Jönköpings Södra,4-4-1,,,True,False,False,center,0.0161,,,,,,,,,,,,,,,,,,,,,,,,,,,,,,,,,,,,,,,,
2761772369,5678949,2H,66,28,01:06:28.526,4178.526024,2761772371.0,,,,,,pass,"['forward_pass', 'long_pass']",14.0,95.0,6849,Jönköpings Södra,4-4-1,7055,Eskilsminne,4-2-3-1,615319,A. Karlsson,RB,True,-21.0,high,26.0,1060409.0,L. Lyck,CF,37.0,82.0,2761772366.0,40.713318,"['attack', 'throw_in']",19.0,2.0,8.0,100.0,73.0,64.0,6849.0,Jönköpings Södra,4-4-1,,,True,False,False,center,0.0161,,,,,,,,,,,,,,,,,,,,,,,,,,,,,,,,,,,,,,,,
2761772371,5678949,2H,66,30,01:06:30.725,4180.72527,2761772373.0,,,,,,duel,"['aerial_duel', 'loss']",37.0,82.0,6849,Jönköpings Södra,4-4-1,7055,Eskilsminne,4-2-3-1,1060409,L. Lyck,CF,,,,,,,,,,2761772366.0,40.713318,"['attack', 'throw_in']",19.0,3.0,8.0,100.0,73.0,64.0,6849.0,Jönköpings Södra,4-4-1,,,True,False,False,center,0.0161,,,,,,,,,,,,,,,,,,,,,,,,,,,,,,,,566323.0,F. Velander,LCB,184.0,False,0.0,2761772747.0,,
2761772747,5678949,2H,66,30,01:06:30.725,4180.72527,2761772373.0,,,,,,duel,"['aerial_duel', 'loss', 'recovery']",63.0,18.0,7055,Eskilsminne,4-2-3-1,6849,Jönköpings Södra,4-4-1,566323,F. Velander,LCB,,,,,,,,,,2761772366.0,40.713318,"['attack', 'throw_in']",19.0,4.0,8.0,100.0,73.0,64.0,6849.0,Jönköpings Södra,4-4-1,,,True,False,False,center,0.0161,,,,,,,,,,,,,,,,,,,,,,,,,,,,,,,,1060409.0,L. Lyck,CF,0.0,True,184.0,2761772371.0,,
2761772373,5678949,2H,66,33,01:06:33.240,4183.240823,2761772375.0,,,,,,pass,"['lateral_pass', 'recovery', 'counterpressing_recovery', 'short_or_medium_pass']",24.0,67.0,6849,Jönköpings Södra,4-4-1,7055,Eskilsminne,4-2-3-1,51830,D. Kozica,RCMF,True,-84.0,,18.0,558236.0,L. Eek,LCB,26.0,40.0,2761772366.0,40.713318,"['attack', 'throw_in']",19.0,5.0,8.0,100.0,73.0,64.0,6849.0,Jönköpings Södra,4-4-1,,,True,False,False,center,0.0161,,,,,,,,,,,,,,,,,,,,,,,,,,,,,,,,,,,,,,,,
2761772375,5678949,2H,66,34,01:06:34.676,4184.676212,2761772377.0,,,,,,touch,['carry'],26.0,40.0,6849,Jönköpings Södra,4-4-1,7055,Eskilsminne,4-2-3-1,558236,L. Eek,LCB,,,,,,,,,,2761772366.0,40.713318,"['attack', 'throw_in']",19.0,6.0,8.0,100.0,73.0,64.0,6849.0,Jönköpings Södra,4-4-1,,,True,False,False,center,0.0161,,,,,,,,,,,,,,,,,,,15.88,42.0,32.0,,,,,,,,,,,,,,,,,,,
2761772377,5678949,2H,66,43,01:06:43.968,4193.968971,2761772378.0,,,,,,pass,"['lateral_pass', 'short_or_medium_pass']",42.0,32.0,6849,Jönköpings Södra,4-4-1,7055,Eskilsminne,4-2-3-1,558236,L. Eek,LCB,True,119.0,,26.0,613701.0,H. Lyck,RCB,30.0,65.0,2761772366.0,40.713318,"['attack', 'throw_in']",19.0,7.0,8.0,100.0,73.0,64.0,6849.0,Jönköpings Södra,4-4-1,,,True,False,False,center,0.0161,,,,,,,,,,,,,,,,,,,,,,,,,,,,,,,,,,,,,,,,
2761772378,5678949,2H,66,47,01:06:47.154,4197.154099,2761772380.0,,,,,,pass,"['forward_pass', 'short_or_medium_pass']",30.0,65.0,6849,Jönköpings Södra,4-4-1,7055,Eskilsminne,4-2-3-1,613701,H. Lyck,RCB,True,45.0,,12.0,51830.0,D. Kozica,RCMF,38.0,77.0,2761772366.0,40.713318,"['attack', 'throw_in']",19.0,8.0,8.0,100.0,73.0,64.0,6849.0,Jönköpings Södra,4-4-1,,,True,False,False,center,0.0161,,,,,,,,,,,,,,,,,,,,,,,,,,,,,,,,,,,,,,,,
2761772380,5678949,2H,66,52,01:06:52.268,4202.268664,2761772382.0,,,,,,pass,['short_or_medium_pass'],38.0,77.0,6849,Jönköpings Södra,4-4-1,7055,Eskilsminne,4-2-3-1,51830,D. Kozica,RCMF,True,-45.0,,9.0,613701.0,H. Lyck,RCB,44.0,67.0,2761772366.0,40.713318,"['attack', 'throw_in']",19.0,9.0,8.0,100.0,73.0,64.0,6849.0,Jönköpings Södra,4-4-1,,,True,False,False,center,0.0161,,,,,,,,,,,,,,,,,,,,,,,,,,,,,,,,,,,,,,,,
2761772382,5678949,2H,66,54,01:06:54.532,4204.532065,2761772384.0,,,,,,pass,"['forward_pass', 'progressive_pass', 'short_or_medium_pass']",44.0,67.0,6849,Jönköpings Södra,4-4-1,7055,Eskilsminne,4-2-3-1,613701,H. Lyck,RCB,True,25.0,,23.0,615327.0,I. Ellbring,RW,64.0,82.0,2761772366.0,40.713318,"['attack', 'throw_in']",19.0,10.0,8.0,100.0,73.0,64.0,6849.0,Jönköpings Södra,4-4-1,,,True,False,False,center,0.0161,,,,,,,,,,,,,,,,,,,,,,,,,,,,,,,,,,,,,,,,
2761772384,5678949,2H,66,58,01:06:58.907,4208.907307,2761772386.0,,,,,,pass,"['lateral_pass', 'pass_to_final_third', 'progressive_pass', 'short_or_medium_pass']",64.0,82.0,6849,Jönköpings Södra,4-4-1,7055,Eskilsminne,4-2-3-1,615327,I. Ellbring,RW,True,-53.0,,14.0,615319.0,A. Karlsson,RB,72.0,65.0,2761772366.0,40.713318,"['attack', 'throw_in']",19.0,11.0,8.0,100.0,73.0,64.0,6849.0,Jönköpings Södra,4-4-1,,,True,False,False,center,0.0161,,,,,,,,,,,,,,,,,,,,,,,,,,,,,,,,,,,,,,,,
2761772386,5678949,2H,66,59,01:06:59.734,4209.734948,2761772749.0,,,,,,duel,['loose_ball_duel'],72.0,65.0,6849,Jönköpings Södra,4-4-1,7055,Eskilsminne,4-2-3-1,615319,A. Karlsson,RB,,,,,,,,,,2761772366.0,40.713318,"['attack', 'throw_in']",19.0,12.0,8.0,100.0,73.0,64.0,6849.0,Jönköpings Södra,4-4-1,,,True,False,False,center,0.0161,,,,,,,,,,,,,,,,,,,,,,,,,,,,,,,,,,,,,,,,
2761772748,5678949,2H,66,59,01:06:59.734,4209.734948,2761772749.0,,,,,,duel,"['loose_ball_duel', 'recovery']",28.0,35.0,7055,Eskilsminne,4-2-3-1,6849,Jönköpings Södra,4-4-1,566323,F. Velander,LCB,,,,,,,,,,2761772366.0,40.713318,"['attack', 'throw_in']",19.0,13.0,8.0,100.0,73.0,64.0,6849.0,Jönköpings Södra,4-4-1,,,True,False,False,center,0.0161,,,,,,,,,,,,,,,,,,,,,,,,,,,,,,,,,,,,,,,,
2761772749,5678949,2H,67,1,01:07:01.305,4211.305064,2761772750.0,,,,,,pass,"['lateral_pass', 'short_or_medium_pass']",33.0,18.0,7055,Eskilsminne,4-2-3-1,6849,Jönköpings Södra,4-4-1,989684,M. Larsson,LAMF,True,90.0,,13.0,493674.0,C. Seger,RDMF,33.0,37.0,2761772366.0,40.713318,"['attack', 'throw_in']",19.0,14.0,8.0,100.0,73.0,64.0,6849.0,Jönköpings Södra,4-4-1,,,True,False,False,center,0.0161,,,,,,,,,,,,,,,,,,,,,,,,,,,,,,,,,,,,,,,,
2761772750,5678949,2H,67,2,01:07:02.537,4212.537489,2761772388.0,,,,,,pass,"['loss', 'progressive_pass', 'short_or_medium_pass']",33.0,37.0,7055,Eskilsminne,4-2-3-1,6849,Jönköpings Södra,4-4-1,493674,C. Seger,RDMF,False,-117.0,,2.0,615327.0,I. Ellbring,RW,32.0,34.0,2761772366.0,40.713318,"['attack', 'throw_in']",19.0,15.0,8.0,100.0,73.0,64.0,6849.0,Jönköpings Södra,4-4-1,,,True,False,False,center,0.0161,,,,,,,,,,,,,,,,,,,,,,,,,,,,,,,,,,,,,,,,
2761772388,5678949,2H,67,2,01:07:02.839,4212.839938,2761772389.0,,,,,,interception,"['recovery', 'counterpressing_recovery']",68.0,66.0,6849,Jönköpings Södra,4-4-1,7055,Eskilsminne,4-2-3-1,615327,I. Ellbring,RW,,,,,,,,,,2761772366.0,40.713318,"['attack', 'throw_in']",19.0,16.0,8.0,100.0,73.0,64.0,6849.0,Jönköpings Södra,4-4-1,,,True,False,False,center,0.0161,,,,,,,,,,,,,,,,,,,,,,,,,,,,,,,,,,,,,,,,
2761772389,5678949,2H,67,5,01:07:05.220,4215.220728,2761772390.0,,,,,,pass,"['lateral_pass', 'short_or_medium_pass', 'shot_assist']",73.0,45.0,6849,Jönköpings Södra,4-4-1,7055,Eskilsminne,4-2-3-1,674204,F. Benatallah,LW,True,90.0,,13.0,51830.0,D. Kozica,RCMF,73.0,64.0,2761772366.0,40.713318,"['attack', 'throw_in']",19.0,17.0,8.0,100.0,73.0,64.0,6849.0,Jönköpings Södra,4-4-1,,,True,False,False,center,0.0161,,,,,,,,,,,,,,,,,,,,,,,,,,,,,,,,,,,,,,,,
2761772390,5678949,2H,67,7,01:07:07.215,4217.215742,,,,,,,shot,['opportunity'],73.0,64.0,6849,Jönköpings Södra,4-4-1,7055,Eskilsminne,4-2-3-1,51830,D. Kozica,RCMF,,,,,,,,,,2761772366.0,40.713318,"['attack', 'throw_in']",19.0,18.0,8.0,100.0,73.0,64.0,6849.0,Jönköpings Södra,4-4-1,,,True,False,False,center,0.0161,,,,,,,,,,,,,,,,,,,,,,right_foot,False,False,ptr,0.01612,,,,,,,,,,,,,,
2761772393,5678949,2H,67,9,01:07:09.581,4219.581319,,,,,,,shot,"['head_shot', 'opportunity', 'touch_in_box']",88.0,43.0,6849,Jönköpings Södra,4-4-1,7055,Eskilsminne,4-2-3-1,615327,I. Ellbring,RW,,,,,,,,,,2761772393.0,0.0,['attack'],1.0,0.0,88.0,43.0,88.0,43.0,6849.0,Jönköpings Södra,4-4-1,,,True,False,False,center,0.2594,,,,,,,,,,,,,,,,,,,,,,head_or_other,False,False,obr,0.2594,,,,,,,,,,,,,,
2761772751,5678949,2H,67,17,01:07:17.331,4227.331916,2761772395.0,,,,,,pass,"['forward_pass', 'hand_pass', 'loss', 'progressive_pass', 'short_or_medium_pass']",10.0,47.0,7055,Eskilsminne,4-2-3-1,6849,Jönköpings Södra,4-4-1,693887,H. Pauli,GK,False,22.0,,38.0,558236.0,L. Eek,LCB,44.0,67.0,2761772751.0,17.173837,[],2.0,0.0,10.0,47.0,45.0,95.0,7055.0,Eskilsminne,4-2-3-1,,,,,,,,,,,,,,,,,,,,,,,,,,,,,,,,,,,,,,,,,,,,,,,
2761772395,5678949,2H,67,30,01:07:30.455,4240.455305,2761772397.0,,,,,,touch,[],56.0,33.0,6849,Jönköpings Södra,4-4-1,7055,Eskilsminne,4-2-3-1,558236,L. Eek,LCB,,,,,,,,,,2761772751.0,17.173837,[],2.0,1.0,10.0,47.0,45.0,95.0,7055.0,Eskilsminne,4-2-3-1,,,,,,,,,,,,,,,,,,,,,,,,,,,,,,,,,,,,,,,,,,,,,,,
2761772397,5678949,2H,67,38,01:07:38.556,4248.556201,2761772398.0,,,,,,pass,"['back_pass', 'recovery', 'short_or_medium_pass']",55.0,5.0,6849,Jönköpings Södra,4-4-1,7055,Eskilsminne,4-2-3-1,558236,L. Eek,LCB,True,144.0,,37.0,899727.0,A. Eriksson,GK,27.0,37.0,2761772397.0,26.1273745,['attack'],11.0,0.0,55.0,5.0,88.0,28.0,6849.0,Jönköpings Södra,4-4-1,,,False,False,False,left,0.0,,,,,,,,,,,,,,,,,,,,,,,,,,,,,,,,,,,,,,,,
2761772398,5678949,2H,67,48,01:07:48.707,4258.70755,2761772399.0,,,,,,pass,"['lateral_pass', 'short_or_medium_pass']",27.0,37.0,6849,Jönköpings Södra,4-4-1,7055,Eskilsminne,4-2-3-1,899727,A. Eriksson,GK,True,-52.0,,17.0,51830.0,D. Kozica,RCMF,36.0,17.0,2761772397.0,26.1273745,['attack'],11.0,1.0,55.0,5.0,88.0,28.0,6849.0,Jönköpings Södra,4-4-1,,,False,False,False,left,0.0,,,,,,,,,,,,,,,,,,,,,,,,,,,,,,,,,,,,,,,,
2761772399,5678949,2H,67,50,01:07:50.664,4260.664292,2761772403.0,,,,,,pass,['short_or_medium_pass'],36.0,17.0,6849,Jönköpings Södra,4-4-1,7055,Eskilsminne,4-2-3-1,51830,D. Kozica,RCMF,True,-67.0,,7.0,558236.0,L. Eek,LCB,39.0,8.0,2761772397.0,26.1273745,['attack'],11.0,2.0,55.0,5.0,88.0,28.0,6849.0,Jönköpings Södra,4-4-1,,,False,False,False,left,0.0,,,,,,,,,,,,,,,,,,,,,,,,,,,,,,,,,,,,,,,,
2761772403,5678949,2H,67,52,01:07:52.700,4262.700474,2761772404.0,,,,,,pass,"['forward_pass', 'progressive_pass', 'short_or_medium_pass']",39.0,8.0,6849,Jönköpings Södra,4-4-1,7055,Eskilsminne,4-2-3-1,558236,L. Eek,LCB,True,5.0,,21.0,692804.0,O. Almström,LB,59.0,10.0,2761772397.0,26.1273745,['attack'],11.0,3.0,55.0,5.0,88.0,28.0,6849.0,Jönköpings Södra,4-4-1,,,False,False,False,left,0.0,,,,,,,,,,,,,,,,,,,,,,,,,,,,,,,,,,,,,,,,
2761772404,5678949,2H,67,53,01:07:53.597,4263.59725,2761772406.0,,,,,,duel,"['ground_duel', 'offensive_duel']",59.0,10.0,6849,Jönköpings Södra,4-4-1,7055,Eskilsminne,4-2-3-1,692804,O. Almström,LB,,,,,,,,,,2761772397.0,26.1273745,['attack'],11.0,4.0,55.0,5.0,88.0,28.0,6849.0,Jönköpings Södra,4-4-1,,,False,False,False,left,0.0,615876.0,E. Hintsa,RAMF,offensive_duel,True,False,,,False,,2761772756.0,,,,,,,,,,,,,,,,,,,,,,,,,,,,,
2761772756,5678949,2H,67,53,01:07:53.597,4263.59725,2761772406.0,,,,,,duel,"['defensive_duel', 'ground_duel']",41.0,90.0,7055,Eskilsminne,4-2-3-1,6849,Jönköpings Södra,4-4-1,615876,E. Hintsa,RAMF,,,,,,,,,,2761772397.0,26.1273745,['attack'],11.0,5.0,55.0,5.0,88.0,28.0,6849.0,Jönköpings Södra,4-4-1,,,False,False,False,left,0.0,692804.0,O. Almström,LB,defensive_duel,,,True,False,False,,2761772404.0,,,,,,,,,,,,,,,,,,,,,,,,,,,,,
2761772406,5678949,2H,67,55,01:07:55.210,4265.210687,2761772409.0,,,,,,pass,['short_or_medium_pass'],69.0,15.0,6849,Jönköpings Södra,4-4-1,7055,Eskilsminne,4-2-3-1,674204,F. Benatallah,LW,True,-126.0,,9.0,692804.0,O. Almström,LB,64.0,5.0,2761772397.0,26.1273745,['attack'],11.0,6.0,55.0,5.0,88.0,28.0,6849.0,Jönköpings Södra,4-4-1,,,False,False,False,left,0.0,,,,,,,,,,,,,,,,,,,,,,,,,,,,,,,,,,,,,,,,
2761772409,5678949,2H,67,56,01:07:56.007,4266.007826,2761772412.0,,,,,,acceleration,"['progressive_run', 'carry']",64.0,5.0,6849,Jönköpings Södra,4-4-1,7055,Eskilsminne,4-2-3-1,692804,O. Almström,LB,,,,,,,,,,2761772397.0,26.1273745,['attack'],11.0,7.0,55.0,5.0,88.0,28.0,6849.0,Jönköpings Södra,4-4-1,,,False,False,False,left,0.0,,,,,,,,,,,,,,,,,,,29.8,90.0,27.0,,,,,,,,,,,,,,,,,,,
2761772412,5678949,2H,68,0,01:08:00.465,4270.46561,2761772765.0,,,,,,duel,"['foul_suffered', 'ground_duel', 'loss', 'offensive_duel']",90.0,27.0,6849,Jönköpings Södra,4-4-1,7055,Eskilsminne,4-2-3-1,692804,O. Almström,LB,,,,,,,,,,2761772397.0,26.1273745,['attack'],11.0,8.0,55.0,5.0,88.0,28.0,6849.0,Jönköpings Södra,4-4-1,,,False,False,False,left,0.0,739449.0,L. Larsen,RCB,offensive_duel,True,True,,,False,,2761772763.0,,,,,,,,,,,,,,,,,,,,,,,,,,,,,
2761772763,5678949,2H,68,0,01:08:00.465,4270.46561,2761772765.0,,,,,,duel,"['defensive_duel', 'ground_duel']",10.0,73.0,7055,Eskilsminne,4-2-3-1,6849,Jönköpings Södra,4-4-1,739449,L. Larsen,RCB,,,,,,,,,,2761772397.0,26.1273745,['attack'],11.0,9.0,55.0,5.0,88.0,28.0,6849.0,Jönköpings Södra,4-4-1,,,False,False,False,left,0.0,692804.0,O. Almström,LB,defensive_duel,,,False,False,False,,2761772412.0,,,,,,,,,,,,,,,,,,,,,,,,,,,,,
2761772765,5678949,2H,68,8,01:08:08.901,4278.901541,2761772412.0,,,,,,infraction,"['foul', 'penalty_foul']",12.0,72.0,7055,Eskilsminne,4-2-3-1,6849,Jönköpings Södra,4-4-1,739449,L. Larsen,RCB,,,,,,,,,,2761772397.0,26.1273745,['attack'],11.0,10.0,55.0,5.0,88.0,28.0,6849.0,Jönköpings Södra,4-4-1,,,False,False,False,left,0.0,,,,,,,,,,,,False,False,regular_foul,692804.0,O. Almström,LB,,,,,,,,,,,,,,,,,,,,,,,
2761772414,5678949,2H,68,50,01:08:50.765,4320.765675,2761772765.0,,,,,,penalty,['shot'],90.0,50.0,6849,Jönköpings Södra,4-4-1,7055,Eskilsminne,4-2-3-1,1060409,L. Lyck,CF,,,,,,,,,,,,,,,,,,,,,,,,,,,,,,,,,,,,,,,,,,,,,,,,,,left_foot,False,False,ol,0.76,,,,,,,,,,,,,,
2761772415,5678949,2H,68,51,01:08:51.913,4321.913408,,,,,,,game_interruption,['ball_out'],100.0,41.0,6849,Jönköpings Södra,4-4-1,7055,Eskilsminne,4-2-3-1,0,,,,,,,,,,,,,,,,,,,,,,,,,,,,,,,,,,,,,,,,,,,,,,,,,,,,,,,,,,,,,,,,,,,,,,
2761772775,5678949,2H,69,18,01:09:18.339,4348.339946,2761772416.0,,,,,,goal_kick,[],0.0,49.0,7055,Eskilsminne,4-2-3-1,6849,Jönköpings Södra,4-4-1,693887,H. Pauli,GK,False,6.0,,53.0,51830.0,D. Kozica,RCMF,55.0,57.0,2761772775.0,8.2952465,"['set_piece_attack', 'free_kick']",5.0,0.0,0.0,49.0,79.0,62.0,7055.0,Eskilsminne,4-2-3-1,,,,,,,,,,,,,,,,,,,,,,,,,,,,,,,,,,,,,,,,,,,,,,,
2761772416,5678949,2H,69,21,01:09:21.002,4351.002104,2761772779.0,,,,,,touch,[],45.0,43.0,6849,Jönköpings Södra,4-4-1,7055,Eskilsminne,4-2-3-1,51830,D. Kozica,RCMF,,,,,,,,,,2761772775.0,8.2952465,"['set_piece_attack', 'free_kick']",5.0,1.0,0.0,49.0,79.0,62.0,7055.0,Eskilsminne,4-2-3-1,,,,,,,,,,,,,,,,,,,,,,,,,,,,,,,,,,,,,,,,,,,,,,,
2761772779,5678949,2H,69,23,01:09:23.386,4353.386545,2761772788.0,,,,,,pass,"['forward_pass', 'long_pass', 'pass_to_final_third', 'progressive_pass']",52.0,58.0,7055,Eskilsminne,4-2-3-1,6849,Jönköpings Södra,4-4-1,338669,C. Ljungberg,AMF,True,11.0,high,27.0,615876.0,E. Hintsa,RAMF,77.0,64.0,2761772775.0,8.2952465,"['set_piece_attack', 'free_kick']",5.0,2.0,0.0,49.0,79.0,62.0,7055.0,Eskilsminne,4-2-3-1,,,,,,,,,,,,,,,,,,,,,,,,,,,,,,,,,,,,,,,,,,,,,,,
2761772788,5678949,2H,69,25,01:09:25.649,4355.649405,2761772790.0,,,,,,touch,[],77.0,64.0,7055,Eskilsminne,4-2-3-1,6849,Jönköpings Södra,4-4-1,615876,E. Hintsa,RAMF,,,,,,,,,,2761772775.0,8.2952465,"['set_piece_attack', 'free_kick']",5.0,3.0,0.0,49.0,79.0,62.0,7055.0,Eskilsminne,4-2-3-1,,,,,,,,,,,,,,,,,,,,,,,,,,,,,,,,,,,,,,,,,,,,,,,
2761772790,5678949,2H,69,27,01:09:27.620,4357.62098,,,,,,,infraction,['foul'],79.0,62.0,7055,Eskilsminne,4-2-3-1,6849,Jönköpings Södra,4-4-1,615876,E. Hintsa,RAMF,,,,,,,,,,2761772775.0,8.2952465,"['set_piece_attack', 'free_kick']",5.0,4.0,0.0,49.0,79.0,62.0,7055.0,Eskilsminne,4-2-3-1,,,,,,,,,,,,,,,,,,,False,False,hand_foul,,,,,,,,,,,,,,,,,,,,,,,,,,
2761772417,5678949,2H,69,31,01:09:31.661,4361.661796,2761772796.0,,,,,,free_kick,[],20.0,38.0,6849,Jönköpings Södra,4-4-1,7055,Eskilsminne,4-2-3-1,558236,L. Eek,LCB,False,-69.0,,17.0,517376.0,H. Norrby,LCMF,26.0,14.0,2761772417.0,35.5025385,"['set_piece_attack', 'free_kick']",15.0,0.0,20.0,38.0,67.0,80.0,6849.0,Jönköpings Södra,4-4-1,,,,,,,,,,,,,,,,,,,,,,,,,,,,,,,,,,,,,,,,,,,,,,,
2761772796,5678949,2H,69,32,01:09:32.896,4362.896237,2761772800.0,,,,,,interception,"['recovery', 'counterpressing_recovery']",74.0,86.0,7055,Eskilsminne,4-2-3-1,6849,Jönköpings Södra,4-4-1,517376,H. Norrby,LDMF,,,,,,,,,,2761772417.0,35.5025385,"['set_piece_attack', 'free_kick']",15.0,1.0,20.0,38.0,67.0,80.0,6849.0,Jönköpings Södra,4-4-1,,,,,,,,,,,,,,,,,,,,,,,,,,,,,,,,,,,,,,,,,,,,,,,
2761772800,5678949,2H,69,35,01:09:35.907,4365.907909,2761772418.0,,,,,,pass,"['loss', 'short_or_medium_pass']",91.0,92.0,7055,Eskilsminne,4-2-3-1,6849,Jönköpings Södra,4-4-1,517376,H. Norrby,LDMF,False,-90.0,,4.0,812471.0,A. Eriksson,LCMF,91.0,86.0,2761772417.0,35.5025385,"['set_piece_attack', 'free_kick']",15.0,2.0,20.0,38.0,67.0,80.0,6849.0,Jönköpings Södra,4-4-1,,,,,,,,,,,,,,,,,,,,,,,,,,,,,,,,,,,,,,,,,,,,,,,
2761772418,5678949,2H,69,36,01:09:36.253,4366.253042,2761772419.0,,,,,,interception,"['recovery', 'counterpressing_recovery']",9.0,14.0,6849,Jönköpings Södra,4-4-1,7055,Eskilsminne,4-2-3-1,812471,A. Eriksson,LCMF,,,,,,,,,,2761772417.0,35.5025385,"['set_piece_attack', 'free_kick']",15.0,3.0,20.0,38.0,67.0,80.0,6849.0,Jönköpings Södra,4-4-1,,,,,,,,,,,,,,,,,,,,,,,,,,,,,,,,,,,,,,,,,,,,,,,
2761772419,5678949,2H,69,38,01:09:38.143,4368.143537,2761772420.0,,,,,,pass,"['forward_pass', 'short_or_medium_pass']",9.0,27.0,6849,Jönköpings Södra,4-4-1,7055,Eskilsminne,4-2-3-1,692804,O. Almström,LB,True,-38.0,,11.0,812471.0,A. Eriksson,LCMF,17.0,16.0,2761772417.0,35.5025385,"['set_piece_attack', 'free_kick']",15.0,4.0,20.0,38.0,67.0,80.0,6849.0,Jönköpings Södra,4-4-1,,,,,,,,,,,,,,,,,,,,,,,,,,,,,,,,,,,,,,,,,,,,,,,
2761772420,5678949,2H,69,39,01:09:39.245,4369.245421,2761772422.0,,,,,,pass,['short_or_medium_pass'],17.0,16.0,6849,Jönköpings Södra,4-4-1,7055,Eskilsminne,4-2-3-1,812471,A. Eriksson,LCMF,True,58.0,,10.0,51830.0,D. Kozica,RCMF,22.0,28.0,2761772417.0,35.5025385,"['set_piece_attack', 'free_kick']",15.0,5.0,20.0,38.0,67.0,80.0,6849.0,Jönköpings Södra,4-4-1,,,,,,,,,,,,,,,,,,,,,,,,,,,,,,,,,,,,,,,,,,,,,,,
2761772422,5678949,2H,69,39,01:09:39.803,4369.803203,2761772423.0,,,,,,touch,['carry'],22.0,28.0,6849,Jönköpings Södra,4-4-1,7055,Eskilsminne,4-2-3-1,51830,D. Kozica,RCMF,,,,,,,,,,2761772417.0,35.5025385,"['set_piece_attack', 'free_kick']",15.0,6.0,20.0,38.0,67.0,80.0,6849.0,Jönköpings Södra,4-4-1,,,,,,,,,,,,,,,,,,,,,,,,,,14.82,36.0,31.0,,,,,,,,,,,,,,,,,,,
2761772423,5678949,2H,69,43,01:09:43.329,4373.329454,2761772424.0,,,,,,pass,"['lateral_pass', 'short_or_medium_pass']",36.0,31.0,6849,Jönköpings Södra,4-4-1,7055,Eskilsminne,4-2-3-1,51830,D. Kozica,RCMF,True,131.0,,21.0,613701.0,H. Lyck,RCB,23.0,55.0,2761772417.0,35.5025385,"['set_piece_attack', 'free_kick']",15.0,7.0,20.0,38.0,67.0,80.0,6849.0,Jönköpings Södra,4-4-1,,,,,,,,,,,,,,,,,,,,,,,,,,,,,,,,,,,,,,,,,,,,,,,
2761772424,5678949,2H,69,45,01:09:45.498,4375.498561,2761772425.0,,,,,,pass,"['forward_pass', 'short_or_medium_pass']",23.0,55.0,6849,Jönköpings Södra,4-4-1,7055,Eskilsminne,4-2-3-1,613701,H. Lyck,RCB,True,9.0,,13.0,51830.0,D. Kozica,RCMF,35.0,57.0,2761772417.0,35.5025385,"['set_piece_attack', 'free_kick']",15.0,8.0,20.0,38.0,67.0,80.0,6849.0,Jönköpings Södra,4-4-1,,,,,,,,,,,,,,,,,,,,,,,,,,,,,,,,,,,,,,,,,,,,,,,
2761772425,5678949,2H,69,46,01:09:46.711,4376.711054,2761772426.0,,,,,,pass,"['lateral_pass', 'short_or_medium_pass']",35.0,57.0,6849,Jönköpings Södra,4-4-1,7055,Eskilsminne,4-2-3-1,51830,D. Kozica,RCMF,True,107.0,,14.0,615319.0,A. Karlsson,RB,31.0,76.0,2761772417.0,35.5025385,"['set_piece_attack', 'free_kick']",15.0,9.0,20.0,38.0,67.0,80.0,6849.0,Jönköpings Södra,4-4-1,,,,,,,,,,,,,,,,,,,,,,,,,,,,,,,,,,,,,,,,,,,,,,,
2761772426,5678949,2H,69,49,01:09:49.623,4379.623165,2761772428.0,,,,,,pass,"['lateral_pass', 'short_or_medium_pass']",31.0,76.0,6849,Jönköpings Södra,4-4-1,7055,Eskilsminne,4-2-3-1,615319,A. Karlsson,RB,True,61.0,,13.0,615327.0,I. Ellbring,RW,37.0,93.0,2761772417.0,35.5025385,"['set_piece_attack', 'free_kick']",15.0,10.0,20.0,38.0,67.0,80.0,6849.0,Jönköpings Södra,4-4-1,,,,,,,,,,,,,,,,,,,,,,,,,,,,,,,,,,,,,,,,,,,,,,,
2761772428,5678949,2H,69,52,01:09:52.332,4382.332125,2761772430.0,,,,,,pass,"['back_pass', 'short_or_medium_pass']",37.0,93.0,6849,Jönköpings Södra,4-4-1,7055,Eskilsminne,4-2-3-1,615327,I. Ellbring,RW,True,-168.0,,24.0,613701.0,H. Lyck,RCB,15.0,85.0,2761772417.0,35.5025385,"['set_piece_attack', 'free_kick']",15.0,11.0,20.0,38.0,67.0,80.0,6849.0,Jönköpings Södra,4-4-1,,,,,,,,,,,,,,,,,,,,,,,,,,,,,,,,,,,,,,,,,,,,,,,
2761772430,5678949,2H,69,57,01:09:57.222,4387.222127,2761772432.0,,,,,,pass,"['lateral_pass', 'short_or_medium_pass']",15.0,85.0,6849,Jönköpings Södra,4-4-1,7055,Eskilsminne,4-2-3-1,613701,H. Lyck,RCB,True,-102.0,,20.0,899727.0,A. Eriksson,GK,11.0,57.0,2761772417.0,35.5025385,"['set_piece_attack', 'free_kick']",15.0,12.0,20.0,38.0,67.0,80.0,6849.0,Jönköpings Södra,4-4-1,,,,,,,,,,,,,,,,,,,,,,,,,,,,,,,,,,,,,,,,,,,,,,,
2761772432,5678949,2H,70,2,01:10:02.668,4392.668045,2761772433.0,,,,,,pass,"['forward_pass', 'long_pass', 'progressive_pass']",11.0,57.0,6849,Jönköpings Södra,4-4-1,7055,Eskilsminne,4-2-3-1,899727,A. Eriksson,GK,True,31.0,high,49.0,615319.0,A. Karlsson,RB,51.0,94.0,2761772417.0,35.5025385,"['set_piece_attack', 'free_kick']",15.0,13.0,20.0,38.0,67.0,80.0,6849.0,Jönköpings Södra,4-4-1,,,,,,,,,,,,,,,,,,,,,,,,,,,,,,,,,,,,,,,,,,,,,,,
2761772433,5678949,2H,70,5,01:10:05.950,4395.950863,2761772803.0,,,,,,pass,"['forward_pass', 'head_pass', 'loss', 'pass_to_final_third', 'short_or_medium_pass']",51.0,94.0,6849,Jönköpings Södra,4-4-1,7055,Eskilsminne,4-2-3-1,615319,A. Karlsson,RB,False,-32.0,high,19.0,566323.0,F. Velander,LCB,67.0,80.0,2761772417.0,35.5025385,"['set_piece_attack', 'free_kick']",15.0,14.0,20.0,38.0,67.0,80.0,6849.0,Jönköpings Södra,4-4-1,,,,,,,,,,,,,,,,,,,,,,,,,,,,,,,,,,,,,,,,,,,,,,,
2761772803,5678949,2H,70,8,01:10:08.377,4398.377806,2761772804.0,,,,,,pass,"['head_pass', 'recovery', 'short_or_medium_pass']",33.0,20.0,7055,Eskilsminne,4-2-3-1,6849,Jönköpings Södra,4-4-1,566323,F. Velander,LCB,True,-49.0,high,10.0,51079.0,L. Ohlander,LB,40.0,9.0,2761772803.0,1.7873975,[],4.0,0.0,33.0,20.0,50.0,0.0,7055.0,Eskilsminne,4-2-3-1,,,,,,,,,,,,,,,,,,,,,,,,,,,,,,,,,,,,,,,,,,,,,,,
2761772804,5678949,2H,70,9,01:10:09.076,4399.076011,2761772436.0,,,,,,duel,['loose_ball_duel'],40.0,9.0,7055,Eskilsminne,4-2-3-1,6849,Jönköpings Södra,4-4-1,51079,L. Ohlander,LB,,,,,,,,,,2761772803.0,1.7873975,[],4.0,1.0,33.0,20.0,50.0,0.0,7055.0,Eskilsminne,4-2-3-1,,,,,,,,,,,,,,,,,,,,,,,,,,,,,,,,,,,,,,,,,,,,,,,
2761772434,5678949,2H,70,9,01:10:09.080,4399.080541,2761772436.0,,,,,,duel,['loose_ball_duel'],60.0,91.0,6849,Jönköpings Södra,4-4-1,7055,Eskilsminne,4-2-3-1,615319,A. Karlsson,RB,,,,,,,,,,2761772803.0,1.7873975,[],4.0,2.0,33.0,20.0,50.0,0.0,7055.0,Eskilsminne,4-2-3-1,,,,,,,,,,,,,,,,,,,,,,,,,,,,,,,,,,,,,,,,,,,,,,,
2761772435,5678949,2H,70,11,01:10:11.249,4401.249866,,,,,,,game_interruption,['ball_out'],50.0,100.0,6849,Jönköpings Södra,4-4-1,7055,Eskilsminne,4-2-3-1,0,,,,,,,,,,,,2761772803.0,1.7873975,[],4.0,3.0,33.0,20.0,50.0,0.0,7055.0,Eskilsminne,4-2-3-1,,,,,,,,,,,,,,,,,,,,,,,,,,,,,,,,,,,,,,,,,,,,,,,
2761772436,5678949,2H,70,48,01:10:48.379,4438.379985,2761772439.0,,,,,,throw_in,[],62.0,100.0,6849,Jönköpings Södra,4-4-1,7055,Eskilsminne,4-4-2,615319,A. Karlsson,RB,True,-100.0,,39.0,558236.0,L. Eek,LCB,55.0,44.0,2761772436.0,9.1140935,['throw_in'],5.0,0.0,62.0,100.0,64.0,9.0,6849.0,Jönköpings Södra,4-4-1,,,,,,,,,,,,,,,,,,,,,,,,,,,,,,,,,,,,,,,,,,,,,,,
2761772439,5678949,2H,70,52,01:10:52.716,4442.716887,2761772440.0,,,,,,duel,"['ground_duel', 'offensive_duel', 'carry']",55.0,44.0,6849,Jönköpings Södra,4-4-1,7055,Eskilsminne,4-4-2,558236,L. Eek,LCB,,,,,,,,,,2761772436.0,9.1140935,['throw_in'],5.0,1.0,62.0,100.0,64.0,9.0,6849.0,Jönköpings Södra,4-4-1,,,,,,,,0.0,,,offensive_duel,True,True,,,False,,2761773442.0,,,,,,,,1.623,59.0,27.0,,,,,,,,,,,,,,,,,,,
2761773442,5678949,2H,70,52,01:10:52.716,4442.716887,2761772440.0,,,,,,duel,"['defensive_duel', 'ground_duel']",45.0,56.0,7055,Eskilsminne,4-4-2,6849,Jönköpings Södra,4-4-1,0,,,,,,,,,,,,2761772436.0,9.1140935,['throw_in'],5.0,2.0,62.0,100.0,64.0,9.0,6849.0,Jönköpings Södra,4-4-1,,,,,,,,558236.0,L. Eek,LCB,defensive_duel,,,False,False,False,,2761772439.0,,,,,,,,,,,,,,,,,,,,,,,,,,,,,
2761772440,5678949,2H,70,54,01:10:54.548,4444.548747,2761772441.0,,,,,,pass,"['lateral_pass', 'short_or_medium_pass']",59.0,27.0,6849,Jönköpings Södra,4-4-1,7055,Eskilsminne,4-4-2,558236,L. Eek,LCB,True,-86.0,,15.0,692804.0,O. Almström,LB,60.0,5.0,2761772436.0,9.1140935,['throw_in'],5.0,3.0,62.0,100.0,64.0,9.0,6849.0,Jönköpings Södra,4-4-1,,,,,,,,,,,,,,,,,,,,,,,,,,,,,,,,,,,,,,,,,,,,,,,
2761772441,5678949,2H,70,56,01:10:56.702,4446.702679,2761772812.0,,,,,,pass,"['forward_pass', 'loss', 'short_or_medium_pass']",60.0,5.0,6849,Jönköpings Södra,4-4-1,7055,Eskilsminne,4-4-2,692804,O. Almström,LB,False,37.0,,5.0,811825.0,D. Omanovic,RB,64.0,9.0,2761772436.0,9.1140935,['throw_in'],5.0,4.0,62.0,100.0,64.0,9.0,6849.0,Jönköpings Södra,4-4-1,,,,,,,,,,,,,,,,,,,,,,,,,,,,,,,,,,,,,,,,,,,,,,,
2761772812,5678949,2H,70,58,01:10:58.285,4448.285478,2761772443.0,,,,,,clearance,[],36.0,91.0,7055,Eskilsminne,4-4-2,6849,Jönköpings Södra,4-4-1,811825,D. Omanovic,RB,,,,,,,,,,2761772812.0,1.483292,[],2.0,0.0,36.0,91.0,42.0,100.0,7055.0,Eskilsminne,4-4-2,,,,,,,,,,,,,,,,,,,,,,,,,,,,,,,,,,,,,,,,,,,,,,,
2761772443,5678949,2H,71,1,01:11:01.252,4451.252062,,,,,,,game_interruption,['ball_out'],58.0,0.0,6849,Jönköpings Södra,4-4-1,7055,Eskilsminne,4-4-2,0,,,,,,,,,,,,2761772812.0,1.483292,[],2.0,1.0,36.0,91.0,42.0,100.0,7055.0,Eskilsminne,4-4-2,,,,,,,,,,,,,,,,,,,,,,,,,,,,,,,,,,,,,,,,,,,,,,,
2761772445,5678949,2H,71,3,01:11:03.726,4453.726792,2761772447.0,,,,,,throw_in,[],65.0,0.0,6849,Jönköpings Södra,4-4-1,7055,Eskilsminne,4-4-2,692804,O. Almström,LB,True,16.0,,28.0,674204.0,F. Benatallah,LW,91.0,12.0,2761772445.0,5.489316,"['attack', 'throw_in']",4.0,0.0,65.0,0.0,93.0,34.0,6849.0,Jönköpings Södra,4-4-1,,,False,False,False,left,0.0,,,,,,,,,,,,,,,,,,,,,,,,,,,,,,,,,,,,,,,,
2761772447,5678949,2H,71,6,01:11:06.127,4456.127624,2761772448.0,,,,,,duel,"['ground_duel', 'offensive_duel', 'carry']",91.0,12.0,6849,Jönköpings Södra,4-4-1,7055,Eskilsminne,4-4-2,674204,F. Benatallah,LW,,,,,,,,,,2761772445.0,5.489316,"['attack', 'throw_in']",4.0,1.0,65.0,0.0,93.0,34.0,6849.0,Jönköpings Södra,4-4-1,,,False,False,False,left,0.0,811825.0,D. Omanovic,RB,offensive_duel,True,True,,,False,,2761772813.0,,,,,,,,6.2,97.0,19.0,,,,,,,,,,,,,,,,,,,
2761772813,5678949,2H,71,6,01:11:06.127,4456.127624,2761772448.0,,,,,,duel,"['defensive_duel', 'ground_duel']",9.0,88.0,7055,Eskilsminne,4-4-2,6849,Jönköpings Södra,4-4-1,811825,D. Omanovic,RB,,,,,,,,,,2761772445.0,5.489316,"['attack', 'throw_in']",4.0,2.0,65.0,0.0,93.0,34.0,6849.0,Jönköpings Södra,4-4-1,,,False,False,False,left,0.0,674204.0,F. Benatallah,LW,defensive_duel,,,False,False,False,,2761772447.0,,,,,,,,,,,,,,,,,,,,,,,,,,,,,
2761772448,5678949,2H,71,8,01:11:08.887,4458.887256,2761772814.0,,,,,,pass,"['cross', 'loss', 'pass_to_penalty_area']",97.0,19.0,6849,Jönköpings Södra,4-4-1,7055,Eskilsminne,4-4-2,674204,F. Benatallah,LW,False,112.0,high,11.0,739449.0,L. Larsen,RCB,93.0,34.0,2761772445.0,5.489316,"['attack', 'throw_in']",4.0,3.0,65.0,0.0,93.0,34.0,6849.0,Jönköpings Södra,4-4-1,,,False,False,False,left,0.0,,,,,,,,,,,,,,,,,,,,,,,,,,,,,,,,,,,,,,,,
2761772814,5678949,2H,71,9,01:11:09.544,4459.54496,2761772815.0,,,,,,interception,"['head_pass', 'lateral_pass', 'pass', 'recovery', 'short_or_medium_pass']",7.0,66.0,7055,Eskilsminne,4-4-2,6849,Jönköpings Södra,4-4-1,739449,L. Larsen,RCB,True,-47.0,high,19.0,807610.0,T. Bermudez,CF,19.0,46.0,2761772814.0,9.816524,['transition_low'],7.0,0.0,7.0,66.0,55.0,30.0,7055.0,Eskilsminne,4-4-2,,,,,,,,,,,,,,,,,,,,,,,,,,,,,,,,,,,,,,,,,,,,,,,
2761772815,5678949,2H,71,11,01:11:11.277,4461.277309,2761772816.0,,,,,,touch,['carry'],19.0,46.0,7055,Eskilsminne,4-4-2,6849,Jönköpings Södra,4-4-1,807610,T. Bermudez,CF,,,,,,,,,,2761772814.0,9.816524,['transition_low'],7.0,1.0,7.0,66.0,55.0,30.0,7055.0,Eskilsminne,4-4-2,,,,,,,,,,,,,,,,,,,,,,,,,,-5.761,15.0,25.0,,,,,,,,,,,,,,,,,,,
2761772816,5678949,2H,71,13,01:11:13.564,4463.564637,2761772817.0,,,,,,pass,"['forward_pass', 'short_or_medium_pass']",15.0,25.0,7055,Eskilsminne,4-4-2,6849,Jönköpings Södra,4-4-1,807610,T. Bermudez,CF,True,3.0,,20.0,989684.0,M. Larsson,LW,34.0,26.0,2761772814.0,9.816524,['transition_low'],7.0,2.0,7.0,66.0,55.0,30.0,7055.0,Eskilsminne,4-4-2,,,,,,,,,,,,,,,,,,,,,,,,,,,,,,,,,,,,,,,,,,,,,,,
2761772817,5678949,2H,71,15,01:11:15.989,4465.989566,2761772818.0,,,,,,pass,"['forward_pass', 'progressive_pass', 'progressive_run', 'carry', 'short_or_medium_pass']",34.0,26.0,7055,Eskilsminne,4-4-2,6849,Jönköpings Södra,4-4-1,989684,M. Larsson,LW,True,0.0,,19.0,989684.0,M. Larsson,LW,52.0,26.0,2761772814.0,9.816524,['transition_low'],7.0,3.0,7.0,66.0,55.0,30.0,7055.0,Eskilsminne,4-4-2,,,,,,,,,,,,,,,,,,,,,,,,,,18.22,52.0,26.0,,,,,,,,,,,,,,,,,,,
2761772450,5678949,2H,71,18,01:11:18.326,4468.326555,2761772452.0,,,,,,duel,"['interception', 'loose_ball_duel']",48.0,74.0,6849,Jönköpings Södra,4-4-1,7055,Eskilsminne,4-4-2,613701,H. Lyck,RCB,,,,,,,,,,2761772814.0,9.816524,['transition_low'],7.0,4.0,7.0,66.0,55.0,30.0,7055.0,Eskilsminne,4-4-2,,,,,,,,,,,,,,,,,,,,,,,,,,,,,,,,,,,,,,,,,,,,,,,
2761772452,5678949,2H,71,19,01:11:19.361,4469.361484,2761772453.0,,,,,,duel,"['loose_ball_duel', 'progressive_run', 'recovery', 'carry', 'sliding_tackle']",45.0,70.0,6849,Jönköpings Södra,4-4-1,7055,Eskilsminne,4-4-2,613701,H. Lyck,RCB,,,,,,,,,,2761772452.0,27.505795,"['attack', 'transition_medium']",16.0,0.0,45.0,70.0,94.0,52.0,6849.0,Jönköpings Södra,4-4-1,,,False,False,False,right,0.0,,,,,,,,,,,,,,,,,,,19.6,64.0,68.0,,,,,,,,,,,,,,,,,,,
2761772818,5678949,2H,71,19,01:11:19.361,4469.361484,2761773443.0,,,,,,duel,['loose_ball_duel'],52.0,26.0,7055,Eskilsminne,4-4-2,6849,Jönköpings Södra,4-4-1,989684,M. Larsson,LW,,,,,,,,,,2761772814.0,9.816524,['transition_low'],7.0,5.0,7.0,66.0,55.0,30.0,7055.0,Eskilsminne,4-4-2,,,,,,,,,,,,,,,,,,,,,,,,,,,,,,,,,,,,,,,,,,,,,,,
2761773443,5678949,2H,71,19,01:11:19.361,4469.361484,2761772819.0,,,,,,duel,['loose_ball_duel'],55.0,30.0,7055,Eskilsminne,4-4-2,6849,Jönköpings Södra,4-4-1,0,,,,,,,,,,,,2761772814.0,9.816524,['transition_low'],7.0,6.0,7.0,66.0,55.0,30.0,7055.0,Eskilsminne,4-4-2,,,,,,,,,,,,,,,,,,,,,,,,,,,,,,,,,,,,,,,,,,,,,,,
2761772453,5678949,2H,71,24,01:11:24.930,4474.93011,2761772454.0,,,,,,duel,"['ground_duel', 'offensive_duel']",64.0,65.0,6849,Jönköpings Södra,4-4-1,7055,Eskilsminne,4-4-2,613701,H. Lyck,RCB,,,,,,,,,,2761772452.0,27.505795,"['attack', 'transition_medium']",16.0,1.0,45.0,70.0,94.0,52.0,6849.0,Jönköpings Södra,4-4-1,,,False,False,False,right,0.0,807610.0,T. Bermudez,CF,offensive_duel,True,False,,,False,,2761772819.0,,,,,,,,,,,,,,,,,,,,,,,,,,,,,
2761772819,5678949,2H,71,24,01:11:24.930,4474.93011,2761772454.0,,,,,,duel,"['defensive_duel', 'ground_duel']",36.0,35.0,7055,Eskilsminne,4-4-2,6849,Jönköpings Södra,4-4-1,807610,T. Bermudez,CF,,,,,,,,,,2761772452.0,27.505795,"['attack', 'transition_medium']",16.0,2.0,45.0,70.0,94.0,52.0,6849.0,Jönköpings Södra,4-4-1,,,False,False,False,right,0.0,613701.0,H. Lyck,RCB,defensive_duel,,,True,False,False,,2761772453.0,,,,,,,,,,,,,,,,,,,,,,,,,,,,,
2761772454,5678949,2H,71,25,01:11:25.732,4475.732473,2761772455.0,,,,,,pass,"['back_pass', 'short_or_medium_pass']",64.0,68.0,6849,Jönköpings Södra,4-4-1,7055,Eskilsminne,4-4-2,613701,H. Lyck,RCB,True,138.0,,14.0,615319.0,A. Karlsson,RB,54.0,81.0,2761772452.0,27.505795,"['attack', 'transition_medium']",16.0,3.0,45.0,70.0,94.0,52.0,6849.0,Jönköpings Södra,4-4-1,,,False,False,False,right,0.0,,,,,,,,,,,,,,,,,,,,,,,,,,,,,,,,,,,,,,,,
2761772455,5678949,2H,71,27,01:11:27.028,4477.028363,2761772456.0,,,,,,pass,"['forward_pass', 'pass_to_final_third', 'progressive_pass', 'short_or_medium_pass']",54.0,81.0,6849,Jönköpings Södra,4-4-1,7055,Eskilsminne,4-4-2,615319,A. Karlsson,RB,True,11.0,,16.0,51830.0,D. Kozica,RCMF,69.0,86.0,2761772452.0,27.505795,"['attack', 'transition_medium']",16.0,4.0,45.0,70.0,94.0,52.0,6849.0,Jönköpings Södra,4-4-1,,,False,False,False,right,0.0,,,,,,,,,,,,,,,,,,,,,,,,,,,,,,,,,,,,,,,,
2761772456,5678949,2H,71,29,01:11:29.689,4479.689647,2761772457.0,,,,,,pass,['short_or_medium_pass'],69.0,86.0,6849,Jönköpings Södra,4-4-1,7055,Eskilsminne,4-4-2,51830,D. Kozica,RCMF,True,-76.0,,8.0,812471.0,A. Eriksson,LCMF,70.0,74.0,2761772452.0,27.505795,"['attack', 'transition_medium']",16.0,5.0,45.0,70.0,94.0,52.0,6849.0,Jönköpings Södra,4-4-1,,,False,False,False,right,0.0,,,,,,,,,,,,,,,,,,,,,,,,,,,,,,,,,,,,,,,,
2761772457,5678949,2H,71,31,01:11:31.198,4481.198062,2761772458.0,,,,,,pass,"['forward_pass', 'short_or_medium_pass']",70.0,74.0,6849,Jönköpings Södra,4-4-1,7055,Eskilsminne,4-4-2,812471,A. Eriksson,LCMF,True,36.0,,23.0,615327.0,I. Ellbring,RW,88.0,92.0,2761772452.0,27.505795,"['attack', 'transition_medium']",16.0,6.0,45.0,70.0,94.0,52.0,6849.0,Jönköpings Södra,4-4-1,,,False,False,False,right,0.0,,,,,,,,,,,,,,,,,,,,,,,,,,,,,,,,,,,,,,,,
2761772458,5678949,2H,71,34,01:11:34.817,4484.817314,2761772460.0,,,,,,pass,"['forward_pass', 'short_or_medium_pass']",88.0,92.0,6849,Jönköpings Södra,4-4-1,7055,Eskilsminne,4-4-2,615327,I. Ellbring,RW,True,-36.0,,8.0,51830.0,D. Kozica,RCMF,94.0,86.0,2761772452.0,27.505795,"['attack', 'transition_medium']",16.0,7.0,45.0,70.0,94.0,52.0,6849.0,Jönköpings Södra,4-4-1,,,False,False,False,right,0.0,,,,,,,,,,,,,,,,,,,,,,,,,,,,,,,,,,,,,,,,
2761772460,5678949,2H,71,38,01:11:38.357,4488.357982,2761772820.0,,,,,,pass,"['cross', 'lateral_pass', 'loss', 'pass_to_penalty_area']",94.0,86.0,6849,Jönköpings Södra,4-4-1,7055,Eskilsminne,4-4-2,51830,D. Kozica,RCMF,False,-87.0,high,18.0,566323.0,F. Velander,LCB,95.0,60.0,2761772452.0,27.505795,"['attack', 'transition_medium']",16.0,8.0,45.0,70.0,94.0,52.0,6849.0,Jönköpings Södra,4-4-1,,,False,False,False,right,0.0,,,,,,,,,,,,,,,,,,,,,,,,,,,,,,,,,,,,,,,,
2761772820,5678949,2H,71,38,01:11:38.811,4488.81114,2761772821.0,,,,,,interception,"['head_pass', 'lateral_pass', 'pass', 'recovery', 'short_or_medium_pass']",5.0,40.0,7055,Eskilsminne,4-4-2,6849,Jönköpings Södra,4-4-1,566323,F. Velander,LCB,True,-55.0,high,21.0,807610.0,T. Bermudez,CF,16.0,14.0,2761772452.0,27.505795,"['attack', 'transition_medium']",16.0,9.0,45.0,70.0,94.0,52.0,6849.0,Jönköpings Södra,4-4-1,,,False,False,False,right,0.0,,,,,,,,,,,,,,,,,,,,,,,,,,,,,,,,,,,,,,,,
2761772462,5678949,2H,71,40,01:11:40.278,4490.278497,2761772463.0,,,,,,duel,"['loose_ball_duel', 'recovery', 'counterpressing_recovery']",84.0,86.0,6849,Jönköpings Södra,4-4-1,7055,Eskilsminne,4-4-2,812471,A. Eriksson,LCMF,,,,,,,,,,2761772452.0,27.505795,"['attack', 'transition_medium']",16.0,10.0,45.0,70.0,94.0,52.0,6849.0,Jönköpings Södra,4-4-1,,,False,False,False,right,0.0,,,,,,,,,,,,,,,,,,,,,,,,,,,,,,,,,,,,,,,,
2761772821,5678949,2H,71,40,01:11:40.278,4490.278497,2761772463.0,,,,,,duel,['loose_ball_duel'],16.0,14.0,7055,Eskilsminne,4-4-2,6849,Jönköpings Södra,4-4-1,807610,T. Bermudez,CF,,,,,,,,,,2761772452.0,27.505795,"['attack', 'transition_medium']",16.0,11.0,45.0,70.0,94.0,52.0,6849.0,Jönköpings Södra,4-4-1,,,False,False,False,right,0.0,,,,,,,,,,,,,,,,,,,,,,,,,,,,,,,,,,,,,,,,
2761772463,5678949,2H,71,44,01:11:44.177,4494.177509,2761772822.0,,,,,,pass,"['cross', 'lateral_pass', 'pass_to_penalty_area']",83.0,86.0,6849,Jönköpings Södra,4-4-1,7055,Eskilsminne,4-4-2,812471,A. Eriksson,LCMF,False,-64.0,high,25.0,693887.0,H. Pauli,GK,93.0,52.0,2761772452.0,27.505795,"['attack', 'transition_medium']",16.0,12.0,45.0,70.0,94.0,52.0,6849.0,Jönköpings Södra,4-4-1,,,False,False,False,right,0.0,,,,,,,,,,,,,,,,,,,,,,,,,,,,,,,,,,,,,,,,
2761772822,5678949,2H,71,44,01:11:44.733,4494.733145,2761772463.0,,,,,,goalkeeper_exit,[],7.0,48.0,7055,Eskilsminne,4-4-2,6849,Jönköpings Södra,4-4-1,693887,H. Pauli,GK,,,,,,,,,,2761772452.0,27.505795,"['attack', 'transition_medium']",16.0,13.0,45.0,70.0,94.0,52.0,6849.0,Jönköpings Södra,4-4-1,,,False,False,False,right,0.0,,,,,,,,,,,,,,,,,,,,,,,,,,,,,,,,,,,,,,,,
2761772472,5678949,2H,71,46,01:11:46.867,4496.867279,2761772474.0,,,,,,duel,"['defensive_duel', 'ground_duel', 'loss']",94.0,52.0,6849,Jönköpings Södra,4-4-1,7055,Eskilsminne,4-4-2,1060409,L. Lyck,CF,,,,,,,,,,2761772452.0,27.505795,"['attack', 'transition_medium']",16.0,14.0,45.0,70.0,94.0,52.0,6849.0,Jönköpings Södra,4-4-1,,,False,False,False,right,0.0,693887.0,H. Pauli,GK,defensive_duel,,,False,False,False,,2761772823.0,,,,,,,,,,,,,,,,,,,,,,,,,,,,,
2761772823,5678949,2H,71,46,01:11:46.867,4496.867279,2761772474.0,,,,,,duel,"['foul_suffered', 'ground_duel', 'offensive_duel', 'recovery']",6.0,48.0,7055,Eskilsminne,4-4-2,6849,Jönköpings Södra,4-4-1,693887,H. Pauli,GK,,,,,,,,,,2761772452.0,27.505795,"['attack', 'transition_medium']",16.0,15.0,45.0,70.0,94.0,52.0,6849.0,Jönköpings Södra,4-4-1,,,False,False,False,right,0.0,1060409.0,L. Lyck,CF,offensive_duel,True,True,,,False,,2761772472.0,,,,,,,,,,,,,,,,,,,,,,,,,,,,,
2761772474,5678949,2H,71,47,01:11:47.698,4497.69829,2761772823.0,,,,,,infraction,['foul'],93.0,54.0,6849,Jönköpings Södra,4-4-1,7055,Eskilsminne,4-4-2,1060409,L. Lyck,CF,,,,,,,,,,,,,,,,,,,,,,,,,,,,,,,,,,,,,,,,False,False,regular_foul,693887.0,H. Pauli,GK,,,,,,,,,,,,,,,,,,,,,,,
2761772824,5678949,2H,72,25,01:12:25.422,4535.422056,2761772479.0,,,,,,free_kick,[],8.0,40.0,7055,Eskilsminne,4-4-2,6849,Jönköpings Södra,4-4-1,693887,H. Pauli,GK,False,-30.0,,41.0,615327.0,I. Ellbring,RW,42.0,9.0,2761772824.0,6.038181,"['set_piece_attack', 'free_kick']",4.0,0.0,8.0,40.0,30.0,0.0,7055.0,Eskilsminne,4-4-2,,,,,,,,,,,,,,,,,,,,,,,,,,,,,,,,,,,,,,,,,,,,,,,
2761772479,5678949,2H,72,30,01:12:30.843,4540.843109,2761772825.0,,,,,,pass,"['forward_pass', 'loss', 'short_or_medium_pass']",58.0,91.0,6849,Jönköpings Södra,4-4-1,7055,Eskilsminne,4-4-2,615327,I. Ellbring,RW,False,0.0,,4.0,51079.0,L. Ohlander,LB,62.0,91.0,2761772824.0,6.038181,"['set_piece_attack', 'free_kick']",4.0,1.0,8.0,40.0,30.0,0.0,7055.0,Eskilsminne,4-4-2,,,,,,,,,,,,,,,,,,,,,,,,,,,,,,,,,,,,,,,,,,,,,,,
2761772825,5678949,2H,72,30,01:12:30.950,4540.950917,2761772480.0,,,,,,interception,[],38.0,9.0,7055,Eskilsminne,4-4-2,6849,Jönköpings Södra,4-4-1,51079,L. Ohlander,LB,,,,,,,,,,2761772824.0,6.038181,"['set_piece_attack', 'free_kick']",4.0,2.0,8.0,40.0,30.0,0.0,7055.0,Eskilsminne,4-4-2,,,,,,,,,,,,,,,,,,,,,,,,,,,,,,,,,,,,,,,,,,,,,,,
2761772480,5678949,2H,72,31,01:12:31.969,4541.969557,,,,,,,game_interruption,['ball_out'],70.0,100.0,6849,Jönköpings Södra,4-4-1,7055,Eskilsminne,4-4-2,0,,,,,,,,,,,,2761772824.0,6.038181,"['set_piece_attack', 'free_kick']",4.0,3.0,8.0,40.0,30.0,0.0,7055.0,Eskilsminne,4-4-2,,,,,,,,,,,,,,,,,,,,,,,,,,,,,,,,,,,,,,,,,,,,,,,
2761772482,5678949,2H,72,43,01:12:43.599,4553.599685,2761772483.0,,,,,,throw_in,[],64.0,100.0,6849,Jönköpings Södra,4-4-1,7055,Eskilsminne,4-4-2,615319,A. Karlsson,RB,True,-66.0,,10.0,812471.0,A. Eriksson,LCMF,68.0,87.0,2761772482.0,6.9212105,"['attack', 'throw_in']",8.0,0.0,64.0,100.0,78.0,95.0,6849.0,Jönköpings Södra,4-4-1,,,False,False,False,right,0.0,,,,,,,,,,,,,,,,,,,,,,,,,,,,,,,,,,,,,,,,
2761772483,5678949,2H,72,44,01:12:44.398,4554.39841,2761772484.0,,,,,,pass,"['forward_pass', 'short_or_medium_pass']",68.0,87.0,6849,Jönköpings Södra,4-4-1,7055,Eskilsminne,4-4-2,812471,A. Eriksson,LCMF,True,29.0,,10.0,615319.0,A. Karlsson,RB,76.0,94.0,2761772482.0,6.9212105,"['attack', 'throw_in']",8.0,1.0,64.0,100.0,78.0,95.0,6849.0,Jönköpings Södra,4-4-1,,,False,False,False,right,0.0,,,,,,,,,,,,,,,,,,,,,,,,,,,,,,,,,,,,,,,,
2761772484,5678949,2H,72,45,01:12:45.274,4555.274732,2761772485.0,,,,,,pass,"['back_pass', 'short_or_medium_pass']",76.0,94.0,6849,Jönköpings Södra,4-4-1,7055,Eskilsminne,4-4-2,615319,A. Karlsson,RB,True,-164.0,,18.0,51830.0,D. Kozica,RCMF,59.0,87.0,2761772482.0,6.9212105,"['attack', 'throw_in']",8.0,2.0,64.0,100.0,78.0,95.0,6849.0,Jönköpings Södra,4-4-1,,,False,False,False,right,0.0,,,,,,,,,,,,,,,,,,,,,,,,,,,,,,,,,,,,,,,,
2761772485,5678949,2H,72,47,01:12:47.601,4557.601573,2761772487.0,,,,,,pass,"['forward_pass', 'pass_to_final_third', 'short_or_medium_pass']",59.0,87.0,6849,Jönköpings Södra,4-4-1,7055,Eskilsminne,4-4-2,51830,D. Kozica,RCMF,True,35.0,,13.0,615319.0,A. Karlsson,RB,69.0,97.0,2761772482.0,6.9212105,"['attack', 'throw_in']",8.0,3.0,64.0,100.0,78.0,95.0,6849.0,Jönköpings Södra,4-4-1,,,False,False,False,right,0.0,,,,,,,,,,,,,,,,,,,,,,,,,,,,,,,,,,,,,,,,
2761772487,5678949,2H,72,48,01:12:48.673,4558.673986,2761772826.0,,,,,,pass,"['forward_pass', 'loss', 'carry', 'short_or_medium_pass']",69.0,97.0,6849,Jönköpings Södra,4-4-1,7055,Eskilsminne,4-4-2,615319,A. Karlsson,RB,False,-11.0,,4.0,989684.0,M. Larsson,LW,73.0,95.0,2761772482.0,6.9212105,"['attack', 'throw_in']",8.0,4.0,64.0,100.0,78.0,95.0,6849.0,Jönköpings Södra,4-4-1,,,False,False,False,right,0.0,,,,,,,,,,,,,,,,,,,-36.91,69.0,89.0,,,,,,,,,,,,,,,,,,,
2761772826,5678949,2H,72,48,01:12:48.872,4558.872305,2761772488.0,,,,,,interception,"['loss', 'recovery']",27.0,5.0,7055,Eskilsminne,4-4-2,6849,Jönköpings Södra,4-4-1,989684,M. Larsson,LW,,,,,,,,,,2761772482.0,6.9212105,"['attack', 'throw_in']",8.0,5.0,64.0,100.0,78.0,95.0,6849.0,Jönköpings Södra,4-4-1,,,False,False,False,right,0.0,,,,,,,,,,,,,,,,,,,,,,,,,,,,,,,,,,,,,,,,
2761772488,5678949,2H,72,50,01:12:50.222,4560.222489,2761772827.0,,,,,,pass,"['forward_pass', 'loss', 'short_or_medium_pass']",69.0,89.0,6849,Jönköpings Södra,4-4-1,7055,Eskilsminne,4-4-2,615319,A. Karlsson,RB,False,22.0,,10.0,51079.0,L. Ohlander,LB,78.0,95.0,2761772482.0,6.9212105,"['attack', 'throw_in']",8.0,6.0,64.0,100.0,78.0,95.0,6849.0,Jönköpings Södra,4-4-1,,,False,False,False,right,0.0,,,,,,,,,,,,,,,,,,,,,,,,,,,,,,,,,,,,,,,,
2761772827,5678949,2H,72,50,01:12:50.819,4560.819302,2761772489.0,,,,,,interception,[],22.0,5.0,7055,Eskilsminne,4-4-2,6849,Jönköpings Södra,4-4-1,51079,L. Ohlander,LB,,,,,,,,,,2761772482.0,6.9212105,"['attack', 'throw_in']",8.0,7.0,64.0,100.0,78.0,95.0,6849.0,Jönköpings Södra,4-4-1,,,False,False,False,right,0.0,,,,,,,,,,,,,,,,,,,,,,,,,,,,,,,,,,,,,,,,
2761772489,5678949,2H,72,51,01:12:51.401,4561.401338,,,,,,,game_interruption,['ball_out'],80.0,100.0,6849,Jönköpings Södra,4-4-1,7055,Eskilsminne,4-4-2,0,,,,,,,,,,,,,,,,,,,,,,,,,,,,,,,,,,,,,,,,,,,,,,,,,,,,,,,,,,,,,,,,,,,,,,
2761772491,5678949,2H,72,54,01:12:54.672,4564.672258,2761772493.0,,,,,,throw_in,[],76.0,100.0,6849,Jönköpings Södra,4-4-1,7055,Eskilsminne,4-4-2,615319,A. Karlsson,RB,True,-59.0,,12.0,812471.0,A. Eriksson,LCMF,82.0,85.0,2761772491.0,16.4430335,"['attack', 'throw_in']",9.0,0.0,76.0,100.0,63.0,64.0,6849.0,Jönköpings Södra,4-4-1,,,False,False,False,center,0.0,,,,,,,,,,,,,,,,,,,,,,,,,,,,,,,,,,,,,,,,
2761772493,5678949,2H,72,56,01:12:56.433,4566.433488,2761772828.0,,,,,,pass,"['forward_pass', 'loss', 'short_or_medium_pass']",82.0,85.0,6849,Jönköpings Södra,4-4-1,7055,Eskilsminne,4-4-2,812471,A. Eriksson,LCMF,False,0.0,,16.0,51079.0,L. Ohlander,LB,97.0,85.0,2761772491.0,16.4430335,"['attack', 'throw_in']",9.0,1.0,76.0,100.0,63.0,64.0,6849.0,Jönköpings Södra,4-4-1,,,False,False,False,center,0.0,,,,,,,,,,,,,,,,,,,,,,,,,,,,,,,,,,,,,,,,
2761772828,5678949,2H,72,59,01:12:59.062,4569.062847,2761772494.0,,,,,,pass,"['forward_pass', 'long_pass', 'loss', 'progressive_pass']",3.0,15.0,7055,Eskilsminne,4-4-2,6849,Jönköpings Södra,4-4-1,51079,L. Ohlander,LB,False,40.0,high,32.0,674204.0,F. Benatallah,LW,27.0,45.0,2761772491.0,16.4430335,"['attack', 'throw_in']",9.0,2.0,76.0,100.0,63.0,64.0,6849.0,Jönköpings Södra,4-4-1,,,False,False,False,center,0.0,,,,,,,,,,,,,,,,,,,,,,,,,,,,,,,,,,,,,,,,
2761772494,5678949,2H,73,2,01:13:02.082,4572.082579,2761772829.0,,,,,,pass,"['forward_pass', 'head_pass', 'loss', 'pass_to_penalty_area', 'carry', 'short_or_medium_pass']",73.0,55.0,6849,Jönköpings Södra,4-4-1,7055,Eskilsminne,4-4-2,674204,F. Benatallah,LW,False,40.0,high,16.0,566323.0,F. Velander,LCB,85.0,69.0,2761772491.0,16.4430335,"['attack', 'throw_in']",9.0,3.0,76.0,100.0,63.0,64.0,6849.0,Jönköpings Södra,4-4-1,,,False,False,False,center,0.0,,,,,,,,,,,,,,,,,,,-61.63,67.0,52.0,,,,,,,,,,,,,,,,,,,
2761772829,5678949,2H,73,3,01:13:03.122,4573.122211,2761772496.0,,,,,,interception,"['forward_pass', 'long_pass', 'loss', 'pass', 'progressive_pass']",15.0,31.0,7055,Eskilsminne,4-4-2,6849,Jönköpings Södra,4-4-1,566323,F. Velander,LCB,False,32.0,high,22.0,674204.0,F. Benatallah,LW,33.0,48.0,2761772491.0,16.4430335,"['attack', 'throw_in']",9.0,4.0,76.0,100.0,63.0,64.0,6849.0,Jönköpings Södra,4-4-1,,,False,False,False,center,0.0,,,,,,,,,,,,,,,,,,,,,,,,,,,,,,,,,,,,,,,,
2761772496,5678949,2H,73,5,01:13:05.633,4575.633686,2761772830.0,,,,,,pass,"['forward_pass', 'head_pass', 'loss', 'short_or_medium_pass']",67.0,52.0,6849,Jönköpings Södra,4-4-1,7055,Eskilsminne,4-4-2,674204,F. Benatallah,LW,False,11.0,high,15.0,566323.0,F. Velander,LCB,81.0,56.0,2761772491.0,16.4430335,"['attack', 'throw_in']",9.0,5.0,76.0,100.0,63.0,64.0,6849.0,Jönköpings Södra,4-4-1,,,False,False,False,center,0.0,,,,,,,,,,,,,,,,,,,,,,,,,,,,,,,,,,,,,,,,
2761772830,5678949,2H,73,6,01:13:06.910,4576.91085,2761772831.0,,,,,,pass,"['head_pass', 'lateral_pass', 'recovery', 'counterpressing_recovery', 'short_or_medium_pass']",19.0,44.0,7055,Eskilsminne,4-4-2,6849,Jönköpings Södra,4-4-1,566323,F. Velander,LCB,True,48.0,high,15.0,615876.0,E. Hintsa,RW,29.0,60.0,2761772491.0,16.4430335,"['attack', 'throw_in']",9.0,6.0,76.0,100.0,63.0,64.0,6849.0,Jönköpings Södra,4-4-1,,,False,False,False,center,0.0,,,,,,,,,,,,,,,,,,,,,,,,,,,,,,,,,,,,,,,,
2761772831,5678949,2H,73,8,01:13:08.486,4578.486431,2761772497.0,,,,,,pass,"['forward_pass', 'head_pass', 'loss', 'progressive_pass', 'short_or_medium_pass']",29.0,60.0,7055,Eskilsminne,4-4-2,6849,Jönköpings Södra,4-4-1,615876,E. Hintsa,RW,False,-43.0,high,26.0,613701.0,H. Lyck,RCB,47.0,34.0,2761772491.0,16.4430335,"['attack', 'throw_in']",9.0,7.0,76.0,100.0,63.0,64.0,6849.0,Jönköpings Södra,4-4-1,,,False,False,False,center,0.0,,,,,,,,,,,,,,,,,,,,,,,,,,,,,,,,,,,,,,,,
2761772497,5678949,2H,73,10,01:13:10.926,4580.926189,2761772832.0,,,,,,pass,"['forward_pass', 'head_pass', 'loss', 'short_or_medium_pass']",53.0,66.0,6849,Jönköpings Södra,4-4-1,7055,Eskilsminne,4-4-2,613701,H. Lyck,RCB,False,-6.0,high,11.0,807610.0,T. Bermudez,CF,63.0,64.0,2761772491.0,16.4430335,"['attack', 'throw_in']",9.0,8.0,76.0,100.0,63.0,64.0,6849.0,Jönköpings Södra,4-4-1,,,False,False,False,center,0.0,,,,,,,,,,,,,,,,,,,,,,,,,,,,,,,,,,,,,,,,
2761772832,5678949,2H,73,11,01:13:11.304,4581.304394,2761772833.0,,,,,,interception,"['back_pass', 'head_pass', 'pass', 'recovery', 'counterpressing_recovery', 'short_or_medium_pass']",37.0,36.0,7055,Eskilsminne,4-4-2,6849,Jönköpings Södra,4-4-1,807610,T. Bermudez,CF,True,153.0,high,7.0,517376.0,H. Norrby,LCMF,31.0,40.0,2761772832.0,3.8929555,[],3.0,0.0,37.0,36.0,68.0,0.0,7055.0,Eskilsminne,4-4-2,,,,,,,,,,,,,,,,,,,,,,,,,,,,,,,,,,,,,,,,,,,,,,,
2761772833,5678949,2H,73,12,01:13:12.587,4582.587403,2761772500.0,,,,,,clearance,[],31.0,40.0,7055,Eskilsminne,4-4-2,6849,Jönköpings Södra,4-4-1,517376,H. Norrby,LCMF,,,,,,,,,,2761772832.0,3.8929555,[],3.0,1.0,37.0,36.0,68.0,0.0,7055.0,Eskilsminne,4-4-2,,,,,,,,,,,,,,,,,,,,,,,,,,,,,,,,,,,,,,,,,,,,,,,
2761772500,5678949,2H,73,17,01:13:17.807,4587.807296,,,,,,,game_interruption,['ball_out'],32.0,100.0,6849,Jönköpings Södra,4-4-1,7055,Eskilsminne,4-4-2,0,,,,,,,,,,,,2761772832.0,3.8929555,[],3.0,2.0,37.0,36.0,68.0,0.0,7055.0,Eskilsminne,4-4-2,,,,,,,,,,,,,,,,,,,,,,,,,,,,,,,,,,,,,,,,,,,,,,,
2761772501,5678949,2H,73,28,01:13:28.002,4598.002368,2761772503.0,,,,,,throw_in,[],38.0,100.0,6849,Jönköpings Södra,4-4-1,7055,Eskilsminne,4-4-2,615319,A. Karlsson,RB,True,-144.0,,22.0,613701.0,H. Lyck,RCB,21.0,81.0,2761772501.0,16.2232435,['throw_in'],6.0,0.0,38.0,100.0,90.0,43.0,6849.0,Jönköpings Södra,4-4-1,,,,,,,,,,,,,,,,,,,,,,,,,,,,,,,,,,,,,,,,,,,,,,,
2761772503,5678949,2H,73,29,01:13:29.581,4599.581872,2761772504.0,,,,,,pass,"['forward_pass', 'short_or_medium_pass']",21.0,81.0,6849,Jönköpings Södra,4-4-1,7055,Eskilsminne,4-4-2,613701,H. Lyck,RCB,True,32.0,,15.0,615319.0,A. Karlsson,RB,33.0,92.0,2761772501.0,16.2232435,['throw_in'],6.0,1.0,38.0,100.0,90.0,43.0,6849.0,Jönköpings Södra,4-4-1,,,,,,,,,,,,,,,,,,,,,,,,,,,,,,,,,,,,,,,,,,,,,,,
2761772504,5678949,2H,73,31,01:13:31.725,4601.725191,2761772505.0,,,,,,pass,"['lateral_pass', 'short_or_medium_pass']",33.0,92.0,6849,Jönköpings Södra,4-4-1,7055,Eskilsminne,4-4-2,615319,A. Karlsson,RB,True,-104.0,,33.0,558236.0,L. Eek,LCB,26.0,44.0,2761772501.0,16.2232435,['throw_in'],6.0,2.0,38.0,100.0,90.0,43.0,6849.0,Jönköpings Södra,4-4-1,,,,,,,,,,,,,,,,,,,,,,,,,,,,,,,,,,,,,,,,,,,,,,,
2761772505,5678949,2H,73,34,01:13:34.658,4604.658849,2761772506.0,,,,,,touch,"['progressive_run', 'carry']",26.0,44.0,6849,Jönköpings Södra,4-4-1,7055,Eskilsminne,4-4-2,558236,L. Eek,LCB,,,,,,,,,,2761772501.0,16.2232435,['throw_in'],6.0,3.0,38.0,100.0,90.0,43.0,6849.0,Jönköpings Södra,4-4-1,,,,,,,,,,,,,,,,,,,,,,,,,,29.07,57.0,23.0,,,,,,,,,,,,,,,,,,,
2761772506,5678949,2H,73,40,01:13:40.934,4610.934034,2761772521.0,,,,,,pass,"['forward_pass', 'pass_to_final_third', 'short_or_medium_pass']",57.0,23.0,6849,Jönköpings Södra,4-4-1,7055,Eskilsminne,4-4-2,558236,L. Eek,LCB,True,-43.0,,17.0,692804.0,O. Almström,LB,69.0,7.0,2761772501.0,16.2232435,['throw_in'],6.0,4.0,38.0,100.0,90.0,43.0,6849.0,Jönköpings Södra,4-4-1,,,,,,,,,,,,,,,,,,,,,,,,,,,,,,,,,,,,,,,,,,,,,,,
2761772521,5678949,2H,73,43,01:13:43.284,4613.284805,2761772834.0,,,,,,pass,"['cross', 'lateral_pass', 'loss', 'pass_to_penalty_area']",69.0,7.0,6849,Jönköpings Södra,4-4-1,7055,Eskilsminne,4-4-2,692804,O. Almström,LB,False,46.0,high,33.0,566323.0,F. Velander,LCB,90.0,43.0,2761772501.0,16.2232435,['throw_in'],6.0,5.0,38.0,100.0,90.0,43.0,6849.0,Jönköpings Södra,4-4-1,,,,,,,,,,,,,,,,,,,,,,,,,,,,,,,,,,,,,,,,,,,,,,,
2761772834,5678949,2H,73,45,01:13:45.166,4615.166418,2761772835.0,,,,,,interception,"['head_pass', 'pass', 'recovery', 'short_or_medium_pass']",10.0,57.0,7055,Eskilsminne,4-4-2,6849,Jönköpings Södra,4-4-1,566323,F. Velander,LCB,True,72.0,high,9.0,739449.0,L. Larsen,RCB,13.0,70.0,2761772834.0,6.2030065,[],6.0,0.0,10.0,57.0,27.0,100.0,7055.0,Eskilsminne,4-4-2,,,,,,,,,,,,,,,,,,,,,,,,,,,,,,,,,,,,,,,,,,,,,,,
2761772524,5678949,2H,73,46,01:13:46.815,4616.815875,2761772836.0,,,,,,duel,['loose_ball_duel'],87.0,30.0,6849,Jönköpings Södra,4-4-1,7055,Eskilsminne,4-4-2,1060409,L. Lyck,CF,,,,,,,,,,2761772834.0,6.2030065,[],6.0,1.0,10.0,57.0,27.0,100.0,7055.0,Eskilsminne,4-4-2,,,,,,,,,,,,,,,,,,,,,,,,,,,,,,,,,,,,,,,,,,,,,,,
2761772835,5678949,2H,73,46,01:13:46.815,4616.815875,2761772836.0,,,,,,duel,['loose_ball_duel'],13.0,70.0,7055,Eskilsminne,4-4-2,6849,Jönköpings Södra,4-4-1,739449,L. Larsen,RCB,,,,,,,,,,2761772834.0,6.2030065,[],6.0,2.0,10.0,57.0,27.0,100.0,7055.0,Eskilsminne,4-4-2,,,,,,,,,,,,,,,,,,,,,,,,,,,,,,,,,,,,,,,,,,,,,,,
2761772836,5678949,2H,73,48,01:13:48.150,4618.150111,2761772837.0,,,,,,pass,"['head_pass', 'lateral_pass', 'short_or_medium_pass']",13.0,67.0,7055,Eskilsminne,4-4-2,6849,Jönköpings Södra,4-4-1,739449,L. Larsen,RCB,True,55.0,high,20.0,615876.0,E. Hintsa,RW,24.0,91.0,2761772834.0,6.2030065,[],6.0,3.0,10.0,57.0,27.0,100.0,7055.0,Eskilsminne,4-4-2,,,,,,,,,,,,,,,,,,,,,,,,,,,,,,,,,,,,,,,,,,,,,,,
2761772837,5678949,2H,73,50,01:13:50.308,4620.308341,2761772527.0,,,,,,clearance,[],24.0,91.0,7055,Eskilsminne,4-4-2,6849,Jönköpings Södra,4-4-1,615876,E. Hintsa,RW,,,,,,,,,,2761772834.0,6.2030065,[],6.0,4.0,10.0,57.0,27.0,100.0,7055.0,Eskilsminne,4-4-2,,,,,,,,,,,,,,,,,,,,,,,,,,,,,,,,,,,,,,,,,,,,,,,
2761772527,5678949,2H,73,52,01:13:52.430,4622.430508,,,,,,,game_interruption,['ball_out'],73.0,0.0,6849,Jönköpings Södra,4-4-1,7055,Eskilsminne,4-4-2,0,,,,,,,,,,,,2761772834.0,6.2030065,[],6.0,5.0,10.0,57.0,27.0,100.0,7055.0,Eskilsminne,4-4-2,,,,,,,,,,,,,,,,,,,,,,,,,,,,,,,,,,,,,,,,,,,,,,,
2761772528,5678949,2H,73,57,01:13:57.016,4627.016989,2761772530.0,,,,,,throw_in,[],79.0,0.0,6849,Jönköpings Södra,4-4-1,7055,Eskilsminne,4-4-2,692804,O. Almström,LB,True,167.0,,22.0,558236.0,L. Eek,LCB,59.0,8.0,2761772528.0,11.036124,"['attack', 'throw_in']",6.0,0.0,79.0,0.0,89.0,49.0,6849.0,Jönköpings Södra,4-4-1,,,False,False,False,left,0.0,,,,,,,,,,,,,,,,,,,,,,,,,,,,,,,,,,,,,,,,
2761772530,5678949,2H,73,59,01:13:59.464,4629.464765,2761772532.0,,,,,,pass,"['forward_pass', 'pass_to_final_third', 'progressive_pass', 'short_or_medium_pass']",59.0,8.0,6849,Jönköpings Södra,4-4-1,7055,Eskilsminne,4-4-2,558236,L. Eek,LCB,True,35.0,,12.0,812471.0,A. Eriksson,LCMF,69.0,17.0,2761772528.0,11.036124,"['attack', 'throw_in']",6.0,1.0,79.0,0.0,89.0,49.0,6849.0,Jönköpings Södra,4-4-1,,,False,False,False,left,0.0,,,,,,,,,,,,,,,,,,,,,,,,,,,,,,,,,,,,,,,,
2761772532,5678949,2H,74,0,01:14:00.631,4630.631461,2761772533.0,,,,,,pass,"['forward_pass', 'short_or_medium_pass']",69.0,17.0,6849,Jönköpings Södra,4-4-1,7055,Eskilsminne,4-4-2,812471,A. Eriksson,LCMF,True,-8.0,,14.0,615327.0,I. Ellbring,RW,82.0,15.0,2761772528.0,11.036124,"['attack', 'throw_in']",6.0,2.0,79.0,0.0,89.0,49.0,6849.0,Jönköpings Södra,4-4-1,,,False,False,False,left,0.0,,,,,,,,,,,,,,,,,,,,,,,,,,,,,,,,,,,,,,,,
2761772533,5678949,2H,74,6,01:14:06.569,4636.569595,2761772534.0,,,,,,duel,"['dribble', 'ground_duel', 'offensive_duel']",82.0,15.0,6849,Jönköpings Södra,4-4-1,7055,Eskilsminne,4-4-2,615327,I. Ellbring,RW,,,,,,,,,,2761772528.0,11.036124,"['attack', 'throw_in']",6.0,3.0,79.0,0.0,89.0,49.0,6849.0,Jönköpings Södra,4-4-1,,,False,False,False,left,0.0,811825.0,D. Omanovic,RB,dribble,True,True,,,False,left,2761772838.0,,,,,,,,,,,,,,,,,,,,,,,,,,,,,
2761772838,5678949,2H,74,6,01:14:06.569,4636.569595,2761772534.0,,,,,,duel,"['defensive_duel', 'ground_duel']",18.0,85.0,7055,Eskilsminne,4-4-2,6849,Jönköpings Södra,4-4-1,811825,D. Omanovic,RB,,,,,,,,,,2761772528.0,11.036124,"['attack', 'throw_in']",6.0,4.0,79.0,0.0,89.0,49.0,6849.0,Jönköpings Södra,4-4-1,,,False,False,False,left,0.0,615327.0,I. Ellbring,RW,defensive_duel,,,False,False,False,right,2761772533.0,,,,,,,,,,,,,,,,,,,,,,,,,,,,,
2761772534,5678949,2H,74,7,01:14:07.331,4637.331595,2761772839.0,,,,,,pass,"['cross', 'lateral_pass', 'loss', 'pass_to_penalty_area']",81.0,17.0,6849,Jönköpings Södra,4-4-1,7055,Eskilsminne,4-4-2,615327,I. Ellbring,RW,False,69.0,high,23.0,739449.0,L. Larsen,RCB,89.0,49.0,2761772528.0,11.036124,"['attack', 'throw_in']",6.0,5.0,79.0,0.0,89.0,49.0,6849.0,Jönköpings Södra,4-4-1,,,False,False,False,left,0.0,,,,,,,,,,,,,,,,,,,,,,,,,,,,,,,,,,,,,,,,
2761772839,5678949,2H,74,8,01:14:08.774,4638.774631,2761772537.0,,,,,,interception,['loss'],11.0,51.0,7055,Eskilsminne,4-4-2,6849,Jönköpings Södra,4-4-1,739449,L. Larsen,RCB,,,,,,,,,,2761772839.0,10.853735,[],4.0,0.0,11.0,51.0,19.0,0.0,7055.0,Eskilsminne,4-4-2,,,,,,,,,,,,,,,,,,,,,,,,,,,,,,,,,,,,,,,,,,,,,,,
2761772537,5678949,2H,74,16,01:14:16.906,4646.906357,2761772840.0,,,,,,pass,"['forward_pass', 'long_pass', 'loss', 'pass_to_final_third']",49.0,98.0,6849,Jönköpings Södra,4-4-1,7055,Eskilsminne,4-4-2,613701,H. Lyck,RCB,False,-10.0,high,34.0,51079.0,L. Ohlander,LB,81.0,89.0,2761772839.0,10.853735,[],4.0,1.0,11.0,51.0,19.0,0.0,7055.0,Eskilsminne,4-4-2,,,,,,,,,,,,,,,,,,,,,,,,,,,,,,,,,,,,,,,,,,,,,,,
2761772840,5678949,2H,74,18,01:14:18.849,4648.849144,2761772538.0,,,,,,touch,['loss'],19.0,11.0,7055,Eskilsminne,4-4-2,6849,Jönköpings Södra,4-4-1,51079,L. Ohlander,LB,,,,,,,,,,2761772839.0,10.853735,[],4.0,2.0,11.0,51.0,19.0,0.0,7055.0,Eskilsminne,4-4-2,,,,,,,,,,,,,,,,,,,,,,,,,,,,,,,,,,,,,,,,,,,,,,,
2761772538,5678949,2H,74,20,01:14:20.407,4650.407588,,,,,,,game_interruption,['ball_out'],81.0,100.0,6849,Jönköpings Södra,4-4-1,7055,Eskilsminne,4-4-2,0,,,,,,,,,,,,2761772839.0,10.853735,[],4.0,3.0,11.0,51.0,19.0,0.0,7055.0,Eskilsminne,4-4-2,,,,,,,,,,,,,,,,,,,,,,,,,,,,,,,,,,,,,,,,,,,,,,,
2761772540,5678949,2H,74,23,01:14:23.951,4653.951366,2761772541.0,,,,,,throw_in,[],86.0,100.0,6849,Jönköpings Södra,4-4-1,7055,Eskilsminne,4-4-2,615319,A. Karlsson,RB,False,180.0,,11.0,0.0,,,76.0,100.0,2761772540.0,0.9023195,['throw_in'],2.0,0.0,86.0,100.0,76.0,100.0,6849.0,Jönköpings Södra,4-4-1,,,,,,,,,,,,,,,,,,,,,,,,,,,,,,,,,,,,,,,,,,,,,,,
2761772541,5678949,2H,74,25,01:14:25.756,4655.756005,,,,,,,game_interruption,['ball_out'],76.0,100.0,6849,Jönköpings Södra,4-4-1,7055,Eskilsminne,4-4-2,0,,,,,,,,,,,,2761772540.0,0.9023195,['throw_in'],2.0,1.0,86.0,100.0,76.0,100.0,6849.0,Jönköpings Södra,4-4-1,,,,,,,,,,,,,,,,,,,,,,,,,,,,,,,,,,,,,,,,,,,,,,,
2761772841,5678949,2H,74,36,01:14:36.180,4666.18023,2761772842.0,,,,,,throw_in,[],18.0,0.0,7055,Eskilsminne,4-4-2,6849,Jönköpings Södra,4-4-1,51079,L. Ohlander,LB,True,138.0,,14.0,566323.0,F. Velander,LCB,8.0,14.0,2761772841.0,16.222959,['throw_in'],16.0,0.0,18.0,0.0,48.0,78.0,7055.0,Eskilsminne,4-4-2,,,,,,,,,,,,,,,,,,,,,,,,,,,,,,,,,,,,,,,,,,,,,,,
2761772842,5678949,2H,74,37,01:14:37.786,4667.786335,2761772843.0,,,,,,pass,"['forward_pass', 'progressive_pass', 'short_or_medium_pass']",8.0,14.0,7055,Eskilsminne,4-4-2,6849,Jönköpings Södra,4-4-1,566323,F. Velander,LCB,True,6.0,,36.0,1182527.0,T. Vanneryr,SS,42.0,21.0,2761772841.0,16.222959,['throw_in'],16.0,1.0,18.0,0.0,48.0,78.0,7055.0,Eskilsminne,4-4-2,,,,,,,,,,,,,,,,,,,,,,,,,,,,,,,,,,,,,,,,,,,,,,,
2761772843,5678949,2H,74,39,01:14:39.822,4669.822587,2761772543.0,,,,,,touch,[],42.0,21.0,7055,Eskilsminne,4-4-2,6849,Jönköpings Södra,4-4-1,1182527,T. Vanneryr,SS,,,,,,,,,,2761772841.0,16.222959,['throw_in'],16.0,2.0,18.0,0.0,48.0,78.0,7055.0,Eskilsminne,4-4-2,,,,,,,,,,,,,,,,,,,,,,,,,,,,,,,,,,,,,,,,,,,,,,,
2761772543,5678949,2H,74,40,01:14:40.858,4670.858464,2761772544.0,,,,,,duel,"['ground_duel', 'offensive_duel', 'recovery', 'counterpressing_recovery']",59.0,78.0,6849,Jönköpings Södra,4-4-1,7055,Eskilsminne,4-4-2,613701,H. Lyck,RCB,,,,,,,,,,2761772841.0,16.222959,['throw_in'],16.0,3.0,18.0,0.0,48.0,78.0,7055.0,Eskilsminne,4-4-2,,,,,,,,1182527.0,T. Vanneryr,SS,offensive_duel,True,False,,,False,,2761772844.0,,,,,,,,,,,,,,,,,,,,,,,,,,,,,
2761772844,5678949,2H,74,40,01:14:40.858,4670.858464,2761772845.0,,,,,,duel,"['defensive_duel', 'ground_duel', 'loss']",41.0,22.0,7055,Eskilsminne,4-4-2,6849,Jönköpings Södra,4-4-1,1182527,T. Vanneryr,SS,,,,,,,,,,2761772841.0,16.222959,['throw_in'],16.0,4.0,18.0,0.0,48.0,78.0,7055.0,Eskilsminne,4-4-2,,,,,,,,613701.0,H. Lyck,RCB,defensive_duel,,,True,False,False,,2761772543.0,,,,,,,,,,,,,,,,,,,,,,,,,,,,,
2761772544,5678949,2H,74,42,01:14:42.181,4672.181004,2761772547.0,,,,,,duel,"['dribble', 'ground_duel', 'offensive_duel']",65.0,87.0,6849,Jönköpings Södra,4-4-1,7055,Eskilsminne,4-4-2,613701,H. Lyck,RCB,,,,,,,,,,2761772841.0,16.222959,['throw_in'],16.0,5.0,18.0,0.0,48.0,78.0,7055.0,Eskilsminne,4-4-2,,,,,,,,807610.0,T. Bermudez,CF,dribble,True,False,,,False,left,2761772845.0,,,,,,,,,,,,,,,,,,,,,,,,,,,,,
2761772845,5678949,2H,74,42,01:14:42.181,4672.181004,2761772547.0,,,,,,duel,"['defensive_duel', 'ground_duel']",35.0,13.0,7055,Eskilsminne,4-4-2,6849,Jönköpings Södra,4-4-1,807610,T. Bermudez,CF,,,,,,,,,,2761772841.0,16.222959,['throw_in'],16.0,6.0,18.0,0.0,48.0,78.0,7055.0,Eskilsminne,4-4-2,,,,,,,,613701.0,H. Lyck,RCB,defensive_duel,,,True,False,False,right,2761772544.0,,,,,,,,,,,,,,,,,,,,,,,,,,,,,
2761772547,5678949,2H,74,43,01:14:43.389,4673.389689,2761772846.0,,,,,,pass,"['forward_pass', 'loss', 'short_or_medium_pass']",54.0,86.0,6849,Jönköpings Södra,4-4-1,7055,Eskilsminne,4-4-2,615319,A. Karlsson,RB,False,31.0,,6.0,989684.0,M. Larsson,LW,59.0,89.0,2761772841.0,16.222959,['throw_in'],16.0,7.0,18.0,0.0,48.0,78.0,7055.0,Eskilsminne,4-4-2,,,,,,,,,,,,,,,,,,,,,,,,,,,,,,,,,,,,,,,,,,,,,,,
2761772846,5678949,2H,74,43,01:14:43.552,4673.55229,2761772549.0,,,,,,interception,"['loss', 'recovery', 'counterpressing_recovery']",41.0,11.0,7055,Eskilsminne,4-4-2,6849,Jönköpings Södra,4-4-1,989684,M. Larsson,LW,,,,,,,,,,2761772841.0,16.222959,['throw_in'],16.0,8.0,18.0,0.0,48.0,78.0,7055.0,Eskilsminne,4-4-2,,,,,,,,,,,,,,,,,,,,,,,,,,,,,,,,,,,,,,,,,,,,,,,
2761772548,5678949,2H,74,44,01:14:44.101,4674.10116,2761772549.0,,,,,,touch,[],53.0,89.0,6849,Jönköpings Södra,4-4-1,7055,Eskilsminne,4-4-2,615319,A. Karlsson,RB,,,,,,,,,,2761772841.0,16.222959,['throw_in'],16.0,9.0,18.0,0.0,48.0,78.0,7055.0,Eskilsminne,4-4-2,,,,,,,,,,,,,,,,,,,,,,,,,,,,,,,,,,,,,,,,,,,,,,,
2761772549,5678949,2H,74,44,01:14:44.395,4674.395688,2761772847.0,,,,,,pass,"['head_pass', 'loss', 'short_or_medium_pass']",62.0,76.0,6849,Jönköpings Södra,4-4-1,7055,Eskilsminne,4-4-2,812471,A. Eriksson,LCMF,False,-70.0,high,11.0,493674.0,C. Seger,RCMF,66.0,61.0,2761772841.0,16.222959,['throw_in'],16.0,10.0,18.0,0.0,48.0,78.0,7055.0,Eskilsminne,4-4-2,,,,,,,,,,,,,,,,,,,,,,,,,,,,,,,,,,,,,,,,,,,,,,,
2761772847,5678949,2H,74,45,01:14:45.836,4675.836648,2761772848.0,,,,,,interception,"['lateral_pass', 'pass', 'recovery', 'counterpressing_recovery', 'short_or_medium_pass']",34.0,39.0,7055,Eskilsminne,4-4-2,6849,Jönköpings Södra,4-4-1,493674,C. Seger,RCMF,True,94.0,,14.0,517376.0,H. Norrby,LCMF,33.0,60.0,2761772841.0,16.222959,['throw_in'],16.0,11.0,18.0,0.0,48.0,78.0,7055.0,Eskilsminne,4-4-2,,,,,,,,,,,,,,,,,,,,,,,,,,,,,,,,,,,,,,,,,,,,,,,
2761772848,5678949,2H,74,48,01:14:48.854,4678.854033,2761772849.0,,,,,,pass,"['lateral_pass', 'short_or_medium_pass']",33.0,60.0,7055,Eskilsminne,4-4-2,6849,Jönköpings Södra,4-4-1,517376,H. Norrby,LCMF,True,50.0,,17.0,811825.0,D. Omanovic,RB,44.0,79.0,2761772841.0,16.222959,['throw_in'],16.0,12.0,18.0,0.0,48.0,78.0,7055.0,Eskilsminne,4-4-2,,,,,,,,,,,,,,,,,,,,,,,,,,,,,,,,,,,,,,,,,,,,,,,
2761772550,5678949,2H,74,51,01:14:51.836,4681.836105,2761772551.0,,,,,,duel,"['defensive_duel', 'ground_duel']",56.0,21.0,6849,Jönköpings Södra,4-4-1,7055,Eskilsminne,4-4-2,692804,O. Almström,LB,,,,,,,,,,2761772841.0,16.222959,['throw_in'],16.0,13.0,18.0,0.0,48.0,78.0,7055.0,Eskilsminne,4-4-2,,,,,,,,811825.0,D. Omanovic,RB,defensive_duel,,,False,False,False,,2761772849.0,,,,,,,,,,,,,,,,,,,,,,,,,,,,,
2761772849,5678949,2H,74,51,01:14:51.836,4681.836105,2761772551.0,,,,,,duel,"['foul_suffered', 'ground_duel', 'loss', 'offensive_duel']",44.0,79.0,7055,Eskilsminne,4-4-2,6849,Jönköpings Södra,4-4-1,811825,D. Omanovic,RB,,,,,,,,,,2761772841.0,16.222959,['throw_in'],16.0,14.0,18.0,0.0,48.0,78.0,7055.0,Eskilsminne,4-4-2,,,,,,,,692804.0,O. Almström,LB,offensive_duel,True,True,,,False,,2761772550.0,,,,,,,,,,,,,,,,,,,,,,,,,,,,,
2761772551,5678949,2H,74,52,01:14:52.970,4682.970273,2761772849.0,,,,,,infraction,['foul'],52.0,22.0,6849,Jönköpings Södra,4-4-1,7055,Eskilsminne,4-4-2,692804,O. Almström,LB,,,,,,,,,,2761772841.0,16.222959,['throw_in'],16.0,15.0,18.0,0.0,48.0,78.0,7055.0,Eskilsminne,4-4-2,,,,,,,,,,,,,,,,,,,False,False,regular_foul,811825.0,D. Omanovic,RB,,,,,,,,,,,,,,,,,,,,,,,
2761772850,5678949,2H,75,12,01:15:12.880,4702.88068,2761772851.0,,,,,,free_kick,[],46.0,81.0,7055,Eskilsminne,4-4-2,6849,Jönköpings Södra,4-4-1,493674,C. Seger,RCMF,True,-111.0,,34.0,566323.0,F. Velander,LCB,34.0,35.0,2761772850.0,16.4327095,"['set_piece_attack', 'attack', 'free_kick']",9.0,0.0,46.0,81.0,81.0,0.0,7055.0,Eskilsminne,4-4-2,,,False,False,False,left,0.0,,,,,,,,,,,,,,,,,,,,,,,,,,,,,,,,,,,,,,,,
2761772851,5678949,2H,75,15,01:15:15.071,4705.071288,2761772852.0,,,,,,pass,['short_or_medium_pass'],34.0,35.0,7055,Eskilsminne,4-4-2,6849,Jönköpings Södra,4-4-1,566323,F. Velander,LCB,True,-66.0,,10.0,51079.0,L. Ohlander,LB,38.0,22.0,2761772850.0,16.4327095,"['set_piece_attack', 'attack', 'free_kick']",9.0,1.0,46.0,81.0,81.0,0.0,7055.0,Eskilsminne,4-4-2,,,False,False,False,left,0.0,,,,,,,,,,,,,,,,,,,,,,,,,,,,,,,,,,,,,,,,
2761772852,5678949,2H,75,17,01:15:17.729,4707.729017,2761772853.0,,,,,,pass,"['forward_pass', 'short_or_medium_pass']",38.0,22.0,7055,Eskilsminne,4-4-2,6849,Jönköpings Södra,4-4-1,51079,L. Ohlander,LB,True,-34.0,,22.0,989684.0,M. Larsson,LW,55.0,4.0,2761772850.0,16.4327095,"['set_piece_attack', 'attack', 'free_kick']",9.0,2.0,46.0,81.0,81.0,0.0,7055.0,Eskilsminne,4-4-2,,,False,False,False,left,0.0,,,,,,,,,,,,,,,,,,,,,,,,,,,,,,,,,,,,,,,,
2761772853,5678949,2H,75,18,01:15:18.735,4708.735148,2761772854.0,,,,,,touch,['carry'],55.0,4.0,7055,Eskilsminne,4-4-2,6849,Jönköpings Södra,4-4-1,989684,M. Larsson,LW,,,,,,,,,,2761772850.0,16.4327095,"['set_piece_attack', 'attack', 'free_kick']",9.0,3.0,46.0,81.0,81.0,0.0,7055.0,Eskilsminne,4-4-2,,,False,False,False,left,0.0,,,,,,,,,,,,,,,,,,,-6.821,46.0,8.0,,,,,,,,,,,,,,,,,,,
2761772854,5678949,2H,75,19,01:15:19.701,4709.701577,2761772855.0,,,,,,pass,"['forward_pass', 'pass_to_final_third', 'progressive_pass', 'short_or_medium_pass']",46.0,8.0,7055,Eskilsminne,4-4-2,6849,Jönköpings Södra,4-4-1,989684,M. Larsson,LW,True,-5.0,,22.0,51079.0,L. Ohlander,LB,67.0,5.0,2761772850.0,16.4327095,"['set_piece_attack', 'attack', 'free_kick']",9.0,4.0,46.0,81.0,81.0,0.0,7055.0,Eskilsminne,4-4-2,,,False,False,False,left,0.0,,,,,,,,,,,,,,,,,,,,,,,,,,,,,,,,,,,,,,,,
2761772855,5678949,2H,75,23,01:15:23.630,4713.630422,2761772856.0,,,,,,pass,"['forward_pass', 'short_or_medium_pass']",67.0,5.0,7055,Eskilsminne,4-4-2,6849,Jönköpings Södra,4-4-1,51079,L. Ohlander,LB,True,11.0,,10.0,807610.0,T. Bermudez,CF,76.0,8.0,2761772850.0,16.4327095,"['set_piece_attack', 'attack', 'free_kick']",9.0,5.0,46.0,81.0,81.0,0.0,7055.0,Eskilsminne,4-4-2,,,False,False,False,left,0.0,,,,,,,,,,,,,,,,,,,,,,,,,,,,,,,,,,,,,,,,
2761772553,5678949,2H,75,28,01:15:28.389,4718.389118,2761772857.0,,,,,,duel,"['defensive_duel', 'ground_duel']",24.0,92.0,6849,Jönköpings Södra,4-4-1,7055,Eskilsminne,4-4-2,615319,A. Karlsson,RB,,,,,,,,,,2761772850.0,16.4327095,"['set_piece_attack', 'attack', 'free_kick']",9.0,6.0,46.0,81.0,81.0,0.0,7055.0,Eskilsminne,4-4-2,,,False,False,False,left,0.0,807610.0,T. Bermudez,CF,defensive_duel,,,True,False,False,,2761772856.0,,,,,,,,,,,,,,,,,,,,,,,,,,,,,
2761772856,5678949,2H,75,28,01:15:28.389,4718.389118,2761772857.0,,,,,,duel,"['ground_duel', 'loss', 'offensive_duel']",76.0,8.0,7055,Eskilsminne,4-4-2,6849,Jönköpings Södra,4-4-1,807610,T. Bermudez,CF,,,,,,,,,,2761772850.0,16.4327095,"['set_piece_attack', 'attack', 'free_kick']",9.0,7.0,46.0,81.0,81.0,0.0,7055.0,Eskilsminne,4-4-2,,,False,False,False,left,0.0,615319.0,A. Karlsson,RB,offensive_duel,True,False,,,False,,2761772553.0,,,,,,,,,,,,,,,,,,,,,,,,,,,,,
2761772555,5678949,2H,75,30,01:15:30.237,4720.237661,,,,,,,game_interruption,['ball_out'],19.0,100.0,6849,Jönköpings Södra,4-4-1,7055,Eskilsminne,4-4-2,0,,,,,,,,,,,,2761772850.0,16.4327095,"['set_piece_attack', 'attack', 'free_kick']",9.0,8.0,46.0,81.0,81.0,0.0,7055.0,Eskilsminne,4-4-2,,,False,False,False,left,0.0,,,,,,,,,,,,,,,,,,,,,,,,,,,,,,,,,,,,,,,,
2761772857,5678949,2H,75,47,01:15:47.773,4737.773273,2761772858.0,,,,,,throw_in,[],79.0,0.0,7055,Eskilsminne,4-4-2,6849,Jönköpings Södra,4-4-1,51079,L. Ohlander,LB,True,51.0,,7.0,1182527.0,T. Vanneryr,SS,83.0,8.0,2761772857.0,5.29296,"['attack', 'throw_in']",5.0,0.0,79.0,0.0,90.0,27.0,7055.0,Eskilsminne,4-4-2,,,True,False,False,left,0.0206,,,,,,,,,,,,,,,,,,,,,,,,,,,,,,,,,,,,,,,,
2761772858,5678949,2H,75,49,01:15:49.162,4739.162431,2761772859.0,,,,,,touch,"['progressive_run', 'carry']",83.0,8.0,7055,Eskilsminne,4-4-2,6849,Jönköpings Södra,4-4-1,1182527,T. Vanneryr,SS,,,,,,,,,,2761772857.0,5.29296,"['attack', 'throw_in']",5.0,1.0,79.0,0.0,90.0,27.0,7055.0,Eskilsminne,4-4-2,,,True,False,False,left,0.0206,,,,,,,,,,,,,,,,,,,14.84,90.0,27.0,,,,,,,,,,,,,,,,,,,
2761772557,5678949,2H,75,52,01:15:52.558,4742.558253,2761772860.0,,,,,,duel,"['defensive_duel', 'ground_duel']",11.0,84.0,6849,Jönköpings Södra,4-4-1,7055,Eskilsminne,4-4-2,615319,A. Karlsson,RB,,,,,,,,,,2761772857.0,5.29296,"['attack', 'throw_in']",5.0,2.0,79.0,0.0,90.0,27.0,7055.0,Eskilsminne,4-4-2,,,True,False,False,left,0.0206,1182527.0,T. Vanneryr,SS,defensive_duel,,,False,False,False,right,2761772859.0,,,,,,,,,,,,,,,,,,,,,,,,,,,,,
2761772859,5678949,2H,75,52,01:15:52.558,4742.558253,2761772860.0,,,,,,duel,"['dribble', 'ground_duel', 'offensive_duel']",89.0,16.0,7055,Eskilsminne,4-4-2,6849,Jönköpings Södra,4-4-1,1182527,T. Vanneryr,SS,,,,,,,,,,2761772857.0,5.29296,"['attack', 'throw_in']",5.0,3.0,79.0,0.0,90.0,27.0,7055.0,Eskilsminne,4-4-2,,,True,False,False,left,0.0206,615319.0,A. Karlsson,RB,dribble,True,True,,,False,left,2761772557.0,,,,,,,,,,,,,,,,,,,,,,,,,,,,,
2761772860,5678949,2H,75,53,01:15:53.574,4743.574213,,,,,,,shot,"['opportunity', 'shot_after_throw_in', 'touch_in_box']",90.0,27.0,7055,Eskilsminne,4-4-2,6849,Jönköpings Södra,4-4-1,1182527,T. Vanneryr,SS,,,,,,,,,,2761772857.0,5.29296,"['attack', 'throw_in']",5.0,4.0,79.0,0.0,90.0,27.0,7055.0,Eskilsminne,4-4-2,,,True,False,False,left,0.0206,,,,,,,,,,,,,,,,,,,,,,right_foot,False,False,olb,0.02061,,,,,,,,,,,,,,
2761772558,5678949,2H,75,59,01:15:59.364,4749.364548,,,,,,,game_interruption,['ball_out'],0.0,56.0,6849,Jönköpings Södra,4-4-1,7055,Eskilsminne,4-4-2,0,,,,,,,,,,,,,,,,,,,,,,,,,,,,,,,,,,,,,,,,,,,,,,,,,,,,,,,,,,,,,,,,,,,,,,
2761772559,5678949,2H,76,4,01:16:04.108,4754.108815,2761772561.0,,,,,,goal_kick,['carry'],0.0,53.0,6849,Jönköpings Södra,4-4-1,7055,Eskilsminne,4-4-2,899727,A. Eriksson,GK,True,42.0,,11.0,899727.0,A. Eriksson,GK,13.0,64.0,2761772559.0,24.651118,"['set_piece_attack', 'attack', 'free_kick']",12.0,0.0,0.0,53.0,89.0,33.0,6849.0,Jönköpings Södra,4-4-1,,,False,False,False,center,0.0,,,,,,,,,,,,,,,,,,,13.18,13.0,64.0,,,,,,,,,,,,,,,,,,,
2761772561,5678949,2H,76,11,01:16:11.924,4761.92471,2761772562.0,,,,,,pass,"['forward_pass', 'long_pass']",13.0,64.0,6849,Jönköpings Södra,4-4-1,7055,Eskilsminne,4-4-2,899727,A. Eriksson,GK,True,30.0,high,34.0,615327.0,I. Ellbring,RW,41.0,90.0,2761772559.0,24.651118,"['set_piece_attack', 'attack', 'free_kick']",12.0,1.0,0.0,53.0,89.0,33.0,6849.0,Jönköpings Södra,4-4-1,,,False,False,False,center,0.0,,,,,,,,,,,,,,,,,,,,,,,,,,,,,,,,,,,,,,,,
2761772562,5678949,2H,76,14,01:16:14.871,4764.87176,2761772563.0,,,,,,pass,"['forward_pass', 'head_pass', 'progressive_pass', 'short_or_medium_pass']",41.0,90.0,6849,Jönköpings Södra,4-4-1,7055,Eskilsminne,4-4-2,615327,I. Ellbring,RW,True,-31.0,high,17.0,1060409.0,L. Lyck,CF,55.0,77.0,2761772559.0,24.651118,"['set_piece_attack', 'attack', 'free_kick']",12.0,2.0,0.0,53.0,89.0,33.0,6849.0,Jönköpings Södra,4-4-1,,,False,False,False,center,0.0,,,,,,,,,,,,,,,,,,,,,,,,,,,,,,,,,,,,,,,,
2761772563,5678949,2H,76,18,01:16:18.045,4768.045981,2761772564.0,,,,,,pass,['short_or_medium_pass'],55.0,77.0,6849,Jönköpings Södra,4-4-1,7055,Eskilsminne,4-4-2,1060409,L. Lyck,CF,True,-117.0,,7.0,615327.0,I. Ellbring,RW,52.0,67.0,2761772559.0,24.651118,"['set_piece_attack', 'attack', 'free_kick']",12.0,3.0,0.0,53.0,89.0,33.0,6849.0,Jönköpings Södra,4-4-1,,,False,False,False,center,0.0,,,,,,,,,,,,,,,,,,,,,,,,,,,,,,,,,,,,,,,,
2761772564,5678949,2H,76,20,01:16:20.190,4770.190648,2761772566.0,,,,,,pass,"['lateral_pass', 'short_or_medium_pass']",52.0,67.0,6849,Jönköpings Södra,4-4-1,7055,Eskilsminne,4-4-2,615327,I. Ellbring,RW,True,-79.0,,16.0,51830.0,D. Kozica,RCMF,55.0,44.0,2761772559.0,24.651118,"['set_piece_attack', 'attack', 'free_kick']",12.0,4.0,0.0,53.0,89.0,33.0,6849.0,Jönköpings Södra,4-4-1,,,False,False,False,center,0.0,,,,,,,,,,,,,,,,,,,,,,,,,,,,,,,,,,,,,,,,
2761772566,5678949,2H,76,21,01:16:21.824,4771.824524,2761773445.0,,,,,,touch,"['progressive_run', 'carry']",55.0,44.0,6849,Jönköpings Södra,4-4-1,7055,Eskilsminne,4-4-2,51830,D. Kozica,RCMF,,,,,,,,,,2761772559.0,24.651118,"['set_piece_attack', 'attack', 'free_kick']",12.0,5.0,0.0,53.0,89.0,33.0,6849.0,Jönköpings Södra,4-4-1,,,False,False,False,center,0.0,,,,,,,,,,,,,,,,,,,20.12,74.0,49.0,,,,,,,,,,,,,,,,,,,
2761772861,5678949,2H,76,23,01:16:23.433,4773.433518,2761772567.0,,,,,,duel,"['defensive_duel', 'ground_duel']",36.0,55.0,7055,Eskilsminne,4-4-2,6849,Jönköpings Södra,4-4-1,517376,H. Norrby,LCMF,,,,,,,,,,2761772559.0,24.651118,"['set_piece_attack', 'attack', 'free_kick']",12.0,6.0,0.0,53.0,89.0,33.0,6849.0,Jönköpings Södra,4-4-1,,,False,False,False,center,0.0,0.0,,,defensive_duel,,,True,False,False,,2761773445.0,,,,,,,,,,,,,,,,,,,,,,,,,,,,,
2761773445,5678949,2H,76,23,01:16:23.433,4773.433518,2761772567.0,,,,,,duel,"['ground_duel', 'offensive_duel']",64.0,45.0,6849,Jönköpings Södra,4-4-1,7055,Eskilsminne,4-4-2,0,,,,,,,,,,,,2761772559.0,24.651118,"['set_piece_attack', 'attack', 'free_kick']",12.0,7.0,0.0,53.0,89.0,33.0,6849.0,Jönköpings Södra,4-4-1,,,False,False,False,center,0.0,517376.0,H. Norrby,LCMF,offensive_duel,True,False,,,False,,2761772861.0,,,,,,,,,,,,,,,,,,,,,,,,,,,,,
2761772567,5678949,2H,76,24,01:16:24.290,4774.290099,2761772862.0,,,,,,pass,"['loss', 'short_or_medium_pass']",74.0,49.0,6849,Jönköpings Södra,4-4-1,7055,Eskilsminne,4-4-2,51830,D. Kozica,RCMF,False,-72.0,,4.0,811825.0,D. Omanovic,RB,75.0,44.0,2761772559.0,24.651118,"['set_piece_attack', 'attack', 'free_kick']",12.0,8.0,0.0,53.0,89.0,33.0,6849.0,Jönköpings Södra,4-4-1,,,False,False,False,center,0.0,,,,,,,,,,,,,,,,,,,,,,,,,,,,,,,,,,,,,,,,
2761772862,5678949,2H,76,24,01:16:24.608,4774.608717,2761772569.0,,,,,,interception,"['loss', 'recovery']",25.0,56.0,7055,Eskilsminne,4-4-2,6849,Jönköpings Södra,4-4-1,811825,D. Omanovic,RB,,,,,,,,,,2761772559.0,24.651118,"['set_piece_attack', 'attack', 'free_kick']",12.0,9.0,0.0,53.0,89.0,33.0,6849.0,Jönköpings Södra,4-4-1,,,False,False,False,center,0.0,,,,,,,,,,,,,,,,,,,,,,,,,,,,,,,,,,,,,,,,
2761772569,5678949,2H,76,27,01:16:27.160,4777.160619,2761772570.0,,,,,,pass,"['deep_completion', 'forward_pass', 'pass_to_penalty_area', 'progressive_pass', 'recovery', 'counterpressing_recovery', 'short_or_medium_pass']",75.0,16.0,6849,Jönköpings Södra,4-4-1,7055,Eskilsminne,4-4-2,692804,O. Almström,LB,True,24.0,,17.0,674204.0,F. Benatallah,LW,90.0,27.0,2761772559.0,24.651118,"['set_piece_attack', 'attack', 'free_kick']",12.0,10.0,0.0,53.0,89.0,33.0,6849.0,Jönköpings Södra,4-4-1,,,False,False,False,center,0.0,,,,,,,,,,,,,,,,,,,,,,,,,,,,,,,,,,,,,,,,
2761772570,5678949,2H,76,28,01:16:28.622,4778.622032,2761772863.0,,,,,,pass,"['loss', 'short_or_medium_pass', 'touch_in_box']",90.0,27.0,6849,Jönköpings Södra,4-4-1,7055,Eskilsminne,4-4-2,674204,F. Benatallah,LW,False,117.0,,4.0,811825.0,D. Omanovic,RB,89.0,33.0,2761772559.0,24.651118,"['set_piece_attack', 'attack', 'free_kick']",12.0,11.0,0.0,53.0,89.0,33.0,6849.0,Jönköpings Södra,4-4-1,,,False,False,False,center,0.0,,,,,,,,,,,,,,,,,,,,,,,,,,,,,,,,,,,,,,,,
2761772863,5678949,2H,76,28,01:16:28.897,4778.897834,2761772864.0,,,,,,interception,"['recovery', 'counterpressing_recovery']",11.0,67.0,7055,Eskilsminne,4-4-2,6849,Jönköpings Södra,4-4-1,811825,D. Omanovic,RB,,,,,,,,,,2761772863.0,2.013908,[],3.0,0.0,11.0,67.0,34.0,100.0,7055.0,Eskilsminne,4-4-2,,,,,,,,,,,,,,,,,,,,,,,,,,,,,,,,,,,,,,,,,,,,,,,
2761772864,5678949,2H,76,30,01:16:30.012,4780.012183,2761772571.0,,,,,,clearance,[],15.0,71.0,7055,Eskilsminne,4-4-2,6849,Jönköpings Södra,4-4-1,615876,E. Hintsa,RW,,,,,,,,,,2761772863.0,2.013908,[],3.0,1.0,11.0,67.0,34.0,100.0,7055.0,Eskilsminne,4-4-2,,,,,,,,,,,,,,,,,,,,,,,,,,,,,,,,,,,,,,,,,,,,,,,
2761772571,5678949,2H,76,31,01:16:31.811,4781.811301,,,,,,,game_interruption,['ball_out'],66.0,0.0,6849,Jönköpings Södra,4-4-1,7055,Eskilsminne,4-4-2,0,,,,,,,,,,,,2761772863.0,2.013908,[],3.0,2.0,11.0,67.0,34.0,100.0,7055.0,Eskilsminne,4-4-2,,,,,,,,,,,,,,,,,,,,,,,,,,,,,,,,,,,,,,,,,,,,,,,
2761772572,5678949,2H,76,37,01:16:37.600,4787.600416,2761772573.0,,,,,,throw_in,[],79.0,0.0,6849,Jönköpings Södra,4-4-1,7055,Eskilsminne,4-4-2,692804,O. Almström,LB,True,119.0,,10.0,51830.0,D. Kozica,RCMF,74.0,13.0,2761772572.0,5.95595,"['attack', 'throw_in']",4.0,0.0,79.0,0.0,92.0,10.0,6849.0,Jönköpings Södra,4-4-1,,,False,False,False,left,0.0,,,,,,,,,,,,,,,,,,,,,,,,,,,,,,,,,,,,,,,,
2761772573,5678949,2H,76,40,01:16:40.404,4790.404712,2761772574.0,,,,,,pass,"['forward_pass', 'short_or_medium_pass']",74.0,13.0,6849,Jönköpings Södra,4-4-1,7055,Eskilsminne,4-4-2,51830,D. Kozica,RCMF,True,-18.0,,20.0,692804.0,O. Almström,LB,92.0,4.0,2761772572.0,5.95595,"['attack', 'throw_in']",4.0,1.0,79.0,0.0,92.0,10.0,6849.0,Jönköpings Södra,4-4-1,,,False,False,False,left,0.0,,,,,,,,,,,,,,,,,,,,,,,,,,,,,,,,,,,,,,,,
2761772574,5678949,2H,76,43,01:16:43.368,4793.368272,2761772865.0,,,,,,pass,"['loss', 'short_or_medium_pass']",92.0,4.0,6849,Jönköpings Södra,4-4-1,7055,Eskilsminne,4-4-2,692804,O. Almström,LB,False,90.0,,4.0,811825.0,D. Omanovic,RB,92.0,10.0,2761772572.0,5.95595,"['attack', 'throw_in']",4.0,2.0,79.0,0.0,92.0,10.0,6849.0,Jönköpings Södra,4-4-1,,,False,False,False,left,0.0,,,,,,,,,,,,,,,,,,,,,,,,,,,,,,,,,,,,,,,,
2761772865,5678949,2H,76,43,01:16:43.744,4793.74446,2761772575.0,,,,,,interception,[],8.0,90.0,7055,Eskilsminne,4-4-2,6849,Jönköpings Södra,4-4-1,811825,D. Omanovic,RB,,,,,,,,,,2761772572.0,5.95595,"['attack', 'throw_in']",4.0,3.0,79.0,0.0,92.0,10.0,6849.0,Jönköpings Södra,4-4-1,,,False,False,False,left,0.0,,,,,,,,,,,,,,,,,,,,,,,,,,,,,,,,,,,,,,,,
2761772575,5678949,2H,76,45,01:16:45.568,4795.568498,,,,,,,game_interruption,['ball_out'],100.0,10.0,6849,Jönköpings Södra,4-4-1,7055,Eskilsminne,4-4-2,0,,,,,,,,,,,,,,,,,,,,,,,,,,,,,,,,,,,,,,,,,,,,,,,,,,,,,,,,,,,,,,,,,,,,,,
2761772576,5678949,2H,77,1,01:17:01.522,4811.522521,2761772866.0,,,,,,corner,[],100.0,0.0,6849,Jönköpings Södra,4-4-1,7055,Eskilsminne,4-4-2,51830,D. Kozica,RCMF,False,98.0,high,29.0,739449.0,L. Larsen,RCB,96.0,42.0,2761772576.0,15.1657285,"['corner', 'set_piece_attack', 'attack']",6.0,0.0,100.0,0.0,92.0,18.0,6849.0,Jönköpings Södra,4-4-1,,,False,False,False,left,0.0,,,,,,,,,,,,,,,,,,,,,,,,,,,,,,,,,,,,,,,,
2761772866,5678949,2H,77,2,01:17:02.604,4812.604458,2761772577.0,,,,,,interception,"['head_pass', 'loss']",4.0,58.0,7055,Eskilsminne,4-4-2,6849,Jönköpings Södra,4-4-1,739449,L. Larsen,RCB,,,,,,,,,,2761772576.0,15.1657285,"['corner', 'set_piece_attack', 'attack']",6.0,1.0,100.0,0.0,92.0,18.0,6849.0,Jönköpings Södra,4-4-1,,,False,False,False,left,0.0,,,,,,,,,,,,,,,,,,,,,,,,,,,,,,,,,,,,,,,,
2761772577,5678949,2H,77,9,01:17:09.437,4819.437893,2761772579.0,,,,,,pass,"['forward_pass', 'long_pass', 'pass_to_final_third', 'progressive_pass', 'recovery']",59.0,8.0,6849,Jönköpings Södra,4-4-1,7055,Eskilsminne,4-4-2,558236,L. Eek,LCB,True,-2.0,high,23.0,615327.0,I. Ellbring,RW,81.0,6.0,2761772576.0,15.1657285,"['corner', 'set_piece_attack', 'attack']",6.0,2.0,100.0,0.0,92.0,18.0,6849.0,Jönköpings Södra,4-4-1,,,False,False,False,left,0.0,,,,,,,,,,,,,,,,,,,,,,,,,,,,,,,,,,,,,,,,
2761772579,5678949,2H,77,13,01:17:13.278,4823.278668,2761772581.0,,,,,,pass,['short_or_medium_pass'],81.0,6.0,6849,Jönköpings Södra,4-4-1,7055,Eskilsminne,4-4-2,615327,I. Ellbring,RW,True,82.0,,7.0,692804.0,O. Almström,LB,82.0,16.0,2761772576.0,15.1657285,"['corner', 'set_piece_attack', 'attack']",6.0,3.0,100.0,0.0,92.0,18.0,6849.0,Jönköpings Södra,4-4-1,,,False,False,False,left,0.0,,,,,,,,,,,,,,,,,,,,,,,,,,,,,,,,,,,,,,,,
2761772581,5678949,2H,77,13,01:17:13.881,4823.881058,2761772583.0,,,,,,pass,"['forward_pass', 'short_or_medium_pass']",82.0,16.0,6849,Jönköpings Södra,4-4-1,7055,Eskilsminne,4-4-2,692804,O. Almström,LB,False,5.0,,11.0,674204.0,F. Benatallah,LW,92.0,18.0,2761772576.0,15.1657285,"['corner', 'set_piece_attack', 'attack']",6.0,4.0,100.0,0.0,92.0,18.0,6849.0,Jönköpings Södra,4-4-1,,,False,False,False,left,0.0,,,,,,,,,,,,,,,,,,,,,,,,,,,,,,,,,,,,,,,,
2761772583,5678949,2H,77,19,01:17:19.495,4829.495441,,,,,,,offside,[],92.0,18.0,6849,Jönköpings Södra,4-4-1,7055,Eskilsminne,4-4-2,674204,F. Benatallah,LW,,,,,,,,,,2761772576.0,15.1657285,"['corner', 'set_piece_attack', 'attack']",6.0,5.0,100.0,0.0,92.0,18.0,6849.0,Jönköpings Södra,4-4-1,,,False,False,False,left,0.0,,,,,,,,,,,,,,,,,,,,,,,,,,,,,,,,,,,,,,,,
2761772867,5678949,2H,77,41,01:17:41.230,4851.2309,2761772868.0,,,,,,free_kick,[],11.0,75.0,7055,Eskilsminne,4-4-2,6849,Jönköpings Södra,4-4-1,693887,H. Pauli,GK,True,-1.0,,59.0,1182527.0,T. Vanneryr,SS,67.0,73.0,2761772867.0,11.414411,"['set_piece_attack', 'free_kick']",8.0,0.0,11.0,75.0,60.0,26.0,7055.0,Eskilsminne,4-4-2,,,,,,,,,,,,,,,,,,,,,,,,,,,,,,,,,,,,,,,,,,,,,,,
2761772585,5678949,2H,77,44,01:17:44.566,4854.566151,2761772586.0,,,,,,duel,"['aerial_duel', 'recovery', 'counterpressing_recovery']",33.0,27.0,6849,Jönköpings Södra,4-4-1,7055,Eskilsminne,4-4-2,613701,H. Lyck,RCB,,,,,,,,,,2761772867.0,11.414411,"['set_piece_attack', 'free_kick']",8.0,1.0,11.0,75.0,60.0,26.0,7055.0,Eskilsminne,4-4-2,,,,,,,,,,,,,,,,,,,,,,,,,,,,,,,,,,,,,,,1182527.0,T. Vanneryr,SS,0.0,True,0.0,2761772868.0,,
2761772868,5678949,2H,77,44,01:17:44.566,4854.566151,2761772869.0,,,,,,duel,"['aerial_duel', 'loss']",67.0,73.0,7055,Eskilsminne,4-4-2,6849,Jönköpings Södra,4-4-1,1182527,T. Vanneryr,SS,,,,,,,,,,2761772867.0,11.414411,"['set_piece_attack', 'free_kick']",8.0,2.0,11.0,75.0,60.0,26.0,7055.0,Eskilsminne,4-4-2,,,,,,,,,,,,,,,,,,,,,,,,,,,,,,,,,,,,,,,613701.0,H. Lyck,RCB,0.0,False,0.0,2761772585.0,,
2761772586,5678949,2H,77,46,01:17:46.121,4856.121277,2761772870.0,,,,,,duel,['loose_ball_duel'],43.0,40.0,6849,Jönköpings Södra,4-4-1,7055,Eskilsminne,4-4-2,51830,D. Kozica,RCMF,,,,,,,,,,2761772867.0,11.414411,"['set_piece_attack', 'free_kick']",8.0,3.0,11.0,75.0,60.0,26.0,7055.0,Eskilsminne,4-4-2,,,,,,,,,,,,,,,,,,,,,,,,,,,,,,,,,,,,,,,,,,,,,,,
2761772869,5678949,2H,77,46,01:17:46.121,4856.121277,2761772870.0,,,,,,duel,"['loose_ball_duel', 'recovery', 'counterpressing_recovery', 'carry']",57.0,60.0,7055,Eskilsminne,4-4-2,6849,Jönköpings Södra,4-4-1,493674,C. Seger,RCMF,,,,,,,,,,2761772867.0,11.414411,"['set_piece_attack', 'free_kick']",8.0,4.0,11.0,75.0,60.0,26.0,7055.0,Eskilsminne,4-4-2,,,,,,,,,,,,,,,,,,,,,,,,,,2.347,59.0,43.0,,,,,,,,,,,,,,,,,,,
2761772870,5678949,2H,77,48,01:17:48.224,4858.224839,2761772588.0,,,,,,touch,['loss'],59.0,43.0,7055,Eskilsminne,4-4-2,6849,Jönköpings Södra,4-4-1,493674,C. Seger,RCMF,,,,,,,,,,2761772867.0,11.414411,"['set_piece_attack', 'free_kick']",8.0,5.0,11.0,75.0,60.0,26.0,7055.0,Eskilsminne,4-4-2,,,,,,,,,,,,,,,,,,,,,,,,,,,,,,,,,,,,,,,,,,,,,,,
2761772588,5678949,2H,77,49,01:17:49.204,4859.20421,2761772871.0,,,,,,pass,"['forward_pass', 'loss', 'short_or_medium_pass']",30.0,66.0,6849,Jönköpings Södra,4-4-1,7055,Eskilsminne,4-4-2,615319,A. Karlsson,RB,False,5.0,,23.0,566323.0,F. Velander,LCB,52.0,69.0,2761772867.0,11.414411,"['set_piece_attack', 'free_kick']",8.0,6.0,11.0,75.0,60.0,26.0,7055.0,Eskilsminne,4-4-2,,,,,,,,,,,,,,,,,,,,,,,,,,,,,,,,,,,,,,,,,,,,,,,
2761772871,5678949,2H,77,51,01:17:51.644,4861.644382,2761772590.0,,,,,,pass,"['forward_pass', 'loss', 'short_or_medium_pass']",48.0,31.0,7055,Eskilsminne,4-4-2,6849,Jönköpings Södra,4-4-1,566323,F. Velander,LCB,False,-13.0,,13.0,51830.0,D. Kozica,RCMF,60.0,26.0,2761772867.0,11.414411,"['set_piece_attack', 'free_kick']",8.0,7.0,11.0,75.0,60.0,26.0,7055.0,Eskilsminne,4-4-2,,,,,,,,,,,,,,,,,,,,,,,,,,,,,,,,,,,,,,,,,,,,,,,
2761772590,5678949,2H,77,53,01:17:53.646,4863.64624,2761772872.0,,,,,,pass,"['forward_pass', 'long_pass', 'loss', 'pass_to_final_third', 'pass_to_penalty_area']",40.0,74.0,6849,Jönköpings Södra,4-4-1,7055,Eskilsminne,4-4-2,51830,D. Kozica,RCMF,False,-7.0,,48.0,693887.0,H. Pauli,GK,85.0,64.0,2761772590.0,26.287027,['transition_medium'],3.0,0.0,40.0,74.0,47.0,62.0,6849.0,Jönköpings Södra,4-4-1,,,,,,,,,,,,,,,,,,,,,,,,,,,,,,,,,,,,,,,,,,,,,,,
2761772872,5678949,2H,78,14,01:18:14.851,4884.851775,2761772593.0,,,,,,pass,"['forward_pass', 'long_pass', 'loss']",15.0,36.0,7055,Eskilsminne,4-4-2,6849,Jönköpings Södra,4-4-1,693887,H. Pauli,GK,False,-1.0,high,53.0,613701.0,H. Lyck,RCB,65.0,34.0,2761772590.0,26.287027,['transition_medium'],3.0,1.0,40.0,74.0,47.0,62.0,6849.0,Jönköpings Södra,4-4-1,,,,,,,,,,,,,,,,,,,,,,,,,,,,,,,,,,,,,,,,,,,,,,,
2761772593,5678949,2H,78,18,01:18:18.824,4888.824318,2761772873.0,,,,,,pass,"['forward_pass', 'loss', 'progressive_pass', 'short_or_medium_pass']",35.0,66.0,6849,Jönköpings Södra,4-4-1,7055,Eskilsminne,4-4-2,613701,H. Lyck,RCB,False,-14.0,,13.0,517376.0,H. Norrby,LCMF,47.0,62.0,2761772590.0,26.287027,['transition_medium'],3.0,2.0,40.0,74.0,47.0,62.0,6849.0,Jönköpings Södra,4-4-1,,,,,,,,,,,,,,,,,,,,,,,,,,,,,,,,,,,,,,,,,,,,,,,
2761772873,5678949,2H,78,21,01:18:21.042,4891.042216,2761772874.0,,,,,,pass,"['lateral_pass', 'recovery', 'counterpressing_recovery', 'short_or_medium_pass']",53.0,38.0,7055,Eskilsminne,4-4-2,6849,Jönköpings Södra,4-4-1,517376,H. Norrby,LCMF,True,-58.0,,25.0,989684.0,M. Larsson,LW,66.0,7.0,2761772873.0,29.5081085,['attack'],12.0,0.0,53.0,38.0,53.0,80.0,7055.0,Eskilsminne,4-4-2,,,True,True,False,center,0.0166,,,,,,,,,,,,,,,,,,,,,,,,,,,,,,,,,,,,,,,,
2761772874,5678949,2H,78,25,01:18:25.643,4895.643307,2761772875.0,,,,,,pass,"['back_pass', 'short_or_medium_pass']",66.0,7.0,7055,Eskilsminne,4-4-2,6849,Jönköpings Södra,4-4-1,989684,M. Larsson,LW,True,180.0,,12.0,51079.0,L. Ohlander,LB,55.0,8.0,2761772873.0,29.5081085,['attack'],12.0,1.0,53.0,38.0,53.0,80.0,7055.0,Eskilsminne,4-4-2,,,True,True,False,center,0.0166,,,,,,,,,,,,,,,,,,,,,,,,,,,,,,,,,,,,,,,,
2761772875,5678949,2H,78,27,01:18:27.480,4897.48052,2761772876.0,,,,,,pass,"['forward_pass', 'progressive_pass', 'short_or_medium_pass']",55.0,8.0,7055,Eskilsminne,4-4-2,6849,Jönköpings Södra,4-4-1,51079,L. Ohlander,LB,True,27.0,,12.0,989684.0,M. Larsson,LW,65.0,15.0,2761772873.0,29.5081085,['attack'],12.0,2.0,53.0,38.0,53.0,80.0,7055.0,Eskilsminne,4-4-2,,,True,True,False,center,0.0166,,,,,,,,,,,,,,,,,,,,,,,,,,,,,,,,,,,,,,,,
2761772876,5678949,2H,78,29,01:18:29.851,4899.85101,2761772877.0,,,,,,pass,"['pass_to_final_third', 'short_or_medium_pass']",65.0,15.0,7055,Eskilsminne,4-4-2,6849,Jönköpings Södra,4-4-1,989684,M. Larsson,LW,True,-45.0,,8.0,517376.0,H. Norrby,LCMF,70.0,6.0,2761772873.0,29.5081085,['attack'],12.0,3.0,53.0,38.0,53.0,80.0,7055.0,Eskilsminne,4-4-2,,,True,True,False,center,0.0166,,,,,,,,,,,,,,,,,,,,,,,,,,,,,,,,,,,,,,,,
2761772877,5678949,2H,78,31,01:18:31.046,4901.046865,2761772878.0,,,,,,pass,"['back_pass', 'short_or_medium_pass']",70.0,6.0,7055,Eskilsminne,4-4-2,6849,Jönköpings Södra,4-4-1,517376,H. Norrby,LCMF,True,148.0,,15.0,51079.0,L. Ohlander,LB,58.0,17.0,2761772873.0,29.5081085,['attack'],12.0,4.0,53.0,38.0,53.0,80.0,7055.0,Eskilsminne,4-4-2,,,True,True,False,center,0.0166,,,,,,,,,,,,,,,,,,,,,,,,,,,,,,,,,,,,,,,,
2761772878,5678949,2H,78,34,01:18:34.105,4904.105138,2761772879.0,,,,,,pass,"['back_pass', 'short_or_medium_pass']",58.0,17.0,7055,Eskilsminne,4-4-2,6849,Jönköpings Södra,4-4-1,51079,L. Ohlander,LB,True,-173.0,,17.0,566323.0,F. Velander,LCB,42.0,15.0,2761772873.0,29.5081085,['attack'],12.0,5.0,53.0,38.0,53.0,80.0,7055.0,Eskilsminne,4-4-2,,,True,True,False,center,0.0166,,,,,,,,,,,,,,,,,,,,,,,,,,,,,,,,,,,,,,,,
2761772879,5678949,2H,78,37,01:18:37.497,4907.497065,2761772880.0,,,,,,pass,"['lateral_pass', 'short_or_medium_pass']",42.0,15.0,7055,Eskilsminne,4-4-2,6849,Jönköpings Södra,4-4-1,566323,F. Velander,LCB,True,117.0,,30.0,739449.0,L. Larsen,RCB,29.0,55.0,2761772873.0,29.5081085,['attack'],12.0,6.0,53.0,38.0,53.0,80.0,7055.0,Eskilsminne,4-4-2,,,True,True,False,center,0.0166,,,,,,,,,,,,,,,,,,,,,,,,,,,,,,,,,,,,,,,,
2761772880,5678949,2H,78,40,01:18:40.789,4910.789889,2761772881.0,,,,,,pass,"['forward_pass', 'long_pass', 'pass_to_final_third', 'progressive_pass']",29.0,55.0,7055,Eskilsminne,4-4-2,6849,Jönköpings Södra,4-4-1,739449,L. Larsen,RCB,True,30.0,high,46.0,615876.0,E. Hintsa,RW,67.0,88.0,2761772873.0,29.5081085,['attack'],12.0,7.0,53.0,38.0,53.0,80.0,7055.0,Eskilsminne,4-4-2,,,True,True,False,center,0.0166,,,,,,,,,,,,,,,,,,,,,,,,,,,,,,,,,,,,,,,,
2761772881,5678949,2H,78,44,01:18:44.784,4914.784756,2761772600.0,,,,,,pass,"['forward_pass', 'head_pass', 'loss', 'short_or_medium_pass']",67.0,88.0,7055,Eskilsminne,4-4-2,6849,Jönköpings Södra,4-4-1,615876,E. Hintsa,RW,False,-30.0,high,16.0,558236.0,L. Eek,LCB,80.0,76.0,2761772873.0,29.5081085,['attack'],12.0,8.0,53.0,38.0,53.0,80.0,7055.0,Eskilsminne,4-4-2,,,True,True,False,center,0.0166,,,,,,,,,,,,,,,,,,,,,,,,,,,,,,,,,,,,,,,,
2761772600,5678949,2H,78,47,01:18:47.201,4917.201767,2761772603.0,,,,,,pass,"['back_pass', 'recovery', 'short_or_medium_pass']",20.0,24.0,6849,Jönköpings Södra,4-4-1,7055,Eskilsminne,4-4-2,558236,L. Eek,LCB,True,146.0,,14.0,899727.0,A. Eriksson,GK,9.0,36.0,2761772873.0,29.5081085,['attack'],12.0,9.0,53.0,38.0,53.0,80.0,7055.0,Eskilsminne,4-4-2,,,True,True,False,center,0.0166,,,,,,,,,,,,,,,,,,,,,,,,,,,,,,,,,,,,,,,,
2761772603,5678949,2H,78,49,01:18:49.388,4919.388117,2761772882.0,,,,,,pass,"['forward_pass', 'long_pass', 'loss', 'progressive_pass']",9.0,36.0,6849,Jönköpings Södra,4-4-1,7055,Eskilsminne,4-4-2,899727,A. Eriksson,GK,False,-14.0,high,41.0,739449.0,L. Larsen,RCB,47.0,20.0,2761772873.0,29.5081085,['attack'],12.0,10.0,53.0,38.0,53.0,80.0,7055.0,Eskilsminne,4-4-2,,,True,True,False,center,0.0166,,,,,,,,,,,,,,,,,,,,,,,,,,,,,,,,,,,,,,,,
2761772882,5678949,2H,78,51,01:18:51.712,4921.712532,,,,,,,shot,"['interception', 'opportunity']",53.0,80.0,7055,Eskilsminne,4-4-2,6849,Jönköpings Södra,4-4-1,739449,L. Larsen,RCB,,,,,,,,,,2761772873.0,29.5081085,['attack'],12.0,11.0,53.0,38.0,53.0,80.0,7055.0,Eskilsminne,4-4-2,,,True,True,False,center,0.0166,,,,,,,,,,,,,,,,,,,,,,right_foot,False,True,gt,0.01659,0.02436,2761772606.0,899727.0,A. Eriksson,,,,,,,,,,
2761772606,5678949,2H,78,54,01:18:54.401,4924.401129,2761772603.0,,,,,,shot_against,['save'],2.0,48.0,6849,Jönköpings Södra,4-4-1,7055,Eskilsminne,4-4-2,899727,A. Eriksson,GK,,,,,,,,,,,,,,,,,,,,,,,,,,,,,,,,,,,,,,,,,,,,,,,,,,,,,,,,,,,,,,,,,,,,
2761772608,5678949,2H,79,0,01:19:00.880,4930.880362,2761772609.0,,,,,,pass,"['hand_pass', 'lateral_pass', 'short_or_medium_pass']",13.0,57.0,6849,Jönköpings Södra,4-4-1,7055,Eskilsminne,4-4-2,899727,A. Eriksson,GK,True,-75.0,,28.0,558236.0,L. Eek,LCB,20.0,17.0,2761772608.0,22.227225,['attack'],5.0,0.0,13.0,57.0,80.0,43.0,6849.0,Jönköpings Södra,4-4-1,,,False,False,False,center,0.0,,,,,,,,,,,,,,,,,,,,,,,,,,,,,,,,,,,,,,,,
2761772609,5678949,2H,79,2,01:19:02.884,4932.884624,2761772610.0,,,,,,touch,[],20.0,17.0,6849,Jönköpings Södra,4-4-1,7055,Eskilsminne,4-4-2,558236,L. Eek,LCB,,,,,,,,,,2761772608.0,22.227225,['attack'],5.0,1.0,13.0,57.0,80.0,43.0,6849.0,Jönköpings Södra,4-4-1,,,False,False,False,center,0.0,,,,,,,,,,,,,,,,,,,,,,,,,,,,,,,,,,,,,,,,
2761772610,5678949,2H,79,19,01:19:19.479,4949.479611,2761772611.0,,,,,,pass,"['forward_pass', 'long_pass', 'pass_to_final_third', 'progressive_pass']",31.0,41.0,6849,Jönköpings Södra,4-4-1,7055,Eskilsminne,4-4-2,899727,A. Eriksson,GK,True,12.0,high,41.0,615319.0,A. Karlsson,RB,69.0,53.0,2761772608.0,22.227225,['attack'],5.0,2.0,13.0,57.0,80.0,43.0,6849.0,Jönköpings Södra,4-4-1,,,False,False,False,center,0.0,,,,,,,,,,,,,,,,,,,,,,,,,,,,,,,,,,,,,,,,
2761772611,5678949,2H,79,22,01:19:22.373,4952.373027,2761772884.0,,,,,,duel,"['aerial_duel', 'loss']",69.0,53.0,6849,Jönköpings Södra,4-4-1,7055,Eskilsminne,4-4-2,615319,A. Karlsson,RB,,,,,,,,,,2761772608.0,22.227225,['attack'],5.0,3.0,13.0,57.0,80.0,43.0,6849.0,Jönköpings Södra,4-4-1,,,False,False,False,center,0.0,,,,,,,,,,,,,,,,,,,,,,,,,,,,,,,,51079.0,L. Ohlander,LB,179.0,True,0.0,2761772883.0,,
2761772883,5678949,2H,79,22,01:19:22.373,4952.373027,2761772884.0,,,,,,duel,['aerial_duel'],31.0,47.0,7055,Eskilsminne,4-4-2,6849,Jönköpings Södra,4-4-1,51079,L. Ohlander,LB,,,,,,,,,,2761772608.0,22.227225,['attack'],5.0,4.0,13.0,57.0,80.0,43.0,6849.0,Jönköpings Södra,4-4-1,,,False,False,False,center,0.0,,,,,,,,,,,,,,,,,,,,,,,,,,,,,,,,615319.0,A. Karlsson,RB,0.0,False,179.0,2761772611.0,,
2761772884,5678949,2H,79,23,01:19:23.842,4953.842147,2761772885.0,,,,,,pass,"['forward_pass', 'recovery', 'short_or_medium_pass']",20.0,57.0,7055,Eskilsminne,4-4-2,6849,Jönköpings Södra,4-4-1,739449,L. Larsen,RCB,True,-17.0,,21.0,807610.0,T. Bermudez,CF,39.0,48.0,2761772884.0,24.6433755,['attack'],14.0,0.0,20.0,57.0,88.0,67.0,7055.0,Eskilsminne,4-4-2,,,True,True,False,center,0.1426,,,,,,,,,,,,,,,,,,,,,,,,,,,,,,,,,,,,,,,,
2761772885,5678949,2H,79,25,01:19:25.818,4955.818265,2761772886.0,,,,,,pass,['short_or_medium_pass'],39.0,48.0,7055,Eskilsminne,4-4-2,6849,Jönköpings Södra,4-4-1,807610,T. Bermudez,CF,True,83.0,,9.0,517376.0,H. Norrby,LCMF,40.0,61.0,2761772884.0,24.6433755,['attack'],14.0,1.0,20.0,57.0,88.0,67.0,7055.0,Eskilsminne,4-4-2,,,True,True,False,center,0.1426,,,,,,,,,,,,,,,,,,,,,,,,,,,,,,,,,,,,,,,,
2761772886,5678949,2H,79,26,01:19:26.687,4956.687673,2761772887.0,,,,,,pass,"['lateral_pass', 'short_or_medium_pass']",40.0,61.0,7055,Eskilsminne,4-4-2,6849,Jönköpings Södra,4-4-1,517376,H. Norrby,LCMF,True,-67.0,,16.0,807610.0,T. Bermudez,CF,46.0,39.0,2761772884.0,24.6433755,['attack'],14.0,2.0,20.0,57.0,88.0,67.0,7055.0,Eskilsminne,4-4-2,,,True,True,False,center,0.1426,,,,,,,,,,,,,,,,,,,,,,,,,,,,,,,,,,,,,,,,
2761772612,5678949,2H,79,28,01:19:28.535,4958.535101,2761772888.0,,,,,,duel,['loose_ball_duel'],54.0,61.0,6849,Jönköpings Södra,4-4-1,7055,Eskilsminne,4-4-2,613701,H. Lyck,RCB,,,,,,,,,,2761772884.0,24.6433755,['attack'],14.0,3.0,20.0,57.0,88.0,67.0,7055.0,Eskilsminne,4-4-2,,,True,True,False,center,0.1426,,,,,,,,,,,,,,,,,,,,,,,,,,,,,,,,,,,,,,,,
2761772887,5678949,2H,79,28,01:19:28.535,4958.535101,2761772888.0,,,,,,duel,['loose_ball_duel'],46.0,39.0,7055,Eskilsminne,4-4-2,6849,Jönköpings Södra,4-4-1,807610,T. Bermudez,CF,,,,,,,,,,2761772884.0,24.6433755,['attack'],14.0,4.0,20.0,57.0,88.0,67.0,7055.0,Eskilsminne,4-4-2,,,True,True,False,center,0.1426,,,,,,,,,,,,,,,,,,,,,,,,,,,,,,,,,,,,,,,,
2761772888,5678949,2H,79,30,01:19:30.397,4960.397984,2761772889.0,,,,,,pass,['short_or_medium_pass'],39.0,44.0,7055,Eskilsminne,4-4-2,6849,Jönköpings Södra,4-4-1,517376,H. Norrby,LCMF,True,-100.0,,11.0,51079.0,L. Ohlander,LB,37.0,28.0,2761772884.0,24.6433755,['attack'],14.0,5.0,20.0,57.0,88.0,67.0,7055.0,Eskilsminne,4-4-2,,,True,True,False,center,0.1426,,,,,,,,,,,,,,,,,,,,,,,,,,,,,,,,,,,,,,,,
2761772889,5678949,2H,79,32,01:19:32.806,4962.806827,2761772890.0,,,,,,pass,"['lateral_pass', 'short_or_medium_pass']",37.0,28.0,7055,Eskilsminne,4-4-2,6849,Jönköpings Södra,4-4-1,51079,L. Ohlander,LB,True,-47.0,,16.0,989684.0,M. Larsson,LW,48.0,11.0,2761772884.0,24.6433755,['attack'],14.0,6.0,20.0,57.0,88.0,67.0,7055.0,Eskilsminne,4-4-2,,,True,True,False,center,0.1426,,,,,,,,,,,,,,,,,,,,,,,,,,,,,,,,,,,,,,,,
2761772890,5678949,2H,79,35,01:19:35.520,4965.520672,2761772891.0,,,,,,pass,"['back_pass', 'short_or_medium_pass']",48.0,11.0,7055,Eskilsminne,4-4-2,6849,Jönköpings Södra,4-4-1,989684,M. Larsson,LW,True,180.0,,16.0,51079.0,L. Ohlander,LB,33.0,10.0,2761772884.0,24.6433755,['attack'],14.0,7.0,20.0,57.0,88.0,67.0,7055.0,Eskilsminne,4-4-2,,,True,True,False,center,0.1426,,,,,,,,,,,,,,,,,,,,,,,,,,,,,,,,,,,,,,,,
2761772891,5678949,2H,79,38,01:19:38.412,4968.412534,2761772892.0,,,,,,pass,"['back_pass', 'short_or_medium_pass']",33.0,10.0,7055,Eskilsminne,4-4-2,6849,Jönköpings Södra,4-4-1,51079,L. Ohlander,LB,True,159.0,,8.0,566323.0,F. Velander,LCB,26.0,14.0,2761772884.0,24.6433755,['attack'],14.0,8.0,20.0,57.0,88.0,67.0,7055.0,Eskilsminne,4-4-2,,,True,True,False,center,0.1426,,,,,,,,,,,,,,,,,,,,,,,,,,,,,,,,,,,,,,,,
2761772892,5678949,2H,79,39,01:19:39.342,4969.342828,2761772613.0,,,,,,pass,"['forward_pass', 'long_pass', 'loss']",26.0,14.0,7055,Eskilsminne,4-4-2,6849,Jönköpings Södra,4-4-1,566323,F. Velander,LCB,False,43.0,high,45.0,558236.0,L. Eek,LCB,57.0,60.0,2761772884.0,24.6433755,['attack'],14.0,9.0,20.0,57.0,88.0,67.0,7055.0,Eskilsminne,4-4-2,,,True,True,False,center,0.1426,,,,,,,,,,,,,,,,,,,,,,,,,,,,,,,,,,,,,,,,
2761772613,5678949,2H,79,42,01:19:42.793,4972.793617,2761772893.0,,,,,,pass,"['forward_pass', 'loss', 'short_or_medium_pass']",43.0,40.0,6849,Jönköpings Södra,4-4-1,7055,Eskilsminne,4-4-2,558236,L. Eek,LCB,False,-34.0,,18.0,811825.0,D. Omanovic,RB,57.0,25.0,2761772884.0,24.6433755,['attack'],14.0,10.0,20.0,57.0,88.0,67.0,7055.0,Eskilsminne,4-4-2,,,True,True,False,center,0.1426,,,,,,,,,,,,,,,,,,,,,,,,,,,,,,,,,,,,,,,,
2761772893,5678949,2H,79,45,01:19:45.192,4975.19221,2761772894.0,,,,,,pass,"['forward_pass', 'progressive_pass', 'recovery', 'counterpressing_recovery', 'short_or_medium_pass']",43.0,75.0,7055,Eskilsminne,4-4-2,6849,Jönköpings Södra,4-4-1,811825,D. Omanovic,RB,True,-32.0,,23.0,615876.0,E. Hintsa,RW,61.0,57.0,2761772884.0,24.6433755,['attack'],14.0,11.0,20.0,57.0,88.0,67.0,7055.0,Eskilsminne,4-4-2,,,True,True,False,center,0.1426,,,,,,,,,,,,,,,,,,,,,,,,,,,,,,,,,,,,,,,,
2761772894,5678949,2H,79,46,01:19:46.264,4976.264005,2761772895.0,,,,,,touch,"['progressive_run', 'carry']",61.0,57.0,7055,Eskilsminne,4-4-2,6849,Jönköpings Södra,4-4-1,615876,E. Hintsa,RW,,,,,,,,,,2761772884.0,24.6433755,['attack'],14.0,12.0,20.0,57.0,88.0,67.0,7055.0,Eskilsminne,4-4-2,,,True,True,False,center,0.1426,,,,,,,,,,,,,,,,,,,24.13,88.0,67.0,,,,,,,,,,,,,,,,,,,
2761772895,5678949,2H,79,50,01:19:50.707,4980.70704,,,,,,,shot,"['opportunity', 'touch_in_box']",88.0,67.0,7055,Eskilsminne,4-4-2,6849,Jönköpings Södra,4-4-1,615876,E. Hintsa,RW,,,,,,,,,,2761772884.0,24.6433755,['attack'],14.0,13.0,20.0,57.0,88.0,67.0,7055.0,Eskilsminne,4-4-2,,,True,True,False,center,0.1426,,,,,,,,,,,,,,,,,,,,,,right_foot,False,True,gb,0.1426,0.08496,2761772614.0,899727.0,A. Eriksson,,,,,,,,,,
2761772614,5678949,2H,79,51,01:19:51.337,4981.337695,2761772895.0,,,,,,shot_against,"['save', 'save_with_reflex']",5.0,39.0,6849,Jönköpings Södra,4-4-1,7055,Eskilsminne,4-4-2,899727,A. Eriksson,GK,,,,,,,,,,,,,,,,,,,,,,,,,,,,,,,,,,,,,,,,,,,,,,,,,,,,,,,,,,,,,,,,,,,,
2761772615,5678949,2H,79,53,01:19:53.068,4983.068171,2761772897.0,,,,,,duel,"['foul_suffered', 'ground_duel', 'offensive_duel']",5.0,46.0,6849,Jönköpings Södra,4-4-1,7055,Eskilsminne,4-4-2,899727,A. Eriksson,GK,,,,,,,,,,,,,,,,,,,,,,,,,,,,,807610.0,T. Bermudez,CF,offensive_duel,True,True,,,False,,2761772896.0,,,,,,,,,,,,,,,,,,,,,,,,,,,,,
2761772896,5678949,2H,79,53,01:19:53.068,4983.068171,2761772897.0,,,,,,duel,"['defensive_duel', 'ground_duel']",95.0,54.0,7055,Eskilsminne,4-4-2,6849,Jönköpings Södra,4-4-1,807610,T. Bermudez,CF,,,,,,,,,,,,,,,,,,,,,,,,,,,,,899727.0,A. Eriksson,GK,defensive_duel,,,False,False,False,,2761772615.0,,,,,,,,,,,,,,,,,,,,,,,,,,,,,
2761772897,5678949,2H,79,58,01:19:58.100,4988.100655,2761772615.0,,,,,,infraction,['foul'],94.0,52.0,7055,Eskilsminne,4-4-2,6849,Jönköpings Södra,4-4-1,807610,T. Bermudez,CF,,,,,,,,,,,,,,,,,,,,,,,,,,,,,,,,,,,,,,,,False,False,regular_foul,899727.0,A. Eriksson,GK,,,,,,,,,,,,,,,,,,,,,,,
2761772616,5678949,2H,80,53,01:20:53.151,5043.151228,2761772618.0,,,,,,free_kick,[],11.0,40.0,6849,Jönköpings Södra,4-4-1,7055,Eskilsminne,4-4-2,899727,A. Eriksson,GK,True,-27.0,,51.0,692804.0,O. Almström,LB,54.0,6.0,2761772616.0,5.6282805,"['set_piece_attack', 'free_kick']",5.0,0.0,11.0,40.0,74.0,0.0,6849.0,Jönköpings Södra,4-4-1,,,,,,,,,,,,,,,,,,,,,,,,,,,,,,,,,,,,,,,,,,,,,,,
2761772618,5678949,2H,80,55,01:20:55.644,5045.644568,2761773446.0,,,,,,pass,"['forward_pass', 'long_pass', 'pass_to_final_third', 'progressive_pass']",54.0,6.0,6849,Jönköpings Södra,4-4-1,7055,Eskilsminne,4-4-2,692804,O. Almström,LB,True,3.0,high,18.0,0.0,,,71.0,7.0,2761772616.0,5.6282805,"['set_piece_attack', 'free_kick']",5.0,1.0,11.0,40.0,74.0,0.0,6849.0,Jönköpings Södra,4-4-1,,,,,,,,,,,,,,,,,,,,,,,,,,,,,,,,,,,,,,,,,,,,,,,
2761772899,5678949,2H,80,57,01:20:57.522,5047.52253,2761772898.0,,,,,,duel,['loose_ball_duel'],29.0,93.0,7055,Eskilsminne,4-4-2,6849,Jönköpings Södra,4-4-1,811825,D. Omanovic,RB,,,,,,,,,,2761772616.0,5.6282805,"['set_piece_attack', 'free_kick']",5.0,2.0,11.0,40.0,74.0,0.0,6849.0,Jönköpings Södra,4-4-1,,,,,,,,,,,,,,,,,,,,,,,,,,,,,,,,,,,,,,,,,,,,,,,
2761773446,5678949,2H,80,57,01:20:57.522,5047.52253,2761772898.0,,,,,,duel,['loose_ball_duel'],71.0,7.0,6849,Jönköpings Södra,4-4-1,7055,Eskilsminne,4-4-2,0,,,,,,,,,,,,2761772616.0,5.6282805,"['set_piece_attack', 'free_kick']",5.0,3.0,11.0,40.0,74.0,0.0,6849.0,Jönköpings Södra,4-4-1,,,,,,,,,,,,,,,,,,,,,,,,,,,,,,,,,,,,,,,,,,,,,,,
2761772619,5678949,2H,81,0,01:21:00.036,5050.036487,,,,,,,game_interruption,['ball_out'],74.0,0.0,6849,Jönköpings Södra,4-4-1,7055,Eskilsminne,4-4-2,0,,,,,,,,,,,,2761772616.0,5.6282805,"['set_piece_attack', 'free_kick']",5.0,4.0,11.0,40.0,74.0,0.0,6849.0,Jönköpings Södra,4-4-1,,,,,,,,,,,,,,,,,,,,,,,,,,,,,,,,,,,,,,,,,,,,,,,
2761772898,5678949,2H,81,4,01:21:04.564,5054.564341,2761772900.0,,,,,,throw_in,[],33.0,100.0,7055,Eskilsminne,4-4-2,6849,Jönköpings Södra,4-4-1,811825,D. Omanovic,RB,True,-96.0,,9.0,517376.0,H. Norrby,LCMF,32.0,87.0,2761772898.0,1.728394,['throw_in'],2.0,0.0,33.0,100.0,23.0,88.0,7055.0,Eskilsminne,4-4-2,,,,,,,,,,,,,,,,,,,,,,,,,,,,,,,,,,,,,,,,,,,,,,,
2761772900,5678949,2H,81,5,01:21:05.508,5055.508506,2761772625.0,,,,,,touch,['loss'],32.0,87.0,7055,Eskilsminne,4-4-2,6849,Jönköpings Södra,4-4-1,517376,H. Norrby,LCMF,,,,,,,,,,2761772898.0,1.728394,['throw_in'],2.0,1.0,33.0,100.0,23.0,88.0,7055.0,Eskilsminne,4-4-2,,,,,,,,,,,,,,,,,,,,,,,,,,,,,,,,,,,,,,,,,,,,,,,
2761772623,5678949,2H,81,7,01:21:07.076,5057.076964,2761772625.0,,,,,,touch,['carry'],77.0,12.0,6849,Jönköpings Södra,4-4-1,7055,Eskilsminne,4-4-2,674204,F. Benatallah,LW,,,,,,,,,,2761772623.0,7.5942875,[],5.0,0.0,77.0,12.0,100.0,12.0,6849.0,Jönköpings Södra,4-4-1,,,,,,,,,,,,,,,,,,,,,,,,,,9.128,91.0,14.0,,,,,,,,,,,,,,,,,,,
2761772625,5678949,2H,81,12,01:21:12.938,5062.938791,2761772626.0,,,,,,duel,"['ground_duel', 'offensive_duel']",95.0,9.0,6849,Jönköpings Södra,4-4-1,7055,Eskilsminne,4-4-2,674204,F. Benatallah,LW,,,,,,,,,,2761772623.0,7.5942875,[],5.0,1.0,77.0,12.0,100.0,12.0,6849.0,Jönköpings Södra,4-4-1,,,,,,,,811825.0,D. Omanovic,RB,offensive_duel,True,True,,,False,,2761772901.0,,,,,,,,,,,,,,,,,,,,,,,,,,,,,
2761772901,5678949,2H,81,12,01:21:12.938,5062.938791,2761772626.0,,,,,,duel,"['defensive_duel', 'ground_duel']",5.0,91.0,7055,Eskilsminne,4-4-2,6849,Jönköpings Södra,4-4-1,811825,D. Omanovic,RB,,,,,,,,,,2761772623.0,7.5942875,[],5.0,2.0,77.0,12.0,100.0,12.0,6849.0,Jönköpings Södra,4-4-1,,,,,,,,674204.0,F. Benatallah,LW,defensive_duel,,,False,False,False,,2761772625.0,,,,,,,,,,,,,,,,,,,,,,,,,,,,,
2761772626,5678949,2H,81,13,01:21:13.820,5063.820361,2761772628.0,,,,,,pass,"['forward_pass', 'short_or_medium_pass']",91.0,14.0,6849,Jönköpings Södra,4-4-1,7055,Eskilsminne,4-4-2,674204,F. Benatallah,LW,False,-13.0,,10.0,0.0,,,100.0,12.0,2761772623.0,7.5942875,[],5.0,3.0,77.0,12.0,100.0,12.0,6849.0,Jönköpings Södra,4-4-1,,,,,,,,,,,,,,,,,,,,,,,,,,,,,,,,,,,,,,,,,,,,,,,
2761772628,5678949,2H,81,15,01:21:15.522,5065.522142,,,,,,,game_interruption,['ball_out'],100.0,12.0,6849,Jönköpings Södra,4-4-1,7055,Eskilsminne,4-4-2,0,,,,,,,,,,,,2761772623.0,7.5942875,[],5.0,4.0,77.0,12.0,100.0,12.0,6849.0,Jönköpings Södra,4-4-1,,,,,,,,,,,,,,,,,,,,,,,,,,,,,,,,,,,,,,,,,,,,,,,
2761772630,5678949,2H,81,29,01:21:29.623,5079.623204,2761772632.0,,,,,,corner,[],100.0,0.0,6849,Jönköpings Södra,4-4-1,7055,Eskilsminne,4-4-2,51830,D. Kozica,RCMF,True,108.0,low,19.0,674204.0,F. Benatallah,LW,94.0,27.0,2761772630.0,9.2360055,"['corner', 'set_piece_attack', 'attack']",6.0,0.0,100.0,0.0,98.0,52.0,6849.0,Jönköpings Södra,4-4-1,,,False,False,False,left,0.0,,,,,,,,,,,,,,,,,,,,,,,,,,,,,,,,,,,,,,,,
2761772632,5678949,2H,81,31,01:21:31.173,5081.173756,2761772634.0,,,,,,pass,"['short_or_medium_pass', 'touch_in_box']",94.0,27.0,6849,Jönköpings Södra,4-4-1,7055,Eskilsminne,4-4-2,674204,F. Benatallah,LW,True,-135.0,,12.0,51830.0,D. Kozica,RCMF,87.0,14.0,2761772630.0,9.2360055,"['corner', 'set_piece_attack', 'attack']",6.0,1.0,100.0,0.0,98.0,52.0,6849.0,Jönköpings Södra,4-4-1,,,False,False,False,left,0.0,,,,,,,,,,,,,,,,,,,,,,,,,,,,,,,,,,,,,,,,
2761772634,5678949,2H,81,32,01:21:32.598,5082.598789,2761772902.0,,,,,,pass,"['cross', 'loss', 'pass_to_penalty_area', 'carry']",87.0,14.0,6849,Jönköpings Södra,4-4-1,7055,Eskilsminne,4-4-2,51830,D. Kozica,RCMF,False,90.0,high,12.0,517376.0,H. Norrby,LCMF,87.0,31.0,2761772630.0,9.2360055,"['corner', 'set_piece_attack', 'attack']",6.0,2.0,100.0,0.0,98.0,52.0,6849.0,Jönköpings Södra,4-4-1,,,False,False,False,left,0.0,,,,,,,,,,,,,,,,,,,-64.23,78.0,20.0,,,,,,,,,,,,,,,,,,,
2761772902,5678949,2H,81,33,01:21:33.020,5083.02024,2761772635.0,,,,,,interception,"['head_pass', 'loss']",13.0,69.0,7055,Eskilsminne,4-4-2,6849,Jönköpings Södra,4-4-1,517376,H. Norrby,LCMF,,,,,,,,,,2761772630.0,9.2360055,"['corner', 'set_piece_attack', 'attack']",6.0,3.0,100.0,0.0,98.0,52.0,6849.0,Jönköpings Södra,4-4-1,,,False,False,False,left,0.0,,,,,,,,,,,,,,,,,,,,,,,,,,,,,,,,,,,,,,,,
2761772635,5678949,2H,81,35,01:21:35.832,5085.832427,2761772636.0,,,,,,pass,"['head_pass', 'lateral_pass', 'recovery', 'counterpressing_recovery', 'short_or_medium_pass']",78.0,20.0,6849,Jönköpings Södra,4-4-1,7055,Eskilsminne,4-4-2,51830,D. Kozica,RCMF,True,85.0,high,22.0,615319.0,A. Karlsson,RB,80.0,52.0,2761772630.0,9.2360055,"['corner', 'set_piece_attack', 'attack']",6.0,4.0,100.0,0.0,98.0,52.0,6849.0,Jönköpings Södra,4-4-1,,,False,False,False,left,0.0,,,,,,,,,,,,,,,,,,,,,,,,,,,,,,,,,,,,,,,,
2761772636,5678949,2H,81,37,01:21:37.841,5087.841273,2761772903.0,,,,,,pass,"['forward_pass', 'loss', 'pass_to_penalty_area', 'short_or_medium_pass']",80.0,52.0,6849,Jönköpings Södra,4-4-1,7055,Eskilsminne,4-4-2,615319,A. Karlsson,RB,False,0.0,,19.0,693887.0,H. Pauli,GK,98.0,52.0,2761772630.0,9.2360055,"['corner', 'set_piece_attack', 'attack']",6.0,5.0,100.0,0.0,98.0,52.0,6849.0,Jönköpings Södra,4-4-1,,,False,False,False,left,0.0,,,,,,,,,,,,,,,,,,,,,,,,,,,,,,,,,,,,,,,,
2761772903,5678949,2H,81,39,01:21:39.877,5089.877146,2761772904.0,,,,,,touch,['carry'],2.0,48.0,7055,Eskilsminne,4-4-2,6849,Jönköpings Södra,4-4-1,693887,H. Pauli,GK,,,,,,,,,,2761772903.0,16.246977,['transition_low'],3.0,0.0,2.0,48.0,65.0,43.0,7055.0,Eskilsminne,4-4-2,,,,,,,,,,,,,,,,,,,,,,,,,,13.59,15.0,45.0,,,,,,,,,,,,,,,,,,,
2761772904,5678949,2H,81,52,01:21:52.461,5102.461582,2761772905.0,,,,,,pass,"['forward_pass', 'long_pass', 'progressive_pass']",15.0,45.0,7055,Eskilsminne,4-4-2,6849,Jönköpings Södra,4-4-1,693887,H. Pauli,GK,True,-2.0,high,53.0,1182527.0,T. Vanneryr,SS,65.0,43.0,2761772903.0,16.246977,['transition_low'],3.0,1.0,2.0,48.0,65.0,43.0,7055.0,Eskilsminne,4-4-2,,,,,,,,,,,,,,,,,,,,,,,,,,,,,,,,,,,,,,,,,,,,,,,
2761772638,5678949,2H,81,56,01:21:56.124,5106.124123,2761772639.0,,,,,,duel,"['loose_ball_duel', 'recovery']",35.0,57.0,6849,Jönköpings Södra,4-4-1,7055,Eskilsminne,4-4-2,613701,H. Lyck,RCB,,,,,,,,,,2761772638.0,5.786753,[],3.0,0.0,35.0,57.0,65.0,58.0,6849.0,Jönköpings Södra,4-4-1,,,,,,,,,,,,,,,,,,,,,,,,,,,,,,,,,,,,,,,,,,,,,,,
2761772905,5678949,2H,81,56,01:21:56.124,5106.124123,2761772639.0,,,,,,duel,['loose_ball_duel'],65.0,43.0,7055,Eskilsminne,4-4-2,6849,Jönköpings Södra,4-4-1,1182527,T. Vanneryr,SS,,,,,,,,,,2761772903.0,16.246977,['transition_low'],3.0,2.0,2.0,48.0,65.0,43.0,7055.0,Eskilsminne,4-4-2,,,,,,,,,,,,,,,,,,,,,,,,,,,,,,,,,,,,,,,,,,,,,,,
2761772639,5678949,2H,81,57,01:21:57.148,5107.148176,2761772641.0,,,,,,pass,"['forward_pass', 'head_pass', 'progressive_pass', 'short_or_medium_pass']",34.0,62.0,6849,Jönköpings Södra,4-4-1,7055,Eskilsminne,4-4-2,613701,H. Lyck,RCB,False,-5.0,high,33.0,1060409.0,L. Lyck,CF,65.0,58.0,2761772638.0,5.786753,[],3.0,1.0,35.0,57.0,65.0,58.0,6849.0,Jönköpings Södra,4-4-1,,,,,,,,,,,,,,,,,,,,,,,,,,,,,,,,,,,,,,,,,,,,,,,
2761772641,5678949,2H,82,6,01:22:06.673,5116.673576,,,,,,,offside,[],65.0,58.0,6849,Jönköpings Södra,4-4-1,7055,Eskilsminne,4-4-2,1060409,L. Lyck,CF,,,,,,,,,,2761772638.0,5.786753,[],3.0,2.0,35.0,57.0,65.0,58.0,6849.0,Jönköpings Södra,4-4-1,,,,,,,,,,,,,,,,,,,,,,,,,,,,,,,,,,,,,,,,,,,,,,,
2761772906,5678949,2H,82,27,01:22:27.469,5137.46921,2761772643.0,,,,,,free_kick,[],36.0,34.0,7055,Eskilsminne,4-4-2,6849,Jönköpings Södra,4-4-1,566323,F. Velander,LCB,False,32.0,,52.0,692804.0,O. Almström,LB,78.0,74.0,2761772906.0,1.7957545,"['set_piece_attack', 'free_kick']",1.0,0.0,36.0,34.0,78.0,74.0,7055.0,Eskilsminne,4-4-2,,,,,,,,,,,,,,,,,,,,,,,,,,,,,,,,,,,,,,,,,,,,,,,
2761772643,5678949,2H,82,31,01:22:31.060,5141.060719,2761772644.0,,,,,,pass,"['forward_pass', 'head_pass', 'recovery', 'counterpressing_recovery', 'short_or_medium_pass']",22.0,26.0,6849,Jönköpings Södra,4-4-1,7055,Eskilsminne,4-4-2,692804,O. Almström,LB,True,-39.0,high,14.0,674204.0,F. Benatallah,LW,32.0,13.0,2761772643.0,8.6900665,['transition_low'],3.0,0.0,22.0,26.0,77.0,23.0,6849.0,Jönköpings Södra,4-4-1,,,,,,,,,,,,,,,,,,,,,,,,,,,,,,,,,,,,,,,,,,,,,,,
2761772644,5678949,2H,82,33,01:22:33.970,5143.970641,2761772646.0,,,,,,pass,"['forward_pass', 'progressive_pass', 'short_or_medium_pass']",32.0,13.0,6849,Jönköpings Södra,4-4-1,7055,Eskilsminne,4-4-2,674204,F. Benatallah,LW,True,-5.0,,25.0,51830.0,D. Kozica,RCMF,56.0,10.0,2761772643.0,8.6900665,['transition_low'],3.0,1.0,22.0,26.0,77.0,23.0,6849.0,Jönköpings Södra,4-4-1,,,,,,,,,,,,,,,,,,,,,,,,,,,,,,,,,,,,,,,,,,,,,,,
2761772646,5678949,2H,82,36,01:22:36.959,5146.959555,2761772907.0,,,,,,pass,"['forward_pass', 'loss', 'pass_to_final_third', 'short_or_medium_pass']",56.0,10.0,6849,Jönköpings Södra,4-4-1,7055,Eskilsminne,4-4-2,51830,D. Kozica,RCMF,False,22.0,,24.0,693887.0,H. Pauli,GK,77.0,23.0,2761772643.0,8.6900665,['transition_low'],3.0,2.0,22.0,26.0,77.0,23.0,6849.0,Jönköpings Södra,4-4-1,,,,,,,,,,,,,,,,,,,,,,,,,,,,,,,,,,,,,,,,,,,,,,,
2761772907,5678949,2H,82,42,01:22:42.542,5152.542016,2761772908.0,,,,,,pass,"['forward_pass', 'long_pass', 'progressive_pass', 'recovery']",23.0,77.0,7055,Eskilsminne,4-4-2,6849,Jönköpings Södra,4-4-1,693887,H. Pauli,GK,True,3.0,high,40.0,807610.0,T. Bermudez,CF,61.0,80.0,2761772907.0,6.2871355,[],4.0,0.0,23.0,77.0,62.0,81.0,7055.0,Eskilsminne,4-4-2,,,,,,,,,,,,,,,,,,,,,,,,,,,,,,,,,,,,,,,,,,,,,,,
2761772650,5678949,2H,82,48,01:22:48.260,5158.260749,2761772651.0,,,,,,duel,"['defensive_duel', 'dribbled_past_attempt', 'ground_duel']",39.0,20.0,6849,Jönköpings Södra,4-4-1,7055,Eskilsminne,4-4-2,692804,O. Almström,LB,,,,,,,,,,2761772907.0,6.2871355,[],4.0,1.0,23.0,77.0,62.0,81.0,7055.0,Eskilsminne,4-4-2,,,,,,,,807610.0,T. Bermudez,CF,defensive_duel,,,False,False,True,right,2761772908.0,,,,,,,,,,,,,,,,,,,,,,,,,,,,,
2761772908,5678949,2H,82,48,01:22:48.260,5158.260749,2761772651.0,,,,,,duel,"['dribble', 'foul_suffered', 'ground_duel', 'offensive_duel']",61.0,80.0,7055,Eskilsminne,4-4-2,6849,Jönköpings Södra,4-4-1,807610,T. Bermudez,CF,,,,,,,,,,2761772907.0,6.2871355,[],4.0,2.0,23.0,77.0,62.0,81.0,7055.0,Eskilsminne,4-4-2,,,,,,,,692804.0,O. Almström,LB,dribble,True,True,,,True,left,2761772650.0,,,,,,,,,,,,,,,,,,,,,,,,,,,,,
2761772651,5678949,2H,82,49,01:22:49.397,5159.397554,2761772908.0,,,,,,infraction,['foul'],38.0,19.0,6849,Jönköpings Södra,4-4-1,7055,Eskilsminne,4-4-2,692804,O. Almström,LB,,,,,,,,,,2761772907.0,6.2871355,[],4.0,3.0,23.0,77.0,62.0,81.0,7055.0,Eskilsminne,4-4-2,,,,,,,,,,,,,,,,,,,False,False,regular_foul,807610.0,T. Bermudez,CF,,,,,,,,,,,,,,,,,,,,,,,
2761772909,5678949,2H,83,19,01:23:19.287,5189.287272,2761772910.0,,,,,,free_kick,[],63.0,80.0,7055,Eskilsminne,4-4-2,6849,Jönköpings Södra,4-4-1,0,,,True,-66.0,,54.0,989684.0,M. Larsson,LW,84.0,8.0,2761772909.0,3.626541,"['set_piece_attack', 'attack', 'free_kick']",3.0,0.0,63.0,80.0,80.0,30.0,7055.0,Eskilsminne,4-4-2,,,False,False,False,center,0.0,,,,,,,,,,,,,,,,,,,,,,,,,,,,,,,,,,,,,,,,
2761772910,5678949,2H,83,21,01:23:21.964,5191.964321,2761772911.0,,,,,,pass,"['lateral_pass', 'short_or_medium_pass']",84.0,8.0,7055,Eskilsminne,4-4-2,6849,Jönköpings Södra,4-4-1,989684,M. Larsson,LW,True,105.0,,16.0,1182527.0,T. Vanneryr,SS,80.0,30.0,2761772909.0,3.626541,"['set_piece_attack', 'attack', 'free_kick']",3.0,1.0,63.0,80.0,80.0,30.0,7055.0,Eskilsminne,4-4-2,,,False,False,False,center,0.0,,,,,,,,,,,,,,,,,,,,,,,,,,,,,,,,,,,,,,,,
2761772653,5678949,2H,83,22,01:23:22.913,5192.913813,2761772655.0,,,,,,duel,"['defensive_duel', 'ground_duel', 'recovery', 'counterpressing_recovery']",20.0,70.0,6849,Jönköpings Södra,4-4-1,7055,Eskilsminne,4-4-2,613701,H. Lyck,RCB,,,,,,,,,,2761772653.0,5.9603905,['transition_low'],4.0,0.0,20.0,70.0,61.0,87.0,6849.0,Jönköpings Södra,4-4-1,,,,,,,,1182527.0,T. Vanneryr,SS,defensive_duel,,,True,True,False,,2761772911.0,,,,,,,,,,,,,,,,,,,,,,,,,,,,,
2761772911,5678949,2H,83,22,01:23:22.913,5192.913813,2761772912.0,,,,,,duel,"['ground_duel', 'loss', 'offensive_duel']",80.0,30.0,7055,Eskilsminne,4-4-2,6849,Jönköpings Södra,4-4-1,1182527,T. Vanneryr,SS,,,,,,,,,,2761772909.0,3.626541,"['set_piece_attack', 'attack', 'free_kick']",3.0,2.0,63.0,80.0,80.0,30.0,7055.0,Eskilsminne,4-4-2,,,False,False,False,center,0.0,613701.0,H. Lyck,RCB,offensive_duel,False,False,,,False,,2761772653.0,,,,,,,,,,,,,,,,,,,,,,,,,,,,,
2761772655,5678949,2H,83,24,01:23:24.904,5194.904721,2761772657.0,,,,,,duel,"['ground_duel', 'offensive_duel', 'carry']",24.0,65.0,6849,Jönköpings Södra,4-4-1,7055,Eskilsminne,4-4-2,812471,A. Eriksson,LCMF,,,,,,,,,,2761772653.0,5.9603905,['transition_low'],4.0,1.0,20.0,70.0,61.0,87.0,6849.0,Jönköpings Södra,4-4-1,,,,,,,,1182527.0,T. Vanneryr,SS,offensive_duel,True,True,,,False,,2761772912.0,,,,,,,,8.074,33.0,75.0,,,,,,,,,,,,,,,,,,,
2761772912,5678949,2H,83,24,01:23:24.904,5194.904721,2761772657.0,,,,,,duel,"['defensive_duel', 'ground_duel']",76.0,35.0,7055,Eskilsminne,4-4-2,6849,Jönköpings Södra,4-4-1,1182527,T. Vanneryr,SS,,,,,,,,,,2761772653.0,5.9603905,['transition_low'],4.0,2.0,20.0,70.0,61.0,87.0,6849.0,Jönköpings Södra,4-4-1,,,,,,,,812471.0,A. Eriksson,LCMF,defensive_duel,,,False,False,False,,2761772655.0,,,,,,,,,,,,,,,,,,,,,,,,,,,,,
2761772657,5678949,2H,83,27,01:23:27.614,5197.61476,2761772913.0,,,,,,pass,"['forward_pass', 'long_pass', 'loss']",33.0,75.0,6849,Jönköpings Södra,4-4-1,7055,Eskilsminne,4-4-2,812471,A. Eriksson,LCMF,False,15.0,high,31.0,566323.0,F. Velander,LCB,61.0,87.0,2761772653.0,5.9603905,['transition_low'],4.0,3.0,20.0,70.0,61.0,87.0,6849.0,Jönköpings Södra,4-4-1,,,,,,,,,,,,,,,,,,,,,,,,,,,,,,,,,,,,,,,,,,,,,,,
2761772913,5678949,2H,83,30,01:23:30.133,5200.133647,2761772659.0,,,,,,clearance,[],39.0,13.0,7055,Eskilsminne,4-4-2,6849,Jönköpings Södra,4-4-1,566323,F. Velander,LCB,,,,,,,,,,2761772913.0,3.6786985,[],2.0,0.0,39.0,13.0,50.0,0.0,7055.0,Eskilsminne,4-4-2,,,,,,,,,,,,,,,,,,,,,,,,,,,,,,,,,,,,,,,,,,,,,,,
2761772659,5678949,2H,83,37,01:23:37.491,5207.491044,,,,,,,game_interruption,['ball_out'],50.0,100.0,6849,Jönköpings Södra,4-4-1,7055,Eskilsminne,4-4-2,0,,,,,,,,,,,,2761772913.0,3.6786985,[],2.0,1.0,39.0,13.0,50.0,0.0,7055.0,Eskilsminne,4-4-2,,,,,,,,,,,,,,,,,,,,,,,,,,,,,,,,,,,,,,,,,,,,,,,
2761772661,5678949,2H,83,43,01:23:43.573,5213.573483,2761772914.0,,,,,,throw_in,['loss'],56.0,100.0,6849,Jönköpings Södra,4-4-1,7055,Eskilsminne,4-4-2,615319,A. Karlsson,RB,False,-65.0,,17.0,51079.0,L. Ohlander,LB,63.0,78.0,2761772661.0,8.524964,['throw_in'],5.0,0.0,56.0,100.0,60.0,77.0,6849.0,Jönköpings Södra,4-4-1,,,,,,,,,,,,,,,,,,,,,,,,,,,,,,,,,,,,,,,,,,,,,,,
2761772914,5678949,2H,83,47,01:23:47.693,5217.693552,2761772915.0,,,,,,interception,"['forward_pass', 'pass', 'short_or_medium_pass']",37.0,22.0,7055,Eskilsminne,4-4-2,6849,Jönköpings Södra,4-4-1,51079,L. Ohlander,LB,True,-28.0,,17.0,989684.0,M. Larsson,LW,51.0,10.0,2761772661.0,8.524964,['throw_in'],5.0,1.0,56.0,100.0,60.0,77.0,6849.0,Jönköpings Södra,4-4-1,,,,,,,,,,,,,,,,,,,,,,,,,,,,,,,,,,,,,,,,,,,,,,,
2761772915,5678949,2H,83,49,01:23:49.138,5219.138296,2761772664.0,,,,,,touch,['loss'],51.0,10.0,7055,Eskilsminne,4-4-2,6849,Jönköpings Södra,4-4-1,989684,M. Larsson,LW,,,,,,,,,,2761772661.0,8.524964,['throw_in'],5.0,2.0,56.0,100.0,60.0,77.0,6849.0,Jönköpings Södra,4-4-1,,,,,,,,,,,,,,,,,,,,,,,,,,,,,,,,,,,,,,,,,,,,,,,
2761772664,5678949,2H,83,50,01:23:50.094,5220.094256,2761772665.0,,,,,,pass,"['forward_pass', 'progressive_pass', 'recovery', 'counterpressing_recovery', 'short_or_medium_pass']",37.0,77.0,6849,Jönköpings Södra,4-4-1,7055,Eskilsminne,4-4-2,613701,H. Lyck,RCB,True,-7.0,,16.0,51830.0,D. Kozica,RCMF,52.0,74.0,2761772661.0,8.524964,['throw_in'],5.0,3.0,56.0,100.0,60.0,77.0,6849.0,Jönköpings Södra,4-4-1,,,,,,,,,,,,,,,,,,,,,,,,,,,,,,,,,,,,,,,,,,,,,,,
2761772665,5678949,2H,83,51,01:23:51.814,5221.814644,2761772916.0,,,,,,pass,"['forward_pass', 'loss', 'short_or_medium_pass']",52.0,74.0,6849,Jönköpings Södra,4-4-1,7055,Eskilsminne,4-4-2,51830,D. Kozica,RCMF,False,14.0,,9.0,517376.0,H. Norrby,LCMF,60.0,77.0,2761772661.0,8.524964,['throw_in'],5.0,4.0,56.0,100.0,60.0,77.0,6849.0,Jönköpings Södra,4-4-1,,,,,,,,,,,,,,,,,,,,,,,,,,,,,,,,,,,,,,,,,,,,,,,
2761772916,5678949,2H,83,52,01:23:52.382,5222.38225,2761772917.0,,,,,,touch,['carry'],40.0,23.0,7055,Eskilsminne,4-4-2,6849,Jönköpings Södra,4-4-1,517376,H. Norrby,LCMF,,,,,,,,,,2761772916.0,5.6906835,[],3.0,0.0,40.0,23.0,69.0,100.0,7055.0,Eskilsminne,4-4-2,,,,,,,,,,,,,,,,,,,,,,,,,,11.55,49.0,39.0,,,,,,,,,,,,,,,,,,,
2761772917,5678949,2H,83,55,01:23:55.688,5225.688259,2761772666.0,,,,,,pass,"['lateral_pass', 'long_pass', 'pass_to_final_third']",49.0,39.0,7055,Eskilsminne,4-4-2,6849,Jönköpings Södra,4-4-1,517376,H. Norrby,LCMF,False,63.0,high,46.0,0.0,,,69.0,100.0,2761772916.0,5.6906835,[],3.0,1.0,40.0,23.0,69.0,100.0,7055.0,Eskilsminne,4-4-2,,,,,,,,,,,,,,,,,,,,,,,,,,,,,,,,,,,,,,,,,,,,,,,
2761772666,5678949,2H,84,0,01:24:00.457,5230.457608,,,,,,,game_interruption,['ball_out'],31.0,0.0,6849,Jönköpings Södra,4-4-1,7055,Eskilsminne,4-4-2,0,,,,,,,,,,,,2761772916.0,5.6906835,[],3.0,2.0,40.0,23.0,69.0,100.0,7055.0,Eskilsminne,4-4-2,,,,,,,,,,,,,,,,,,,,,,,,,,,,,,,,,,,,,,,,,,,,,,,
2761772669,5678949,2H,84,51,01:24:51.341,5281.341728,2761772676.0,,,,,,throw_in,[],38.0,0.0,6849,Jönköpings Södra,4-4-1,7055,Eskilsminne,4-4-2,692804,O. Almström,LB,True,8.0,,37.0,629185.0,K. Grauberg Lepik,RW,73.0,7.0,2761772669.0,3.653096,"['attack', 'throw_in']",6.0,0.0,38.0,0.0,76.0,9.0,6849.0,Jönköpings Södra,4-4-1,,,False,False,False,left,0.0,,,,,,,,,,,,,,,,,,,,,,,,,,,,,,,,,,,,,,,,
2761772676,5678949,2H,84,52,01:24:52.495,5282.495799,2761772677.0,,,,,,duel,"['ground_duel', 'offensive_duel']",73.0,7.0,6849,Jönköpings Södra,4-4-1,7055,Eskilsminne,4-4-2,629185,K. Grauberg Lepik,RW,,,,,,,,,,2761772669.0,3.653096,"['attack', 'throw_in']",6.0,1.0,38.0,0.0,76.0,9.0,6849.0,Jönköpings Södra,4-4-1,,,False,False,False,left,0.0,811825.0,D. Omanovic,RW,offensive_duel,True,False,,,False,,2761772918.0,,,,,,,,,,,,,,,,,,,,,,,,,,,,,
2761772677,5678949,2H,84,53,01:24:53.428,5283.428223,2761772674.0,,,,,,pass,"['back_pass', 'short_or_medium_pass']",70.0,6.0,6849,Jönköpings Södra,4-4-1,7055,Eskilsminne,4-4-2,629185,K. Grauberg Lepik,RW,True,175.0,,11.0,812471.0,A. Eriksson,LCMF,60.0,8.0,2761772669.0,3.653096,"['attack', 'throw_in']",6.0,2.0,38.0,0.0,76.0,9.0,6849.0,Jönköpings Södra,4-4-1,,,False,False,False,left,0.0,,,,,,,,,,,,,,,,,,,,,,,,,,,,,,,,,,,,,,,,
2761772674,5678949,2H,84,54,01:24:54.030,5284.03034,2761772678.0,,,,,,pass,"['forward_pass', 'pass_to_final_third', 'progressive_pass', 'short_or_medium_pass']",60.0,8.0,6849,Jönköpings Södra,4-4-1,7055,Eskilsminne,4-4-2,812471,A. Eriksson,LCMF,True,3.0,,17.0,674204.0,F. Benatallah,LW,76.0,9.0,2761772669.0,3.653096,"['attack', 'throw_in']",6.0,3.0,38.0,0.0,76.0,9.0,6849.0,Jönköpings Södra,4-4-1,,,False,False,False,left,0.0,,,,,,,,,,,,,,,,,,,,,,,,,,,,,,,,,,,,,,,,
2761772678,5678949,2H,84,54,01:24:54.994,5284.994824,2761772919.0,,,,,,duel,"['ground_duel', 'loss', 'offensive_duel']",76.0,9.0,6849,Jönköpings Södra,4-4-1,7055,Eskilsminne,4-4-2,674204,F. Benatallah,LW,,,,,,,,,,2761772669.0,3.653096,"['attack', 'throw_in']",6.0,4.0,38.0,0.0,76.0,9.0,6849.0,Jönköpings Södra,4-4-1,,,False,False,False,left,0.0,0.0,,,offensive_duel,False,False,,,False,,2761773447.0,,,,,,,,,,,,,,,,,,,,,,,,,,,,,
2761772918,5678949,2H,84,54,01:24:54.994,5284.994824,2761773447.0,,,,,,duel,"['defensive_duel', 'ground_duel']",27.0,93.0,7055,Eskilsminne,4-4-2,6849,Jönköpings Södra,4-4-1,811825,D. Omanovic,RW,,,,,,,,,,2761772669.0,3.653096,"['attack', 'throw_in']",6.0,5.0,38.0,0.0,76.0,9.0,6849.0,Jönköpings Södra,4-4-1,,,False,False,False,left,0.0,629185.0,K. Grauberg Lepik,RW,defensive_duel,,,True,False,False,,2761772676.0,,,,,,,,,,,,,,,,,,,,,,,,,,,,,
2761773447,5678949,2H,84,54,01:24:54.994,5284.994824,2761772919.0,,,,,,duel,"['defensive_duel', 'ground_duel']",24.0,91.0,7055,Eskilsminne,4-4-2,6849,Jönköpings Södra,4-4-1,0,,,,,,,,,,,,2761773447.0,6.4971125,['attack'],3.0,0.0,24.0,91.0,85.0,51.0,7055.0,Eskilsminne,4-4-2,,,True,True,False,right,0.2633,674204.0,F. Benatallah,LW,defensive_duel,,,True,True,False,,2761772678.0,,,,,,,,,,,,,,,,,,,,,,,,,,,,,
2761772919,5678949,2H,85,0,01:25:00.325,5290.325404,2761772920.0,,,,,,touch,[],69.0,50.0,7055,Eskilsminne,4-4-2,6849,Jönköpings Södra,4-4-1,1182527,T. Vanneryr,CF,,,,,,,,,,2761773447.0,6.4971125,['attack'],3.0,1.0,24.0,91.0,85.0,51.0,7055.0,Eskilsminne,4-4-2,,,True,True,False,right,0.2633,,,,,,,,,,,,,,,,,,,,,,,,,,,,,,,,,,,,,,,,
2761772920,5678949,2H,85,2,01:25:02.658,5292.658469,,,,,,,shot,"['opportunity', 'shot_after_throw_in', 'touch_in_box']",85.0,51.0,7055,Eskilsminne,4-4-2,6849,Jönköpings Södra,4-4-1,1182527,T. Vanneryr,CF,,,,,,,,,,2761773447.0,6.4971125,['attack'],3.0,2.0,24.0,91.0,85.0,51.0,7055.0,Eskilsminne,4-4-2,,,True,True,False,right,0.2633,,,,,,,,,,,,,,,,,,,,,,right_foot,False,True,gb,0.2633,0.1398,2761772679.0,899727.0,A. Eriksson,,,,,,,,,,
2761772679,5678949,2H,85,2,01:25:02.873,5292.873469,2761772920.0,,,,,,shot_against,"['save', 'save_with_reflex']",9.0,50.0,6849,Jönköpings Södra,4-4-1,7055,Eskilsminne,4-4-2,899727,A. Eriksson,GK,,,,,,,,,,,,,,,,,,,,,,,,,,,,,,,,,,,,,,,,,,,,,,,,,,,,,,,,,,,,,,,,,,,,
2761772681,5678949,2H,85,7,01:25:07.353,5297.353706,2761772683.0,,,,,,touch,[],23.0,18.0,6849,Jönköpings Södra,4-4-1,7055,Eskilsminne,4-4-2,613701,H. Lyck,RCB,,,,,,,,,,,,,,,,,,,,,,,,,,,,,,,,,,,,,,,,,,,,,,,,,,,,,,,,,,,,,,,,,,,,
2761772683,5678949,2H,85,9,01:25:09.318,5299.318212,2761772685.0,,,,,,duel,"['loose_ball_duel', 'sliding_tackle']",32.0,17.0,6849,Jönköpings Södra,4-4-1,7055,Eskilsminne,4-4-2,613701,H. Lyck,RCB,,,,,,,,,,,,,,,,,,,,,,,,,,,,,,,,,,,,,,,,,,,,,,,,,,,,,,,,,,,,,,,,,,,,
2761773448,5678949,2H,85,9,01:25:09.318,5299.318212,2761772921.0,,,,,,duel,['loose_ball_duel'],68.0,83.0,7055,Eskilsminne,4-4-2,6849,Jönköpings Södra,4-4-1,0,,,,,,,,,,,,,,,,,,,,,,,,,,,,,,,,,,,,,,,,,,,,,,,,,,,,,,,,,,,,,,,,,,,,,,
2761772685,5678949,2H,85,14,01:25:14.907,5304.907921,2761772686.0,,,,,,duel,"['defensive_duel', 'ground_duel', 'recovery']",38.0,18.0,6849,Jönköpings Södra,4-4-1,7055,Eskilsminne,4-4-2,812471,A. Eriksson,LCMF,,,,,,,,,,2761772685.0,6.520887,['transition_medium'],4.0,0.0,38.0,18.0,76.0,56.0,6849.0,Jönköpings Södra,4-4-1,,,,,,,,493674.0,C. Seger,RCMF,defensive_duel,,,True,True,False,right,2761772921.0,,,,,,,,,,,,,,,,,,,,,,,,,,,,,
2761772921,5678949,2H,85,14,01:25:14.907,5304.907921,2761772686.0,,,,,,duel,"['dribble', 'ground_duel', 'loss', 'offensive_duel']",62.0,82.0,7055,Eskilsminne,4-4-2,6849,Jönköpings Södra,4-4-1,493674,C. Seger,RCMF,,,,,,,,,,2761772685.0,6.520887,['transition_medium'],4.0,1.0,38.0,18.0,76.0,56.0,6849.0,Jönköpings Södra,4-4-1,,,,,,,,812471.0,A. Eriksson,LCMF,dribble,False,False,,,False,left,2761772685.0,,,,,,,,,,,,,,,,,,,,,,,,,,,,,
2761772686,5678949,2H,85,15,01:25:15.895,5305.895235,2761772688.0,,,,,,touch,"['progressive_run', 'carry']",43.0,29.0,6849,Jönköpings Södra,4-4-1,7055,Eskilsminne,4-4-2,629185,K. Grauberg Lepik,RW,,,,,,,,,,2761772685.0,6.520887,['transition_medium'],4.0,2.0,38.0,18.0,76.0,56.0,6849.0,Jönköpings Södra,4-4-1,,,,,,,,,,,,,,,,,,,,,,,,,,26.79,68.0,37.0,,,,,,,,,,,,,,,,,,,
2761772688,5678949,2H,85,21,01:25:21.007,5311.007148,2761772922.0,,,,,,pass,"['lateral_pass', 'loss', 'short_or_medium_pass']",68.0,37.0,6849,Jönköpings Södra,4-4-1,7055,Eskilsminne,4-4-2,629185,K. Grauberg Lepik,RW,False,55.0,,15.0,271007.0,J. Lernesjö,LB,76.0,56.0,2761772685.0,6.520887,['transition_medium'],4.0,3.0,38.0,18.0,76.0,56.0,6849.0,Jönköpings Södra,4-4-1,,,,,,,,,,,,,,,,,,,,,,,,,,,,,,,,,,,,,,,,,,,,,,,
2761772922,5678949,2H,85,21,01:25:21.850,5311.850468,2761772923.0,,,,,,interception,['recovery'],24.0,44.0,7055,Eskilsminne,4-4-2,6849,Jönköpings Södra,4-4-1,271007,J. Lernesjö,LB,,,,,,,,,,2761772922.0,13.4865265,['transition_low'],2.0,0.0,24.0,44.0,92.0,40.0,7055.0,Eskilsminne,4-4-2,,,,,,,,,,,,,,,,,,,,,,,,,,,,,,,,,,,,,,,,,,,,,,,
2761772923,5678949,2H,85,34,01:25:34.865,5324.865664,2761772690.0,,,,,,pass,"['back_pass', 'loss', 'short_or_medium_pass', 'touch_in_box']",99.0,32.0,7055,Eskilsminne,4-4-2,6849,Jönköpings Södra,4-4-1,1182527,T. Vanneryr,CF,False,144.0,,9.0,558236.0,L. Eek,LCB,92.0,40.0,2761772922.0,13.4865265,['transition_low'],2.0,1.0,24.0,44.0,92.0,40.0,7055.0,Eskilsminne,4-4-2,,,,,,,,,,,,,,,,,,,,,,,,,,,,,,,,,,,,,,,,,,,,,,,
2761772690,5678949,2H,85,35,01:25:35.808,5325.808325,2761772986.0,,,,,,interception,['loss'],8.0,60.0,6849,Jönköpings Södra,4-4-1,7055,Eskilsminne,4-4-2,558236,L. Eek,LCB,,,,,,,,,,2761772690.0,17.043898,[],2.0,0.0,8.0,60.0,0.0,87.0,6849.0,Jönköpings Södra,4-4-1,,,,,,,,,,,,,,,,,,,,,,,,,,,,,,,,,,,,,,,,,,,,,,,
2761772986,5678949,2H,86,9,01:26:09.896,5359.896121,,,,,,,game_interruption,['ball_out'],100.0,13.0,7055,Eskilsminne,4-4-2,6849,Jönköpings Södra,4-4-1,0,,,,,,,,,,,,2761772690.0,17.043898,[],2.0,1.0,8.0,60.0,0.0,87.0,6849.0,Jönköpings Södra,4-4-1,,,,,,,,,,,,,,,,,,,,,,,,,,,,,,,,,,,,,,,,,,,,,,,
2761772924,5678949,2H,86,13,01:26:13.151,5363.151533,2761772926.0,,,,,,corner,[],100.0,0.0,7055,Eskilsminne,4-4-2,6849,Jönköpings Södra,4-4-1,989684,M. Larsson,LW,True,135.0,low,14.0,517376.0,H. Norrby,LCMF,90.0,14.0,2761772924.0,6.910591,"['corner', 'set_piece_attack', 'attack']",4.0,0.0,100.0,0.0,93.0,28.0,7055.0,Eskilsminne,4-4-2,,,True,False,False,left,0.0102,,,,,,,,,,,,,,,,,,,,,,,,,,,,,,,,,,,,,,,,
2761772926,5678949,2H,86,15,01:26:15.338,5365.338714,2761772925.0,,,,,,pass,"['back_pass', 'short_or_medium_pass']",90.0,14.0,7055,Eskilsminne,4-4-2,6849,Jönköpings Södra,4-4-1,517376,H. Norrby,LCMF,True,-140.0,,7.0,989684.0,M. Larsson,LW,85.0,8.0,2761772924.0,6.910591,"['corner', 'set_piece_attack', 'attack']",4.0,1.0,100.0,0.0,93.0,28.0,7055.0,Eskilsminne,4-4-2,,,True,False,False,left,0.0102,,,,,,,,,,,,,,,,,,,,,,,,,,,,,,,,,,,,,,,,
2761772925,5678949,2H,86,18,01:26:18.791,5368.791442,2761772930.0,,,,,,pass,"['deep_completion', 'lateral_pass', 'pass_to_penalty_area', 'progressive_pass', 'short_or_medium_pass', 'shot_assist']",85.0,8.0,7055,Eskilsminne,4-4-2,6849,Jönköpings Södra,4-4-1,989684,M. Larsson,LW,True,57.0,,16.0,271007.0,J. Lernesjö,LB,93.0,28.0,2761772924.0,6.910591,"['corner', 'set_piece_attack', 'attack']",4.0,2.0,100.0,0.0,93.0,28.0,7055.0,Eskilsminne,4-4-2,,,True,False,False,left,0.0102,,,,,,,,,,,,,,,,,,,,,,,,,,,,,,,,,,,,,,,,
2761772930,5678949,2H,86,21,01:26:21.332,5371.332806,,,,,,,shot,"['shot_after_corner', 'touch_in_box']",93.0,28.0,7055,Eskilsminne,4-4-2,6849,Jönköpings Södra,4-4-1,271007,J. Lernesjö,LB,,,,,,,,,,2761772924.0,6.910591,"['corner', 'set_piece_attack', 'attack']",4.0,3.0,100.0,0.0,93.0,28.0,7055.0,Eskilsminne,4-4-2,,,True,False,False,left,0.0102,,,,,,,,,,,,,,,,,,,,,,left_foot,False,False,bc,0.01015,,,,,,,,,,,,,,
2761772691,5678949,2H,86,21,01:26:21.900,5371.900213,2761772692.0,,,,,,interception,['shot_block'],5.0,68.0,6849,Jönköpings Södra,4-4-1,7055,Eskilsminne,4-4-2,629185,K. Grauberg Lepik,RW,,,,,,,,,,,,,,,,,,,,,,,,,,,,,,,,,,,,,,,,,,,,,,,,,,,,,,,,,,,,,,,,,,,,
2761772692,5678949,2H,86,26,01:26:26.047,5376.047326,,,,,,,game_interruption,['ball_out'],0.0,60.0,6849,Jönköpings Södra,4-4-1,7055,Eskilsminne,4-4-2,0,,,,,,,,,,,,,,,,,,,,,,,,,,,,,,,,,,,,,,,,,,,,,,,,,,,,,,,,,,,,,,,,,,,,,,
2761772927,5678949,2H,86,39,01:26:39.767,5389.767765,2761772928.0,,,,,,corner,[],100.0,0.0,7055,Eskilsminne,4-4-2,6849,Jönköpings Södra,4-4-1,989684,M. Larsson,LW,True,106.0,low,8.0,517376.0,H. Norrby,LCMF,98.0,11.0,2761772927.0,6.1137685,"['corner', 'set_piece_attack', 'attack']",4.0,0.0,100.0,0.0,100.0,31.0,7055.0,Eskilsminne,4-4-2,,,False,False,False,left,0.0,,,,,,,,,,,,,,,,,,,,,,,,,,,,,,,,,,,,,,,,
2761772928,5678949,2H,86,43,01:26:43.602,5393.602139,2761772929.0,,,,,,pass,"['deep_completion', 'pass_to_penalty_area', 'progressive_pass', 'short_or_medium_pass']",98.0,11.0,7055,Eskilsminne,4-4-2,6849,Jönköpings Södra,4-4-1,517376,H. Norrby,LCMF,True,85.0,,10.0,989684.0,M. Larsson,LW,99.0,26.0,2761772927.0,6.1137685,"['corner', 'set_piece_attack', 'attack']",4.0,1.0,100.0,0.0,100.0,31.0,7055.0,Eskilsminne,4-4-2,,,False,False,False,left,0.0,,,,,,,,,,,,,,,,,,,,,,,,,,,,,,,,,,,,,,,,
2761772929,5678949,2H,86,45,01:26:45.108,5395.108495,2761772693.0,,,,,,touch,['touch_in_box'],99.0,26.0,7055,Eskilsminne,4-4-2,6849,Jönköpings Södra,4-4-1,989684,M. Larsson,LW,,,,,,,,,,2761772927.0,6.1137685,"['corner', 'set_piece_attack', 'attack']",4.0,2.0,100.0,0.0,100.0,31.0,7055.0,Eskilsminne,4-4-2,,,False,False,False,left,0.0,,,,,,,,,,,,,,,,,,,,,,,,,,,,,,,,,,,,,,,,
2761772693,5678949,2H,86,46,01:26:46.654,5396.654572,,,,,,,game_interruption,['ball_out'],0.0,69.0,6849,Jönköpings Södra,4-4-1,7055,Eskilsminne,4-4-2,0,,,,,,,,,,,,2761772927.0,6.1137685,"['corner', 'set_piece_attack', 'attack']",4.0,3.0,100.0,0.0,100.0,31.0,7055.0,Eskilsminne,4-4-2,,,False,False,False,left,0.0,,,,,,,,,,,,,,,,,,,,,,,,,,,,,,,,,,,,,,,,
2761772694,5678949,2H,86,51,01:26:51.529,5401.529901,2761772695.0,,,,,,goal_kick,[],0.0,59.0,6849,Jönköpings Södra,4-4-1,7055,Eskilsminne,4-4-2,899727,A. Eriksson,GK,True,-64.0,,32.0,558236.0,L. Eek,LCB,18.0,16.0,2761772694.0,16.150433,"['set_piece_attack', 'free_kick']",8.0,0.0,0.0,59.0,93.0,51.0,6849.0,Jönköpings Södra,4-4-1,,,,,,,,,,,,,,,,,,,,,,,,,,,,,,,,,,,,,,,,,,,,,,,
2761772695,5678949,2H,86,56,01:26:56.319,5406.319124,2761772697.0,,,,,,pass,"['forward_pass', 'short_or_medium_pass']",18.0,16.0,6849,Jönköpings Södra,4-4-1,7055,Eskilsminne,4-4-2,558236,L. Eek,LCB,True,-17.0,,21.0,812471.0,A. Eriksson,LCMF,37.0,7.0,2761772694.0,16.150433,"['set_piece_attack', 'free_kick']",8.0,1.0,0.0,59.0,93.0,51.0,6849.0,Jönköpings Södra,4-4-1,,,,,,,,,,,,,,,,,,,,,,,,,,,,,,,,,,,,,,,,,,,,,,,
2761772697,5678949,2H,86,59,01:26:59.567,5409.567821,2761772931.0,,,,,,pass,"['forward_pass', 'long_pass', 'loss']",37.0,7.0,6849,Jönköpings Södra,4-4-1,7055,Eskilsminne,4-4-2,812471,A. Eriksson,LCMF,False,-4.0,high,28.0,811825.0,D. Omanovic,RW,64.0,5.0,2761772694.0,16.150433,"['set_piece_attack', 'free_kick']",8.0,2.0,0.0,59.0,93.0,51.0,6849.0,Jönköpings Södra,4-4-1,,,,,,,,,,,,,,,,,,,,,,,,,,,,,,,,,,,,,,,,,,,,,,,
2761772931,5678949,2H,87,1,01:27:01.270,5411.270069,2761772699.0,,,,,,touch,['loss'],36.0,95.0,7055,Eskilsminne,4-4-2,6849,Jönköpings Södra,4-4-1,811825,D. Omanovic,RW,,,,,,,,,,2761772694.0,16.150433,"['set_piece_attack', 'free_kick']",8.0,3.0,0.0,59.0,93.0,51.0,6849.0,Jönköpings Södra,4-4-1,,,,,,,,,,,,,,,,,,,,,,,,,,,,,,,,,,,,,,,,,,,,,,,
2761772699,5678949,2H,87,5,01:27:05.157,5415.157124,2761772702.0,,,,,,pass,"['forward_pass', 'pass_to_final_third', 'recovery', 'counterpressing_recovery', 'short_or_medium_pass']",63.0,42.0,6849,Jönköpings Södra,4-4-1,7055,Eskilsminne,4-4-2,1060409,L. Lyck,CF,True,0.0,,7.0,692804.0,O. Almström,LB,70.0,42.0,2761772694.0,16.150433,"['set_piece_attack', 'free_kick']",8.0,4.0,0.0,59.0,93.0,51.0,6849.0,Jönköpings Södra,4-4-1,,,,,,,,,,,,,,,,,,,,,,,,,,,,,,,,,,,,,,,,,,,,,,,
2761772702,5678949,2H,87,5,01:27:05.696,5415.696369,2761772932.0,,,,,,touch,['loss'],70.0,42.0,6849,Jönköpings Södra,4-4-1,7055,Eskilsminne,4-4-2,692804,O. Almström,LB,,,,,,,,,,2761772694.0,16.150433,"['set_piece_attack', 'free_kick']",8.0,5.0,0.0,59.0,93.0,51.0,6849.0,Jönköpings Södra,4-4-1,,,,,,,,,,,,,,,,,,,,,,,,,,,,,,,,,,,,,,,,,,,,,,,
2761772932,5678949,2H,87,6,01:27:06.104,5416.104789,2761772704.0,,,,,,pass,"['back_pass', 'loss', 'progressive_pass', 'short_or_medium_pass']",29.0,55.0,7055,Eskilsminne,4-4-2,6849,Jönköpings Södra,4-4-1,566323,F. Velander,LCB,False,-153.0,,3.0,692804.0,O. Almström,LB,27.0,53.0,2761772694.0,16.150433,"['set_piece_attack', 'free_kick']",8.0,6.0,0.0,59.0,93.0,51.0,6849.0,Jönköpings Södra,4-4-1,,,,,,,,,,,,,,,,,,,,,,,,,,,,,,,,,,,,,,,,,,,,,,,
2761772704,5678949,2H,87,6,01:27:06.502,5416.502512,2761772934.0,,,,,,interception,"['loss', 'recovery', 'counterpressing_recovery']",73.0,47.0,6849,Jönköpings Södra,4-4-1,7055,Eskilsminne,4-4-2,692804,O. Almström,LB,,,,,,,,,,2761772694.0,16.150433,"['set_piece_attack', 'free_kick']",8.0,7.0,0.0,59.0,93.0,51.0,6849.0,Jönköpings Södra,4-4-1,,,,,,,,,,,,,,,,,,,,,,,,,,,,,,,,,,,,,,,,,,,,,,,
2761772933,5678949,2H,87,8,01:27:08.858,5418.858156,2761772934.0,,,,,,touch,['carry'],7.0,49.0,7055,Eskilsminne,4-4-2,6849,Jönköpings Södra,4-4-1,693887,H. Pauli,GK,,,,,,,,,,2761772933.0,14.3750305,['transition_low'],2.0,0.0,7.0,49.0,72.0,35.0,7055.0,Eskilsminne,4-4-2,,,,,,,,,,,,,,,,,,,,,,,,,,8.784,16.0,66.0,,,,,,,,,,,,,,,,,,,
2761772934,5678949,2H,87,21,01:27:21.100,5431.100024,2761772706.0,,,,,,pass,"['forward_pass', 'long_pass', 'loss', 'pass_to_final_third']",16.0,66.0,7055,Eskilsminne,4-4-2,6849,Jönköpings Södra,4-4-1,693887,H. Pauli,GK,False,-20.0,high,62.0,613701.0,H. Lyck,RCB,72.0,35.0,2761772933.0,14.3750305,['transition_low'],2.0,1.0,7.0,49.0,72.0,35.0,7055.0,Eskilsminne,4-4-2,,,,,,,,,,,,,,,,,,,,,,,,,,,,,,,,,,,,,,,,,,,,,,,
2761772706,5678949,2H,87,25,01:27:25.366,5435.366349,2761772708.0,,,,,,pass,"['forward_pass', 'head_pass', 'progressive_pass', 'short_or_medium_pass']",28.0,65.0,6849,Jönköpings Södra,4-4-1,7055,Eskilsminne,4-4-2,613701,H. Lyck,RCB,False,-22.0,high,40.0,629185.0,K. Grauberg Lepik,RW,63.0,43.0,2761772706.0,2.846449,[],2.0,0.0,28.0,65.0,63.0,43.0,6849.0,Jönköpings Södra,4-4-1,,,,,,,,,,,,,,,,,,,,,,,,,,,,,,,,,,,,,,,,,,,,,,,
2761772708,5678949,2H,87,31,01:27:31.059,5441.059247,,,,,,,offside,[],63.0,43.0,6849,Jönköpings Södra,4-4-1,7055,Eskilsminne,4-4-2,629185,K. Grauberg Lepik,RW,,,,,,,,,,2761772706.0,2.846449,[],2.0,1.0,28.0,65.0,63.0,43.0,6849.0,Jönköpings Södra,4-4-1,,,,,,,,,,,,,,,,,,,,,,,,,,,,,,,,,,,,,,,,,,,,,,,
2761772935,5678949,2H,87,45,01:27:45.321,5455.321555,2761772709.0,,,,,,free_kick,[],38.0,51.0,7055,Eskilsminne,4-4-2,6849,Jönköpings Södra,4-4-1,739449,L. Larsen,RCB,False,-30.0,,50.0,615319.0,A. Karlsson,RB,80.0,15.0,2761772935.0,14.807604,"['set_piece_attack', 'free_kick']",9.0,0.0,38.0,51.0,100.0,31.0,7055.0,Eskilsminne,4-4-2,,,,,,,,,,,,,,,,,,,,,,,,,,,,,,,,,,,,,,,,,,,,,,,
2761772709,5678949,2H,87,47,01:27:47.593,5457.593481,2761772936.0,,,,,,interception,"['head_pass', 'loss', 'pass', 'progressive_pass', 'short_or_medium_pass']",20.0,85.0,6849,Jönköpings Södra,4-4-1,7055,Eskilsminne,4-4-2,615319,A. Karlsson,RB,False,68.0,high,6.0,989684.0,M. Larsson,LW,22.0,93.0,2761772935.0,14.807604,"['set_piece_attack', 'free_kick']",9.0,1.0,38.0,51.0,100.0,31.0,7055.0,Eskilsminne,4-4-2,,,,,,,,,,,,,,,,,,,,,,,,,,,,,,,,,,,,,,,,,,,,,,,
2761772936,5678949,2H,87,49,01:27:49.875,5459.875325,2761772711.0,,,,,,pass,"['forward_pass', 'loss', 'short_or_medium_pass']",78.0,7.0,7055,Eskilsminne,4-4-2,6849,Jönköpings Södra,4-4-1,989684,M. Larsson,LW,False,0.0,,18.0,615319.0,A. Karlsson,RB,95.0,8.0,2761772935.0,14.807604,"['set_piece_attack', 'free_kick']",9.0,2.0,38.0,51.0,100.0,31.0,7055.0,Eskilsminne,4-4-2,,,,,,,,,,,,,,,,,,,,,,,,,,,,,,,,,,,,,,,,,,,,,,,
2761772711,5678949,2H,87,52,01:27:52.105,5462.105068,2761772713.0,,,,,,pass,"['lateral_pass', 'recovery', 'counterpressing_recovery', 'short_or_medium_pass']",5.0,92.0,6849,Jönköpings Södra,4-4-1,7055,Eskilsminne,4-4-2,615319,A. Karlsson,RB,True,-87.0,,16.0,899727.0,A. Eriksson,GK,6.0,68.0,2761772935.0,14.807604,"['set_piece_attack', 'free_kick']",9.0,3.0,38.0,51.0,100.0,31.0,7055.0,Eskilsminne,4-4-2,,,,,,,,,,,,,,,,,,,,,,,,,,,,,,,,,,,,,,,,,,,,,,,
2761772713,5678949,2H,87,53,01:27:53.865,5463.865182,2761772715.0,,,,,,pass,"['forward_pass', 'long_pass', 'progressive_pass']",6.0,68.0,6849,Jönköpings Södra,4-4-1,7055,Eskilsminne,4-4-2,899727,A. Eriksson,GK,True,0.0,high,37.0,1060409.0,L. Lyck,CF,41.0,67.0,2761772935.0,14.807604,"['set_piece_attack', 'free_kick']",9.0,4.0,38.0,51.0,100.0,31.0,7055.0,Eskilsminne,4-4-2,,,,,,,,,,,,,,,,,,,,,,,,,,,,,,,,,,,,,,,,,,,,,,,
2761772715,5678949,2H,87,56,01:27:56.063,5466.063976,2761772938.0,,,,,,duel,['loose_ball_duel'],41.0,67.0,6849,Jönköpings Södra,4-4-1,7055,Eskilsminne,4-4-2,1060409,L. Lyck,CF,,,,,,,,,,2761772935.0,14.807604,"['set_piece_attack', 'free_kick']",9.0,5.0,38.0,51.0,100.0,31.0,7055.0,Eskilsminne,4-4-2,,,,,,,,,,,,,,,,,,,,,,,,,,,,,,,,,,,,,,,,,,,,,,,
2761772937,5678949,2H,87,56,01:27:56.063,5466.063976,2761772938.0,,,,,,duel,"['loose_ball_duel', 'recovery', 'counterpressing_recovery']",59.0,33.0,7055,Eskilsminne,4-4-2,6849,Jönköpings Södra,4-4-1,566323,F. Velander,LCB,,,,,,,,,,2761772935.0,14.807604,"['set_piece_attack', 'free_kick']",9.0,6.0,38.0,51.0,100.0,31.0,7055.0,Eskilsminne,4-4-2,,,,,,,,,,,,,,,,,,,,,,,,,,,,,,,,,,,,,,,,,,,,,,,
2761772938,5678949,2H,87,58,01:27:58.033,5468.033206,2761772718.0,,,,,,pass,"['forward_pass', 'long_pass', 'loss', 'pass_to_final_third', 'pass_to_penalty_area']",51.0,31.0,7055,Eskilsminne,4-4-2,6849,Jönköpings Södra,4-4-1,271007,J. Lernesjö,LB,False,0.0,high,51.0,0.0,,,100.0,31.0,2761772935.0,14.807604,"['set_piece_attack', 'free_kick']",9.0,7.0,38.0,51.0,100.0,31.0,7055.0,Eskilsminne,4-4-2,,,,,,,,,,,,,,,,,,,,,,,,,,,,,,,,,,,,,,,,,,,,,,,
2761772718,5678949,2H,88,2,01:28:02.225,5472.225112,,,,,,,game_interruption,['ball_out'],0.0,69.0,6849,Jönköpings Södra,4-4-1,7055,Eskilsminne,4-4-2,0,,,,,,,,,,,,2761772935.0,14.807604,"['set_piece_attack', 'free_kick']",9.0,8.0,38.0,51.0,100.0,31.0,7055.0,Eskilsminne,4-4-2,,,,,,,,,,,,,,,,,,,,,,,,,,,,,,,,,,,,,,,,,,,,,,,
2761772719,5678949,2H,88,13,01:28:13.344,5483.344508,2761772721.0,,,,,,goal_kick,[],0.0,63.0,6849,Jönköpings Södra,4-4-1,7055,Eskilsminne,4-4-2,899727,A. Eriksson,GK,True,0.0,,64.0,629185.0,K. Grauberg Lepik,RW,66.0,63.0,2761772719.0,8.243564,"['set_piece_attack', 'free_kick']",5.0,0.0,0.0,63.0,58.0,66.0,6849.0,Jönköpings Södra,4-4-1,,,,,,,,,,,,,,,,,,,,,,,,,,,,,,,,,,,,,,,,,,,,,,,
2761772721,5678949,2H,88,18,01:28:18.796,5488.79648,2761772723.0,,,,,,pass,"['back_pass', 'short_or_medium_pass']",66.0,63.0,6849,Jönköpings Södra,4-4-1,7055,Eskilsminne,4-4-2,629185,K. Grauberg Lepik,RW,True,174.0,,10.0,812471.0,A. Eriksson,LCMF,57.0,65.0,2761772719.0,8.243564,"['set_piece_attack', 'free_kick']",5.0,1.0,0.0,63.0,58.0,66.0,6849.0,Jönköpings Södra,4-4-1,,,,,,,,,,,,,,,,,,,,,,,,,,,,,,,,,,,,,,,,,,,,,,,
2761772723,5678949,2H,88,19,01:28:19.606,5489.606697,2761772940.0,,,,,,duel,"['foul_suffered', 'ground_duel', 'loss', 'offensive_duel']",57.0,65.0,6849,Jönköpings Södra,4-4-1,7055,Eskilsminne,4-4-2,812471,A. Eriksson,LCMF,,,,,,,,,,2761772719.0,8.243564,"['set_piece_attack', 'free_kick']",5.0,2.0,0.0,63.0,58.0,66.0,6849.0,Jönköpings Södra,4-4-1,,,,,,,,517376.0,H. Norrby,LCMF,offensive_duel,True,True,,,False,,2761772939.0,,,,,,,,,,,,,,,,,,,,,,,,,,,,,
2761772939,5678949,2H,88,19,01:28:19.606,5489.606697,2761772940.0,,,,,,duel,"['defensive_duel', 'ground_duel']",43.0,35.0,7055,Eskilsminne,4-4-2,6849,Jönköpings Södra,4-4-1,517376,H. Norrby,LCMF,,,,,,,,,,2761772719.0,8.243564,"['set_piece_attack', 'free_kick']",5.0,3.0,0.0,63.0,58.0,66.0,6849.0,Jönköpings Södra,4-4-1,,,,,,,,812471.0,A. Eriksson,LCMF,defensive_duel,,,False,False,False,,2761772723.0,,,,,,,,,,,,,,,,,,,,,,,,,,,,,
2761772940,5678949,2H,88,23,01:28:23.569,5493.569447,2761772723.0,,,,,,infraction,['foul'],42.0,34.0,7055,Eskilsminne,4-4-2,6849,Jönköpings Södra,4-4-1,517376,H. Norrby,LCMF,,,,,,,,,,2761772719.0,8.243564,"['set_piece_attack', 'free_kick']",5.0,4.0,0.0,63.0,58.0,66.0,6849.0,Jönköpings Södra,4-4-1,,,,,,,,,,,,,,,,,,,False,False,regular_foul,812471.0,A. Eriksson,LCMF,,,,,,,,,,,,,,,,,,,,,,,
2761772724,5678949,2H,88,44,01:28:44.689,5514.689139,2761772727.0,,,,,,free_kick,"['free_kick_cross', 'shot_assist']",64.0,70.0,6849,Jönköpings Södra,4-4-1,7055,Eskilsminne,4-4-2,51830,D. Kozica,RCMF,True,-45.0,high,32.0,674204.0,F. Benatallah,LW,86.0,37.0,2761772724.0,1.9191355,"['set_piece_attack', 'attack', 'free_kick', 'free_kick_cross']",4.0,0.0,64.0,70.0,86.0,37.0,6849.0,Jönköpings Södra,4-4-1,,,True,True,False,center,0.0443,,,,,,,,,,,,,,,,,,,,,,,,,,,,,,,,,,,,,,,,
2761772727,5678949,2H,88,45,01:28:45.936,5515.936056,2761772728.0,,,,,,duel,['aerial_duel'],86.0,37.0,6849,Jönköpings Södra,4-4-1,7055,Eskilsminne,4-4-2,674204,F. Benatallah,LW,,,,,,,,,,2761772724.0,1.9191355,"['set_piece_attack', 'attack', 'free_kick', 'free_kick_cross']",4.0,1.0,64.0,70.0,86.0,37.0,6849.0,Jönköpings Södra,4-4-1,,,True,True,False,center,0.0443,,,,,,,,,,,,,,,,,,,,,,,,,,,,,,,,0.0,,,,True,0.0,2761773449.0,,
2761773449,5678949,2H,88,45,01:28:45.936,5515.936056,2761772728.0,,,,,,duel,['aerial_duel'],14.0,63.0,7055,Eskilsminne,4-4-2,6849,Jönköpings Södra,4-4-1,0,,,,,,,,,,,,2761772724.0,1.9191355,"['set_piece_attack', 'attack', 'free_kick', 'free_kick_cross']",4.0,2.0,64.0,70.0,86.0,37.0,6849.0,Jönköpings Södra,4-4-1,,,True,True,False,center,0.0443,,,,,,,,,,,,,,,,,,,,,,,,,,,,,,,,674204.0,F. Benatallah,LW,0.0,False,,2761772727.0,,
2761772728,5678949,2H,88,47,01:28:47.280,5517.280493,,,,,,,shot,"['head_shot', 'opportunity', 'shot_after_free_kick', 'touch_in_box']",86.0,37.0,6849,Jönköpings Södra,4-4-1,7055,Eskilsminne,4-4-2,674204,F. Benatallah,LW,,,,,,,,,,2761772724.0,1.9191355,"['set_piece_attack', 'attack', 'free_kick', 'free_kick_cross']",4.0,3.0,64.0,70.0,86.0,37.0,6849.0,Jönköpings Södra,4-4-1,,,True,True,False,center,0.0443,,,,,,,,,,,,,,,,,,,,,,head_or_other,False,True,glb,0.0443,0.114,2761772941.0,693887.0,H. Pauli,,,,,,,,,,
2761772941,5678949,2H,88,49,01:28:49.313,5519.313646,2761772728.0,,,,,,shot_against,"['save', 'save_with_reflex']",7.0,49.0,7055,Eskilsminne,4-4-2,6849,Jönköpings Södra,4-4-1,693887,H. Pauli,GK,,,,,,,,,,,,,,,,,,,,,,,,,,,,,,,,,,,,,,,,,,,,,,,,,,,,,,,,,,,,,,,,,,,,
2761772942,5678949,2H,89,3,01:29:03.491,5533.491457,2761773450.0,,,,,,pass,"['forward_pass', 'long_pass', 'progressive_pass']",15.0,67.0,7055,Eskilsminne,4-4-2,6849,Jönköpings Södra,4-4-1,693887,H. Pauli,GK,True,1.0,high,50.0,0.0,,,63.0,69.0,2761772942.0,6.833603,[],4.0,0.0,15.0,67.0,72.0,73.0,7055.0,Eskilsminne,4-4-2,,,,,,,,,,,,,,,,,,,,,,,,,,,,,,,,,,,,,,,,,,,,,,,
2761772731,5678949,2H,89,7,01:29:07.199,5537.199299,2761772943.0,,,,,,duel,['loose_ball_duel'],37.0,31.0,6849,Jönköpings Södra,4-4-1,7055,Eskilsminne,4-4-2,812471,A. Eriksson,LCMF,,,,,,,,,,2761772942.0,6.833603,[],4.0,1.0,15.0,67.0,72.0,73.0,7055.0,Eskilsminne,4-4-2,,,,,,,,,,,,,,,,,,,,,,,,,,,,,,,,,,,,,,,,,,,,,,,
2761773450,5678949,2H,89,7,01:29:07.199,5537.199299,2761772943.0,,,,,,duel,['loose_ball_duel'],63.0,69.0,7055,Eskilsminne,4-4-2,6849,Jönköpings Södra,4-4-1,0,,,,,,,,,,,,2761772942.0,6.833603,[],4.0,2.0,15.0,67.0,72.0,73.0,7055.0,Eskilsminne,4-4-2,,,,,,,,,,,,,,,,,,,,,,,,,,,,,,,,,,,,,,,,,,,,,,,
2761772943,5678949,2H,89,9,01:29:09.920,5539.920081,2761772733.0,,,,,,pass,"['forward_pass', 'head_pass', 'loss', 'pass_to_final_third', 'short_or_medium_pass']",66.0,69.0,7055,Eskilsminne,4-4-2,6849,Jönköpings Södra,4-4-1,615876,E. Hintsa,SS,False,23.0,high,7.0,558236.0,L. Eek,LCB,72.0,73.0,2761772942.0,6.833603,[],4.0,3.0,15.0,67.0,72.0,73.0,7055.0,Eskilsminne,4-4-2,,,,,,,,,,,,,,,,,,,,,,,,,,,,,,,,,,,,,,,,,,,,,,,
2761772733,5678949,2H,89,10,01:29:10.730,5540.730039,2761772735.0,,,,,,pass,"['recovery', 'short_or_medium_pass']",28.0,27.0,6849,Jönköpings Södra,4-4-1,7055,Eskilsminne,4-4-2,558236,L. Eek,LCB,True,-45.0,,12.0,692804.0,O. Almström,LB,35.0,14.0,2761772733.0,5.422953,['transition_low'],3.0,0.0,28.0,27.0,66.0,26.0,6849.0,Jönköpings Södra,4-4-1,,,,,,,,,,,,,,,,,,,,,,,,,,,,,,,,,,,,,,,,,,,,,,,
2761772735,5678949,2H,89,13,01:29:13.179,5543.17983,2761772736.0,,,,,,pass,"['forward_pass', 'long_pass', 'progressive_pass']",35.0,14.0,6849,Jönköpings Södra,4-4-1,7055,Eskilsminne,4-4-2,692804,O. Almström,LB,True,14.0,high,34.0,629185.0,K. Grauberg Lepik,RW,66.0,26.0,2761772733.0,5.422953,['transition_low'],3.0,1.0,28.0,27.0,66.0,26.0,6849.0,Jönköpings Södra,4-4-1,,,,,,,,,,,,,,,,,,,,,,,,,,,,,,,,,,,,,,,,,,,,,,,
2761772736,5678949,2H,89,16,01:29:16.152,5546.152992,2761772945.0,,,,,,duel,"['ground_duel', 'loss', 'offensive_duel']",66.0,26.0,6849,Jönköpings Södra,4-4-1,7055,Eskilsminne,4-4-2,629185,K. Grauberg Lepik,RW,,,,,,,,,,2761772733.0,5.422953,['transition_low'],3.0,2.0,28.0,27.0,66.0,26.0,6849.0,Jönköpings Södra,4-4-1,,,,,,,,739449.0,L. Larsen,RCB,offensive_duel,False,False,,,False,,2761772944.0,,,,,,,,,,,,,,,,,,,,,,,,,,,,,
2761772944,5678949,2H,89,16,01:29:16.152,5546.152992,2761772945.0,,,,,,duel,"['defensive_duel', 'ground_duel', 'recovery']",34.0,74.0,7055,Eskilsminne,4-4-2,6849,Jönköpings Södra,4-4-1,739449,L. Larsen,RCB,,,,,,,,,,2761772944.0,8.260113,['transition_medium'],5.0,0.0,34.0,74.0,74.0,25.0,7055.0,Eskilsminne,4-4-2,,,,,,,,629185.0,K. Grauberg Lepik,RW,defensive_duel,,,True,True,False,,2761772736.0,,,,,,,,,,,,,,,,,,,,,,,,,,,,,
2761772945,5678949,2H,89,19,01:29:19.204,5549.204926,2761772946.0,,,,,,touch,[],46.0,67.0,7055,Eskilsminne,4-4-2,6849,Jönköpings Södra,4-4-1,517376,H. Norrby,LCMF,,,,,,,,,,2761772944.0,8.260113,['transition_medium'],5.0,1.0,34.0,74.0,74.0,25.0,7055.0,Eskilsminne,4-4-2,,,,,,,,,,,,,,,,,,,,,,,,,,,,,,,,,,,,,,,,,,,,,,,
2761772946,5678949,2H,89,20,01:29:20.797,5550.797038,2761772947.0,,,,,,pass,"['forward_pass', 'pass_to_final_third', 'progressive_pass', 'short_or_medium_pass']",52.0,52.0,7055,Eskilsminne,4-4-2,6849,Jönköpings Södra,4-4-1,517376,H. Norrby,LCMF,True,-29.0,,23.0,615876.0,E. Hintsa,SS,71.0,35.0,2761772944.0,8.260113,['transition_medium'],5.0,2.0,34.0,74.0,74.0,25.0,7055.0,Eskilsminne,4-4-2,,,,,,,,,,,,,,,,,,,,,,,,,,,,,,,,,,,,,,,,,,,,,,,
2761772947,5678949,2H,89,22,01:29:22.243,5552.243763,2761772948.0,,,,,,touch,[],71.0,35.0,7055,Eskilsminne,4-4-2,6849,Jönköpings Södra,4-4-1,615876,E. Hintsa,SS,,,,,,,,,,2761772944.0,8.260113,['transition_medium'],5.0,3.0,34.0,74.0,74.0,25.0,7055.0,Eskilsminne,4-4-2,,,,,,,,,,,,,,,,,,,,,,,,,,,,,,,,,,,,,,,,,,,,,,,
2761772738,5678949,2H,89,24,01:29:24.413,5554.413105,2761772740.0,,,,,,duel,"['defensive_duel', 'ground_duel', 'recovery', 'carry']",26.0,75.0,6849,Jönköpings Södra,4-4-1,7055,Eskilsminne,4-4-2,613701,H. Lyck,RCB,,,,,,,,,,2761772738.0,50.559509,"['attack', 'transition_low']",22.0,0.0,26.0,75.0,85.0,42.0,6849.0,Jönköpings Södra,4-4-1,,,False,False,False,left,0.0,615876.0,E. Hintsa,SS,defensive_duel,,,True,True,False,left,2761772948.0,,,,,,,,-20.46,8.0,88.0,,,,,,,,,,,,,,,,,,,
2761772948,5678949,2H,89,24,01:29:24.413,5554.413105,2761772740.0,,,,,,duel,"['dribble', 'ground_duel', 'loss', 'offensive_duel']",74.0,25.0,7055,Eskilsminne,4-4-2,6849,Jönköpings Södra,4-4-1,615876,E. Hintsa,SS,,,,,,,,,,2761772944.0,8.260113,['transition_medium'],5.0,4.0,34.0,74.0,74.0,25.0,7055.0,Eskilsminne,4-4-2,,,,,,,,613701.0,H. Lyck,RCB,dribble,False,False,,,False,right,2761772738.0,,,,,,,,,,,,,,,,,,,,,,,,,,,,,
2761772740,5678949,2H,89,31,01:29:31.380,5561.380608,2761772742.0,,,,,,pass,"['forward_pass', 'long_pass', 'progressive_pass']",8.0,88.0,6849,Jönköpings Södra,4-4-1,7055,Eskilsminne,4-4-2,613701,H. Lyck,RCB,True,-9.0,high,51.0,1060409.0,L. Lyck,CF,56.0,77.0,2761772738.0,50.559509,"['attack', 'transition_low']",22.0,1.0,26.0,75.0,85.0,42.0,6849.0,Jönköpings Södra,4-4-1,,,False,False,False,left,0.0,,,,,,,,,,,,,,,,,,,,,,,,,,,,,,,,,,,,,,,,
2761772742,5678949,2H,89,41,01:29:41.094,5571.09457,2761772752.0,,,,,,pass,"['lateral_pass', 'long_pass', 'pass_to_final_third']",56.0,77.0,6849,Jönköpings Södra,4-4-1,7055,Eskilsminne,4-4-2,1060409,L. Lyck,CF,True,-72.0,high,48.0,674204.0,F. Benatallah,LW,70.0,10.0,2761772738.0,50.559509,"['attack', 'transition_low']",22.0,2.0,26.0,75.0,85.0,42.0,6849.0,Jönköpings Södra,4-4-1,,,False,False,False,left,0.0,,,,,,,,,,,,,,,,,,,,,,,,,,,,,,,,,,,,,,,,
2761772752,5678949,2H,89,47,01:29:47.035,5577.035146,2761772753.0,,,,,,duel,"['dribble', 'ground_duel', 'offensive_duel']",70.0,10.0,6849,Jönköpings Södra,4-4-1,7055,Eskilsminne,4-4-2,674204,F. Benatallah,LW,,,,,,,,,,2761772738.0,50.559509,"['attack', 'transition_low']",22.0,3.0,26.0,75.0,85.0,42.0,6849.0,Jönköpings Södra,4-4-1,,,False,False,False,left,0.0,811825.0,D. Omanovic,RW,dribble,True,True,,,False,left,2761772949.0,,,,,,,,,,,,,,,,,,,,,,,,,,,,,
2761772949,5678949,2H,89,47,01:29:47.035,5577.035146,2761772753.0,,,,,,duel,"['defensive_duel', 'ground_duel']",30.0,90.0,7055,Eskilsminne,4-4-2,6849,Jönköpings Södra,4-4-1,811825,D. Omanovic,RW,,,,,,,,,,2761772738.0,50.559509,"['attack', 'transition_low']",22.0,4.0,26.0,75.0,85.0,42.0,6849.0,Jönköpings Södra,4-4-1,,,False,False,False,left,0.0,674204.0,F. Benatallah,LW,defensive_duel,,,False,False,False,right,2761772752.0,,,,,,,,,,,,,,,,,,,,,,,,,,,,,
2761772753,5678949,2H,89,48,01:29:48.164,5578.164314,,,,,,,pass,"['cross', 'cross_blocked']",74.0,12.0,6849,Jönköpings Södra,4-4-1,7055,Eskilsminne,4-4-2,674204,F. Benatallah,LW,False,66.0,blocked,66.0,0.0,,,100.0,100.0,2761772738.0,50.559509,"['attack', 'transition_low']",22.0,5.0,26.0,75.0,85.0,42.0,6849.0,Jönköpings Södra,4-4-1,,,False,False,False,left,0.0,,,,,,,,,,,,,,,,,,,,,,,,,,,,,,,,,,,,,,,,
2761772950,5678949,2H,89,49,01:29:49.540,5579.540736,2761772754.0,,,,,,interception,"['loss', 'recovery']",25.0,80.0,7055,Eskilsminne,4-4-2,6849,Jönköpings Södra,4-4-1,811825,D. Omanovic,RW,,,,,,,,,,2761772738.0,50.559509,"['attack', 'transition_low']",22.0,6.0,26.0,75.0,85.0,42.0,6849.0,Jönköpings Södra,4-4-1,,,False,False,False,left,0.0,,,,,,,,,,,,,,,,,,,,,,,,,,,,,,,,,,,,,,,,
2761772754,5678949,2H,89,52,01:29:52.147,5582.147448,2761772755.0,,,,,,pass,"['lateral_pass', 'recovery', 'counterpressing_recovery', 'short_or_medium_pass']",62.0,24.0,6849,Jönköpings Södra,4-4-1,7055,Eskilsminne,4-4-2,558236,L. Eek,LCB,True,-73.0,,14.0,674204.0,F. Benatallah,LW,66.0,4.0,2761772738.0,50.559509,"['attack', 'transition_low']",22.0,7.0,26.0,75.0,85.0,42.0,6849.0,Jönköpings Södra,4-4-1,,,False,False,False,left,0.0,,,,,,,,,,,,,,,,,,,,,,,,,,,,,,,,,,,,,,,,
2761772755,5678949,2H,89,55,01:29:55.267,5585.267474,2761772811.0,,,,,,pass,"['forward_pass', 'pass_to_final_third', 'progressive_pass', 'short_or_medium_pass']",66.0,4.0,6849,Jönköpings Södra,4-4-1,7055,Eskilsminne,4-4-2,674204,F. Benatallah,LW,True,42.0,,15.0,692804.0,O. Almström,LB,76.0,19.0,2761772738.0,50.559509,"['attack', 'transition_low']",22.0,8.0,26.0,75.0,85.0,42.0,6849.0,Jönköpings Södra,4-4-1,,,False,False,False,left,0.0,,,,,,,,,,,,,,,,,,,,,,,,,,,,,,,,,,,,,,,,
2761772811,5678949,2H,89,58,01:29:58.970,5588.970536,2761772757.0,,,,,,pass,['short_or_medium_pass'],76.0,19.0,6849,Jönköpings Södra,4-4-1,7055,Eskilsminne,4-4-2,692804,O. Almström,LB,True,-73.0,,10.0,558236.0,L. Eek,LCB,79.0,5.0,2761772738.0,50.559509,"['attack', 'transition_low']",22.0,9.0,26.0,75.0,85.0,42.0,6849.0,Jönköpings Södra,4-4-1,,,False,False,False,left,0.0,,,,,,,,,,,,,,,,,,,,,,,,,,,,,,,,,,,,,,,,
2761772757,5678949,2H,89,59,01:29:59.949,5589.949632,2761772758.0,,,,,,duel,"['dribble', 'ground_duel', 'offensive_duel', 'carry']",79.0,5.0,6849,Jönköpings Södra,4-4-1,7055,Eskilsminne,4-4-2,558236,L. Eek,LCB,,,,,,,,,,2761772738.0,50.559509,"['attack', 'transition_low']",22.0,10.0,26.0,75.0,85.0,42.0,6849.0,Jönköpings Södra,4-4-1,,,False,False,False,left,0.0,811825.0,D. Omanovic,RW,dribble,True,True,,,False,left,2761772951.0,,,,,,,,0.402,75.0,11.0,,,,,,,,,,,,,,,,,,,
2761772951,5678949,2H,89,59,01:29:59.949,5589.949632,2761772758.0,,,,,,duel,"['defensive_duel', 'ground_duel']",21.0,95.0,7055,Eskilsminne,4-4-2,6849,Jönköpings Södra,4-4-1,811825,D. Omanovic,RW,,,,,,,,,,2761772738.0,50.559509,"['attack', 'transition_low']",22.0,11.0,26.0,75.0,85.0,42.0,6849.0,Jönköpings Södra,4-4-1,,,False,False,False,left,0.0,558236.0,L. Eek,LCB,defensive_duel,,,False,False,False,right,2761772757.0,,,,,,,,,,,,,,,,,,,,,,,,,,,,,
2761772758,5678949,2H,90,0,01:30:00.882,5590.882407,2761772759.0,,,,,,pass,"['cross', 'deep_completed_cross', 'lateral_pass', 'pass_to_penalty_area', 'progressive_pass']",75.0,11.0,6849,Jönköpings Södra,4-4-1,7055,Eskilsminne,4-4-2,558236,L. Eek,LCB,True,67.0,high,39.0,615319.0,A. Karlsson,RB,90.0,64.0,2761772738.0,50.559509,"['attack', 'transition_low']",22.0,12.0,26.0,75.0,85.0,42.0,6849.0,Jönköpings Södra,4-4-1,,,False,False,False,left,0.0,,,,,,,,,,,,,,,,,,,,,,,,,,,,,,,,,,,,,,,,
2761772759,5678949,2H,90,2,01:30:02.956,5592.956149,2761772760.0,,,,,,duel,"['aerial_duel', 'loss']",90.0,64.0,6849,Jönköpings Södra,4-4-1,7055,Eskilsminne,4-4-2,615319,A. Karlsson,RB,,,,,,,,,,2761772738.0,50.559509,"['attack', 'transition_low']",22.0,13.0,26.0,75.0,85.0,42.0,6849.0,Jönköpings Södra,4-4-1,,,False,False,False,left,0.0,,,,,,,,,,,,,,,,,,,,,,,,,,,,,,,,271007.0,J. Lernesjö,LB,180.0,False,0.0,2761772952.0,,
2761772952,5678949,2H,90,2,01:30:02.956,5592.956149,2761772760.0,,,,,,duel,"['aerial_duel', 'loss', 'recovery']",10.0,36.0,7055,Eskilsminne,4-4-2,6849,Jönköpings Södra,4-4-1,271007,J. Lernesjö,LB,,,,,,,,,,2761772738.0,50.559509,"['attack', 'transition_low']",22.0,14.0,26.0,75.0,85.0,42.0,6849.0,Jönköpings Södra,4-4-1,,,False,False,False,left,0.0,,,,,,,,,,,,,,,,,,,,,,,,,,,,,,,,615319.0,A. Karlsson,RB,0.0,True,180.0,2761772759.0,,
2761772760,5678949,2H,90,5,01:30:05.122,5595.12202,2761772761.0,,,,,,pass,"['back_pass', 'recovery', 'counterpressing_recovery', 'short_or_medium_pass', 'touch_in_box']",85.0,53.0,6849,Jönköpings Södra,4-4-1,7055,Eskilsminne,4-4-2,629185,K. Grauberg Lepik,RW,True,166.0,,9.0,812471.0,A. Eriksson,LCMF,77.0,56.0,2761772738.0,50.559509,"['attack', 'transition_low']",22.0,15.0,26.0,75.0,85.0,42.0,6849.0,Jönköpings Södra,4-4-1,,,False,False,False,left,0.0,,,,,,,,,,,,,,,,,,,,,,,,,,,,,,,,,,,,,,,,
2761772761,5678949,2H,90,6,01:30:06.642,5596.642226,2761772762.0,,,,,,pass,['short_or_medium_pass'],77.0,56.0,6849,Jönköpings Södra,4-4-1,7055,Eskilsminne,4-4-2,812471,A. Eriksson,LCMF,True,-74.0,,7.0,51830.0,D. Kozica,RCMF,79.0,46.0,2761772738.0,50.559509,"['attack', 'transition_low']",22.0,16.0,26.0,75.0,85.0,42.0,6849.0,Jönköpings Södra,4-4-1,,,False,False,False,left,0.0,,,,,,,,,,,,,,,,,,,,,,,,,,,,,,,,,,,,,,,,
2761772762,5678949,2H,90,8,01:30:08.065,5598.065035,2761772764.0,,,,,,duel,"['dribble', 'ground_duel', 'offensive_duel']",79.0,46.0,6849,Jönköpings Södra,4-4-1,7055,Eskilsminne,4-4-2,51830,D. Kozica,RCMF,,,,,,,,,,2761772738.0,50.559509,"['attack', 'transition_low']",22.0,17.0,26.0,75.0,85.0,42.0,6849.0,Jönköpings Södra,4-4-1,,,False,False,False,left,0.0,517376.0,H. Norrby,LCMF,dribble,True,False,,,False,right,2761772953.0,,,,,,,,,,,,,,,,,,,,,,,,,,,,,
2761772953,5678949,2H,90,8,01:30:08.065,5598.065035,2761772764.0,,,,,,duel,"['defensive_duel', 'ground_duel']",21.0,54.0,7055,Eskilsminne,4-4-2,6849,Jönköpings Södra,4-4-1,517376,H. Norrby,LCMF,,,,,,,,,,2761772738.0,50.559509,"['attack', 'transition_low']",22.0,18.0,26.0,75.0,85.0,42.0,6849.0,Jönköpings Södra,4-4-1,,,False,False,False,left,0.0,51830.0,D. Kozica,RCMF,defensive_duel,,,True,False,False,left,2761772762.0,,,,,,,,,,,,,,,,,,,,,,,,,,,,,
2761772764,5678949,2H,90,9,01:30:09.960,5599.960395,2761772766.0,,,,,,pass,"['cross', 'lateral_pass', 'pass_to_penalty_area', 'progressive_pass']",73.0,21.0,6849,Jönköpings Södra,4-4-1,7055,Eskilsminne,4-4-2,692804,O. Almström,LB,True,71.0,high,36.0,615319.0,A. Karlsson,RB,85.0,70.0,2761772738.0,50.559509,"['attack', 'transition_low']",22.0,19.0,26.0,75.0,85.0,42.0,6849.0,Jönköpings Södra,4-4-1,,,False,False,False,left,0.0,,,,,,,,,,,,,,,,,,,,,,,,,,,,,,,,,,,,,,,,
2761772766,5678949,2H,90,12,01:30:12.382,5602.382991,2761772767.0,,,,,,pass,"['deep_completion', 'head_pass', 'lateral_pass', 'short_or_medium_pass', 'touch_in_box']",85.0,70.0,6849,Jönköpings Södra,4-4-1,7055,Eskilsminne,4-4-2,615319,A. Karlsson,RB,True,-90.0,high,19.0,1060409.0,L. Lyck,CF,85.0,42.0,2761772738.0,50.559509,"['attack', 'transition_low']",22.0,20.0,26.0,75.0,85.0,42.0,6849.0,Jönköpings Södra,4-4-1,,,False,False,False,left,0.0,,,,,,,,,,,,,,,,,,,,,,,,,,,,,,,,,,,,,,,,
2761772767,5678949,2H,90,14,01:30:14.972,5604.972614,2761772955.0,,,,,,duel,"['ground_duel', 'loss', 'offensive_duel']",85.0,42.0,6849,Jönköpings Södra,4-4-1,7055,Eskilsminne,4-4-2,1060409,L. Lyck,CF,,,,,,,,,,2761772738.0,50.559509,"['attack', 'transition_low']",22.0,21.0,26.0,75.0,85.0,42.0,6849.0,Jönköpings Södra,4-4-1,,,False,False,False,left,0.0,434248.0,J. Larsson,RB,offensive_duel,False,False,,,False,,2761772954.0,,,,,,,,,,,,,,,,,,,,,,,,,,,,,
2761772954,5678949,2H,90,14,01:30:14.972,5604.972614,2761772955.0,,,,,,duel,"['defensive_duel', 'ground_duel', 'recovery']",15.0,58.0,7055,Eskilsminne,4-4-2,6849,Jönköpings Södra,4-4-1,434248,J. Larsson,RB,,,,,,,,,,2761772954.0,6.774325,['transition_low'],4.0,0.0,15.0,58.0,68.0,81.0,7055.0,Eskilsminne,4-4-2,,,,,,,,1060409.0,L. Lyck,CF,defensive_duel,,,True,True,False,,2761772767.0,,,,,,,,,,,,,,,,,,,,,,,,,,,,,
2761772955,5678949,2H,90,16,01:30:16.519,5606.519206,2761772768.0,,,,,,pass,"['forward_pass', 'long_pass', 'pass_to_final_third']",11.0,63.0,7055,Eskilsminne,4-4-2,6849,Jönköpings Södra,4-4-1,739449,L. Larsen,RCB,False,11.0,high,61.0,558236.0,L. Eek,LCB,68.0,81.0,2761772954.0,6.774325,['transition_low'],4.0,1.0,15.0,58.0,68.0,81.0,7055.0,Eskilsminne,4-4-2,,,,,,,,,,,,,,,,,,,,,,,,,,,,,,,,,,,,,,,,,,,,,,,
2761772768,5678949,2H,90,21,01:30:21.746,5611.746939,2761772957.0,,,,,,duel,"['foul_suffered', 'ground_duel', 'offensive_duel', 'recovery']",32.0,19.0,6849,Jönköpings Södra,4-4-1,7055,Eskilsminne,4-4-2,558236,L. Eek,LCB,,,,,,,,,,2761772954.0,6.774325,['transition_low'],4.0,2.0,15.0,58.0,68.0,81.0,7055.0,Eskilsminne,4-4-2,,,,,,,,1182527.0,T. Vanneryr,CF,offensive_duel,True,True,,,False,,2761772956.0,,,,,,,,,,,,,,,,,,,,,,,,,,,,,
2761772956,5678949,2H,90,21,01:30:21.746,5611.746939,2761772957.0,,,,,,duel,"['defensive_duel', 'ground_duel', 'loss']",68.0,81.0,7055,Eskilsminne,4-4-2,6849,Jönköpings Södra,4-4-1,1182527,T. Vanneryr,CF,,,,,,,,,,2761772954.0,6.774325,['transition_low'],4.0,3.0,15.0,58.0,68.0,81.0,7055.0,Eskilsminne,4-4-2,,,,,,,,558236.0,L. Eek,LCB,defensive_duel,,,False,False,False,,2761772768.0,,,,,,,,,,,,,,,,,,,,,,,,,,,,,
2761772957,5678949,2H,90,26,01:30:26.009,5616.00986,2761772768.0,,,,,,infraction,['foul'],65.0,79.0,7055,Eskilsminne,4-4-2,6849,Jönköpings Södra,4-4-1,1182527,T. Vanneryr,CF,,,,,,,,,,,,,,,,,,,,,,,,,,,,,,,,,,,,,,,,False,False,regular_foul,558236.0,L. Eek,LCB,,,,,,,,,,,,,,,,,,,,,,,
2761772769,5678949,2H,90,30,01:30:30.581,5620.581121,2761772770.0,,,,,,free_kick,[],34.0,19.0,6849,Jönköpings Södra,4-4-1,7055,Eskilsminne,4-4-2,558236,L. Eek,LCB,True,-39.0,,13.0,692804.0,O. Almström,LB,44.0,7.0,2761772769.0,6.8883895,"['set_piece_attack', 'free_kick']",6.0,0.0,34.0,19.0,65.0,37.0,6849.0,Jönköpings Södra,4-4-1,,,,,,,,,,,,,,,,,,,,,,,,,,,,,,,,,,,,,,,,,,,,,,,
2761772770,5678949,2H,90,32,01:30:32.256,5622.256472,2761772771.0,,,,,,touch,['carry'],44.0,7.0,6849,Jönköpings Södra,4-4-1,7055,Eskilsminne,4-4-2,692804,O. Almström,LB,,,,,,,,,,2761772769.0,6.8883895,"['set_piece_attack', 'free_kick']",6.0,1.0,34.0,19.0,65.0,37.0,6849.0,Jönköpings Södra,4-4-1,,,,,,,,,,,,,,,,,,,,,,,,,,14.1,60.0,6.0,,,,,,,,,,,,,,,,,,,
2761772771,5678949,2H,90,33,01:30:33.939,5623.939655,2761772958.0,,,,,,pass,"['lateral_pass', 'long_pass', 'pass_to_final_third']",60.0,6.0,6849,Jönköpings Södra,4-4-1,7055,Eskilsminne,4-4-2,692804,O. Almström,LB,False,75.0,high,35.0,989684.0,M. Larsson,LW,69.0,55.0,2761772769.0,6.8883895,"['set_piece_attack', 'free_kick']",6.0,2.0,34.0,19.0,65.0,37.0,6849.0,Jönköpings Södra,4-4-1,,,,,,,,,,,,,,,,,,,,,,,,,,,,,,,,,,,,,,,,,,,,,,,
2761772958,5678949,2H,90,36,01:30:36.425,5626.425813,2761772772.0,,,,,,touch,[],31.0,45.0,7055,Eskilsminne,4-4-2,6849,Jönköpings Södra,4-4-1,989684,M. Larsson,LW,,,,,,,,,,2761772769.0,6.8883895,"['set_piece_attack', 'free_kick']",6.0,3.0,34.0,19.0,65.0,37.0,6849.0,Jönköpings Södra,4-4-1,,,,,,,,,,,,,,,,,,,,,,,,,,,,,,,,,,,,,,,,,,,,,,,
2761772772,5678949,2H,90,36,01:30:36.613,5626.61368,2761772959.0,,,,,,pass,"['head_pass', 'lateral_pass', 'loss', 'short_or_medium_pass']",76.0,60.0,6849,Jönköpings Södra,4-4-1,7055,Eskilsminne,4-4-2,629185,K. Grauberg Lepik,RW,False,-127.0,high,19.0,517376.0,H. Norrby,LCMF,65.0,37.0,2761772769.0,6.8883895,"['set_piece_attack', 'free_kick']",6.0,4.0,34.0,19.0,65.0,37.0,6849.0,Jönköpings Södra,4-4-1,,,,,,,,,,,,,,,,,,,,,,,,,,,,,,,,,,,,,,,,,,,,,,,
2761772959,5678949,2H,90,38,01:30:38.325,5628.325341,2761772960.0,,,,,,touch,[],35.0,63.0,7055,Eskilsminne,4-4-2,6849,Jönköpings Södra,4-4-1,517376,H. Norrby,LCMF,,,,,,,,,,2761772769.0,6.8883895,"['set_piece_attack', 'free_kick']",6.0,5.0,34.0,19.0,65.0,37.0,6849.0,Jönköpings Södra,4-4-1,,,,,,,,,,,,,,,,,,,,,,,,,,,,,,,,,,,,,,,,,,,,,,,
2761772773,5678949,2H,90,41,01:30:41.727,5631.727095,2761772774.0,,,,,,duel,"['defensive_duel', 'ground_duel']",55.0,33.0,6849,Jönköpings Södra,4-4-1,7055,Eskilsminne,4-4-2,613701,H. Lyck,RCB,,,,,,,,,,,,,,,,,,,,,,,,,,,,,517376.0,H. Norrby,LCMF,defensive_duel,,,False,False,False,,2761772960.0,,,,,,,,,,,,,,,,,,,,,,,,,,,,,
2761772960,5678949,2H,90,41,01:30:41.727,5631.727095,2761772774.0,,,,,,duel,"['foul_suffered', 'ground_duel', 'loss', 'offensive_duel']",45.0,67.0,7055,Eskilsminne,4-4-2,6849,Jönköpings Södra,4-4-1,517376,H. Norrby,LCMF,,,,,,,,,,,,,,,,,,,,,,,,,,,,,613701.0,H. Lyck,RCB,offensive_duel,True,True,,,False,,2761772773.0,,,,,,,,,,,,,,,,,,,,,,,,,,,,,
2761772774,5678949,2H,90,42,01:30:42.573,5632.573192,2761772960.0,,,,,,infraction,['foul'],53.0,38.0,6849,Jönköpings Södra,4-4-1,7055,Eskilsminne,4-4-2,613701,H. Lyck,RCB,,,,,,,,,,,,,,,,,,,,,,,,,,,,,,,,,,,,,,,,False,False,regular_foul,517376.0,H. Norrby,LCMF,,,,,,,,,,,,,,,,,,,,,,,
2761772961,5678949,2H,91,15,01:31:15.306,5665.306187,2761772962.0,,,,,,free_kick,[],52.0,66.0,7055,Eskilsminne,4-4-2,6849,Jönköpings Södra,4-4-1,739449,L. Larsen,RCB,True,-41.0,,64.0,615876.0,E. Hintsa,SS,98.0,5.0,2761772961.0,20.7610075,"['set_piece_attack', 'attack', 'free_kick']",6.0,0.0,52.0,66.0,100.0,71.0,7055.0,Eskilsminne,4-4-2,,,False,False,False,left,0.0,,,,,,,,,,,,,,,,,,,,,,,,,,,,,,,,,,,,,,,,
2761772962,5678949,2H,91,23,01:31:23.791,5673.791094,2761772963.0,,,,,,pass,"['back_pass', 'short_or_medium_pass']",98.0,5.0,7055,Eskilsminne,4-4-2,6849,Jönköpings Södra,4-4-1,615876,E. Hintsa,SS,True,180.0,,11.0,989684.0,M. Larsson,LW,88.0,5.0,2761772961.0,20.7610075,"['set_piece_attack', 'attack', 'free_kick']",6.0,1.0,52.0,66.0,100.0,71.0,7055.0,Eskilsminne,4-4-2,,,False,False,False,left,0.0,,,,,,,,,,,,,,,,,,,,,,,,,,,,,,,,,,,,,,,,
2761772963,5678949,2H,91,26,01:31:26.007,5676.007326,2761772964.0,,,,,,pass,"['back_pass', 'short_or_medium_pass']",88.0,5.0,7055,Eskilsminne,4-4-2,6849,Jönköpings Södra,4-4-1,989684,M. Larsson,LW,True,176.0,,14.0,271007.0,J. Lernesjö,LB,75.0,6.0,2761772961.0,20.7610075,"['set_piece_attack', 'attack', 'free_kick']",6.0,2.0,52.0,66.0,100.0,71.0,7055.0,Eskilsminne,4-4-2,,,False,False,False,left,0.0,,,,,,,,,,,,,,,,,,,,,,,,,,,,,,,,,,,,,,,,
2761772964,5678949,2H,91,30,01:31:30.169,5680.16988,2761772965.0,,,,,,pass,"['lateral_pass', 'progressive_pass', 'short_or_medium_pass']",75.0,6.0,7055,Eskilsminne,4-4-2,6849,Jönköpings Södra,4-4-1,271007,J. Lernesjö,LB,True,85.0,,24.0,517376.0,H. Norrby,LCMF,77.0,41.0,2761772961.0,20.7610075,"['set_piece_attack', 'attack', 'free_kick']",6.0,3.0,52.0,66.0,100.0,71.0,7055.0,Eskilsminne,4-4-2,,,False,False,False,left,0.0,,,,,,,,,,,,,,,,,,,,,,,,,,,,,,,,,,,,,,,,
2761772965,5678949,2H,91,34,01:31:34.417,5684.417526,2761772776.0,,,,,,pass,"['forward_pass', 'pass_to_penalty_area', 'short_or_medium_pass']",77.0,41.0,7055,Eskilsminne,4-4-2,6849,Jönköpings Södra,4-4-1,517376,H. Norrby,LCMF,False,40.0,,32.0,0.0,,,100.0,71.0,2761772961.0,20.7610075,"['set_piece_attack', 'attack', 'free_kick']",6.0,4.0,52.0,66.0,100.0,71.0,7055.0,Eskilsminne,4-4-2,,,False,False,False,left,0.0,,,,,,,,,,,,,,,,,,,,,,,,,,,,,,,,,,,,,,,,
2761772776,5678949,2H,91,37,01:31:37.716,5687.716863,,,,,,,game_interruption,['ball_out'],0.0,29.0,6849,Jönköpings Södra,4-4-1,7055,Eskilsminne,4-4-2,0,,,,,,,,,,,,2761772961.0,20.7610075,"['set_piece_attack', 'attack', 'free_kick']",6.0,5.0,52.0,66.0,100.0,71.0,7055.0,Eskilsminne,4-4-2,,,False,False,False,left,0.0,,,,,,,,,,,,,,,,,,,,,,,,,,,,,,,,,,,,,,,,
2761772777,5678949,2H,91,45,01:31:45.871,5695.871105,2761772778.0,,,,,,goal_kick,[],0.0,40.0,6849,Jönköpings Södra,4-4-1,7055,Eskilsminne,4-4-2,899727,A. Eriksson,GK,True,-9.0,,53.0,629185.0,K. Grauberg Lepik,RW,55.0,28.0,2761772777.0,18.2883005,"['set_piece_attack', 'free_kick']",9.0,0.0,0.0,40.0,81.0,18.0,6849.0,Jönköpings Södra,4-4-1,,,,,,,,,,,,,,,,,,,,,,,,,,,,,,,,,,,,,,,,,,,,,,,
2761772778,5678949,2H,91,47,01:31:47.421,5697.421511,2761772967.0,,,,,,duel,['loose_ball_duel'],55.0,28.0,6849,Jönköpings Södra,4-4-1,7055,Eskilsminne,4-4-2,629185,K. Grauberg Lepik,RW,,,,,,,,,,2761772777.0,18.2883005,"['set_piece_attack', 'free_kick']",9.0,1.0,0.0,40.0,81.0,18.0,6849.0,Jönköpings Södra,4-4-1,,,,,,,,,,,,,,,,,,,,,,,,,,,,,,,,,,,,,,,,,,,,,,,
2761772966,5678949,2H,91,47,01:31:47.421,5697.421511,2761772967.0,,,,,,duel,"['loose_ball_duel', 'recovery', 'counterpressing_recovery']",45.0,72.0,7055,Eskilsminne,4-4-2,6849,Jönköpings Södra,4-4-1,739449,L. Larsen,RCB,,,,,,,,,,2761772777.0,18.2883005,"['set_piece_attack', 'free_kick']",9.0,2.0,0.0,40.0,81.0,18.0,6849.0,Jönköpings Södra,4-4-1,,,,,,,,,,,,,,,,,,,,,,,,,,,,,,,,,,,,,,,,,,,,,,,
2761772967,5678949,2H,91,48,01:31:48.798,5698.798441,2761772780.0,,,,,,pass,"['forward_pass', 'head_pass', 'loss', 'short_or_medium_pass']",43.0,70.0,7055,Eskilsminne,4-4-2,6849,Jönköpings Södra,4-4-1,739449,L. Larsen,RCB,False,-45.0,high,15.0,51830.0,D. Kozica,RCMF,53.0,55.0,2761772777.0,18.2883005,"['set_piece_attack', 'free_kick']",9.0,3.0,0.0,40.0,81.0,18.0,6849.0,Jönköpings Södra,4-4-1,,,,,,,,,,,,,,,,,,,,,,,,,,,,,,,,,,,,,,,,,,,,,,,
2761772780,5678949,2H,91,51,01:31:51.006,5701.006475,2761772968.0,,,,,,pass,"['forward_pass', 'head_pass', 'loss', 'pass_to_final_third', 'short_or_medium_pass']",47.0,45.0,6849,Jönköpings Södra,4-4-1,7055,Eskilsminne,4-4-2,51830,D. Kozica,RCMF,False,-32.0,high,30.0,434248.0,J. Larsson,RB,71.0,22.0,2761772777.0,18.2883005,"['set_piece_attack', 'free_kick']",9.0,4.0,0.0,40.0,81.0,18.0,6849.0,Jönköpings Södra,4-4-1,,,,,,,,,,,,,,,,,,,,,,,,,,,,,,,,,,,,,,,,,,,,,,,
2761772968,5678949,2H,91,52,01:31:52.716,5702.71618,2761772781.0,,,,,,pass,"['forward_pass', 'loss', 'short_or_medium_pass']",29.0,78.0,7055,Eskilsminne,4-4-2,6849,Jönköpings Södra,4-4-1,434248,J. Larsson,RB,False,5.0,,34.0,692804.0,O. Almström,LB,61.0,82.0,2761772777.0,18.2883005,"['set_piece_attack', 'free_kick']",9.0,5.0,0.0,40.0,81.0,18.0,6849.0,Jönköpings Södra,4-4-1,,,,,,,,,,,,,,,,,,,,,,,,,,,,,,,,,,,,,,,,,,,,,,,
2761772781,5678949,2H,91,54,01:31:54.710,5704.710809,2761772782.0,,,,,,touch,"['progressive_run', 'carry']",39.0,18.0,6849,Jönköpings Södra,4-4-1,7055,Eskilsminne,4-4-2,692804,O. Almström,LB,,,,,,,,,,2761772777.0,18.2883005,"['set_piece_attack', 'free_kick']",9.0,6.0,0.0,40.0,81.0,18.0,6849.0,Jönköpings Södra,4-4-1,,,,,,,,,,,,,,,,,,,,,,,,,,17.23,57.0,17.0,,,,,,,,,,,,,,,,,,,
2761772782,5678949,2H,91,59,01:31:59.325,5709.32577,2761772783.0,,,,,,pass,"['forward_pass', 'pass_to_final_third', 'short_or_medium_pass']",57.0,17.0,6849,Jönköpings Södra,4-4-1,7055,Eskilsminne,4-4-2,692804,O. Almström,LB,True,-25.0,,16.0,674204.0,F. Benatallah,LW,71.0,7.0,2761772777.0,18.2883005,"['set_piece_attack', 'free_kick']",9.0,7.0,0.0,40.0,81.0,18.0,6849.0,Jönköpings Södra,4-4-1,,,,,,,,,,,,,,,,,,,,,,,,,,,,,,,,,,,,,,,,,,,,,,,
2761772783,5678949,2H,92,3,01:32:03.778,5713.778426,2761772969.0,,,,,,pass,"['forward_pass', 'loss', 'short_or_medium_pass']",71.0,7.0,6849,Jönköpings Södra,4-4-1,7055,Eskilsminne,4-4-2,674204,F. Benatallah,LW,False,35.0,,13.0,434248.0,J. Larsson,RB,81.0,18.0,2761772777.0,18.2883005,"['set_piece_attack', 'free_kick']",9.0,8.0,0.0,40.0,81.0,18.0,6849.0,Jönköpings Södra,4-4-1,,,,,,,,,,,,,,,,,,,,,,,,,,,,,,,,,,,,,,,,,,,,,,,
2761772969,5678949,2H,92,4,01:32:04.540,5714.540385,2761772784.0,,,,,,clearance,['loss'],19.0,82.0,7055,Eskilsminne,4-4-2,6849,Jönköpings Södra,4-4-1,434248,J. Larsson,RB,,,,,,,,,,2761772969.0,1.3015445,[],2.0,0.0,19.0,82.0,34.0,100.0,7055.0,Eskilsminne,4-4-2,,,,,,,,,,,,,,,,,,,,,,,,,,,,,,,,,,,,,,,,,,,,,,,
2761772784,5678949,2H,92,7,01:32:07.143,5717.143474,,,,,,,game_interruption,['ball_out'],66.0,0.0,6849,Jönköpings Södra,4-4-1,7055,Eskilsminne,4-4-2,0,,,,,,,,,,,,2761772969.0,1.3015445,[],2.0,1.0,19.0,82.0,34.0,100.0,7055.0,Eskilsminne,4-4-2,,,,,,,,,,,,,,,,,,,,,,,,,,,,,,,,,,,,,,,,,,,,,,,
2761772785,5678949,2H,92,8,01:32:08.986,5718.986365,2761772786.0,,,,,,throw_in,[],78.0,0.0,6849,Jönköpings Södra,4-4-1,7055,Eskilsminne,4-4-2,692804,O. Almström,LB,True,159.0,,17.0,51830.0,D. Kozica,RCMF,63.0,9.0,2761772785.0,8.0036615,"['attack', 'throw_in']",4.0,0.0,78.0,0.0,95.0,100.0,6849.0,Jönköpings Södra,4-4-1,,,False,False,False,left,0.0,,,,,,,,,,,,,,,,,,,,,,,,,,,,,,,,,,,,,,,,
2761772786,5678949,2H,92,10,01:32:10.769,5720.769768,2761772787.0,,,,,,pass,"['forward_pass', 'pass_to_final_third', 'progressive_pass', 'short_or_medium_pass']",63.0,9.0,6849,Jönköpings Södra,4-4-1,7055,Eskilsminne,4-4-2,51830,D. Kozica,RCMF,True,-9.0,,20.0,692804.0,O. Almström,LB,82.0,4.0,2761772785.0,8.0036615,"['attack', 'throw_in']",4.0,1.0,78.0,0.0,95.0,100.0,6849.0,Jönköpings Södra,4-4-1,,,False,False,False,left,0.0,,,,,,,,,,,,,,,,,,,,,,,,,,,,,,,,,,,,,,,,
2761772787,5678949,2H,92,13,01:32:13.074,5723.074871,2761772789.0,,,,,,pass,"['cross', 'lateral_pass', 'long_pass']",82.0,4.0,6849,Jönköpings Södra,4-4-1,7055,Eskilsminne,4-4-2,692804,O. Almström,LB,False,78.0,high,67.0,0.0,,,95.0,100.0,2761772785.0,8.0036615,"['attack', 'throw_in']",4.0,2.0,78.0,0.0,95.0,100.0,6849.0,Jönköpings Södra,4-4-1,,,False,False,False,left,0.0,,,,,,,,,,,,,,,,,,,,,,,,,,,,,,,,,,,,,,,,
2761772789,5678949,2H,92,20,01:32:20.905,5730.905182,,,,,,,game_interruption,['ball_out'],95.0,100.0,6849,Jönköpings Södra,4-4-1,7055,Eskilsminne,4-4-2,0,,,,,,,,,,,,2761772785.0,8.0036615,"['attack', 'throw_in']",4.0,3.0,78.0,0.0,95.0,100.0,6849.0,Jönköpings Södra,4-4-1,,,False,False,False,left,0.0,,,,,,,,,,,,,,,,,,,,,,,,,,,,,,,,,,,,,,,,
2761772970,5678949,2H,92,37,01:32:37.526,5747.526025,2761772971.0,,,,,,throw_in,[],7.0,0.0,7055,Eskilsminne,4-4-2,6849,Jönköpings Södra,4-4-1,271007,J. Lernesjö,LB,True,22.0,,10.0,989684.0,M. Larsson,LW,16.0,6.0,2761772970.0,6.816051,['throw_in'],5.0,0.0,7.0,0.0,57.0,0.0,7055.0,Eskilsminne,4-4-2,,,,,,,,,,,,,,,,,,,,,,,,,,,,,,,,,,,,,,,,,,,,,,,
2761772971,5678949,2H,92,38,01:32:38.751,5748.751595,2761772972.0,,,,,,pass,"['back_pass', 'short_or_medium_pass']",16.0,6.0,7055,Eskilsminne,4-4-2,6849,Jönköpings Södra,4-4-1,989684,M. Larsson,LW,True,-175.0,,12.0,271007.0,J. Lernesjö,LB,5.0,4.0,2761772970.0,6.816051,['throw_in'],5.0,1.0,7.0,0.0,57.0,0.0,7055.0,Eskilsminne,4-4-2,,,,,,,,,,,,,,,,,,,,,,,,,,,,,,,,,,,,,,,,,,,,,,,
2761772972,5678949,2H,92,39,01:32:39.654,5749.654621,2761772973.0,,,,,,pass,"['forward_pass', 'long_pass', 'progressive_pass']",5.0,4.0,7055,Eskilsminne,4-4-2,6849,Jönköpings Södra,4-4-1,271007,J. Lernesjö,LB,True,0.0,high,41.0,1182527.0,T. Vanneryr,CF,44.0,5.0,2761772970.0,6.816051,['throw_in'],5.0,2.0,7.0,0.0,57.0,0.0,7055.0,Eskilsminne,4-4-2,,,,,,,,,,,,,,,,,,,,,,,,,,,,,,,,,,,,,,,,,,,,,,,
2761772973,5678949,2H,92,42,01:32:42.269,5752.269352,2761772791.0,,,,,,touch,[],44.0,5.0,7055,Eskilsminne,4-4-2,6849,Jönköpings Södra,4-4-1,1182527,T. Vanneryr,CF,,,,,,,,,,2761772970.0,6.816051,['throw_in'],5.0,3.0,7.0,0.0,57.0,0.0,7055.0,Eskilsminne,4-4-2,,,,,,,,,,,,,,,,,,,,,,,,,,,,,,,,,,,,,,,,,,,,,,,
2761772791,5678949,2H,92,46,01:32:46.414,5756.4148,,,,,,,game_interruption,['ball_out'],43.0,100.0,6849,Jönköpings Södra,4-4-1,7055,Eskilsminne,4-4-2,0,,,,,,,,,,,,2761772970.0,6.816051,['throw_in'],5.0,4.0,7.0,0.0,57.0,0.0,7055.0,Eskilsminne,4-4-2,,,,,,,,,,,,,,,,,,,,,,,,,,,,,,,,,,,,,,,,,,,,,,,
2761772792,5678949,2H,92,52,01:32:52.880,5762.880496,2761772974.0,,,,,,throw_in,['loss'],61.0,100.0,6849,Jönköpings Södra,4-4-1,7055,Eskilsminne,4-4-2,613701,H. Lyck,RCB,False,-13.0,,23.0,271007.0,J. Lernesjö,LB,82.0,93.0,2761772792.0,1.001124,['throw_in'],1.0,0.0,61.0,100.0,82.0,93.0,6849.0,Jönköpings Södra,4-4-1,,,,,,,,,,,,,,,,,,,,,,,,,,,,,,,,,,,,,,,,,,,,,,,
2761772974,5678949,2H,92,54,01:32:54.882,5764.882744,2761772793.0,,,,,,interception,['head_pass'],18.0,7.0,7055,Eskilsminne,4-4-2,6849,Jönköpings Södra,4-4-1,271007,J. Lernesjö,LB,,,,,,,,,,2761772974.0,0.941416,[],2.0,0.0,18.0,7.0,13.0,0.0,7055.0,Eskilsminne,4-4-2,,,,,,,,,,,,,,,,,,,,,,,,,,,,,,,,,,,,,,,,,,,,,,,
2761772793,5678949,2H,92,56,01:32:56.765,5766.765576,,,,,,,game_interruption,['ball_out'],87.0,100.0,6849,Jönköpings Södra,4-4-1,7055,Eskilsminne,4-4-2,0,,,,,,,,,,,,2761772974.0,0.941416,[],2.0,1.0,18.0,7.0,13.0,0.0,7055.0,Eskilsminne,4-4-2,,,,,,,,,,,,,,,,,,,,,,,,,,,,,,,,,,,,,,,,,,,,,,,
2761772794,5678949,2H,93,1,01:33:01.258,5771.258528,2761772795.0,,,,,,throw_in,[],78.0,100.0,6849,Jönköpings Södra,4-4-1,7055,Eskilsminne,4-4-2,51830,D. Kozica,RCMF,True,-55.0,,12.0,812471.0,A. Eriksson,LCMF,85.0,86.0,2761772794.0,11.346183,"['attack', 'throw_in']",6.0,0.0,78.0,100.0,97.0,81.0,6849.0,Jönköpings Södra,4-4-1,,,False,False,False,right,0.0,,,,,,,,,,,,,,,,,,,,,,,,,,,,,,,,,,,,,,,,
2761772795,5678949,2H,93,4,01:33:04.579,5774.579213,2761772797.0,,,,,,duel,"['ground_duel', 'offensive_duel', 'carry']",85.0,86.0,6849,Jönköpings Södra,4-4-1,7055,Eskilsminne,4-4-2,812471,A. Eriksson,LCMF,,,,,,,,,,2761772794.0,11.346183,"['attack', 'throw_in']",6.0,1.0,78.0,100.0,97.0,81.0,6849.0,Jönköpings Södra,4-4-1,,,False,False,False,right,0.0,271007.0,J. Lernesjö,LB,offensive_duel,True,False,,,False,,2761772975.0,,,,,,,,-5.174,81.0,91.0,,,,,,,,,,,,,,,,,,,
2761772975,5678949,2H,93,4,01:33:04.579,5774.579213,2761772797.0,,,,,,duel,"['defensive_duel', 'ground_duel']",15.0,14.0,7055,Eskilsminne,4-4-2,6849,Jönköpings Södra,4-4-1,271007,J. Lernesjö,LB,,,,,,,,,,2761772794.0,11.346183,"['attack', 'throw_in']",6.0,2.0,78.0,100.0,97.0,81.0,6849.0,Jönköpings Södra,4-4-1,,,False,False,False,right,0.0,812471.0,A. Eriksson,LCMF,defensive_duel,,,True,False,False,,2761772795.0,,,,,,,,,,,,,,,,,,,,,,,,,,,,,
2761772797,5678949,2H,93,5,01:33:05.247,5775.247173,2761772798.0,,,,,,pass,"['forward_pass', 'short_or_medium_pass']",81.0,91.0,6849,Jönköpings Södra,4-4-1,7055,Eskilsminne,4-4-2,812471,A. Eriksson,LCMF,True,0.0,,8.0,51830.0,D. Kozica,RCMF,89.0,91.0,2761772794.0,11.346183,"['attack', 'throw_in']",6.0,3.0,78.0,100.0,97.0,81.0,6849.0,Jönköpings Södra,4-4-1,,,False,False,False,right,0.0,,,,,,,,,,,,,,,,,,,,,,,,,,,,,,,,,,,,,,,,
2761772798,5678949,2H,93,9,01:33:09.715,5779.715691,2761772799.0,,,,,,pass,"['forward_pass', 'short_or_medium_pass']",89.0,91.0,6849,Jönköpings Södra,4-4-1,7055,Eskilsminne,4-4-2,51830,D. Kozica,RCMF,True,0.0,,5.0,615319.0,A. Karlsson,RB,94.0,91.0,2761772794.0,11.346183,"['attack', 'throw_in']",6.0,4.0,78.0,100.0,97.0,81.0,6849.0,Jönköpings Södra,4-4-1,,,False,False,False,right,0.0,,,,,,,,,,,,,,,,,,,,,,,,,,,,,,,,,,,,,,,,
2761772799,5678949,2H,93,11,01:33:11.258,5781.258708,,,,,,,pass,"['cross', 'cross_blocked']",94.0,91.0,6849,Jönköpings Södra,4-4-1,7055,Eskilsminne,4-4-2,615319,A. Karlsson,RB,False,45.0,blocked,9.0,0.0,,,100.0,100.0,2761772794.0,11.346183,"['attack', 'throw_in']",6.0,5.0,78.0,100.0,97.0,81.0,6849.0,Jönköpings Södra,4-4-1,,,False,False,False,right,0.0,,,,,,,,,,,,,,,,,,,,,,,,,,,,,,,,,,,,,,,,
2761772976,5678949,2H,93,13,01:33:13.950,5783.950714,2761773451.0,,,,,,interception,"['forward_pass', 'pass', 'recovery', 'short_or_medium_pass']",3.0,19.0,7055,Eskilsminne,4-4-2,6849,Jönköpings Södra,4-4-1,271007,J. Lernesjö,LB,True,-19.0,,18.0,0.0,,,19.0,10.0,2761772976.0,5.5960385,[],5.0,0.0,3.0,19.0,0.0,0.0,7055.0,Eskilsminne,4-4-2,,,,,,,,,,,,,,,,,,,,,,,,,,,,,,,,,,,,,,,,,,,,,,,
2761772801,5678949,2H,93,15,01:33:15.293,5785.29355,2761772977.0,,,,,,duel,"['defensive_duel', 'dribbled_past_attempt', 'ground_duel']",81.0,90.0,6849,Jönköpings Södra,4-4-1,7055,Eskilsminne,4-4-2,812471,A. Eriksson,LCMF,,,,,,,,,,2761772976.0,5.5960385,[],5.0,1.0,3.0,19.0,0.0,0.0,7055.0,Eskilsminne,4-4-2,,,,,,,,0.0,,,defensive_duel,,,False,False,True,right,2761773451.0,,,,,,,,,,,,,,,,,,,,,,,,,,,,,
2761773451,5678949,2H,93,15,01:33:15.293,5785.29355,2761772977.0,,,,,,duel,"['dribble', 'ground_duel', 'offensive_duel']",19.0,10.0,7055,Eskilsminne,4-4-2,6849,Jönköpings Södra,4-4-1,0,,,,,,,,,,,,2761772976.0,5.5960385,[],5.0,2.0,3.0,19.0,0.0,0.0,7055.0,Eskilsminne,4-4-2,,,,,,,,812471.0,A. Eriksson,LCMF,dribble,True,True,,,True,left,2761772801.0,,,,,,,,,,,,,,,,,,,,,,,,,,,,,
2761772977,5678949,2H,93,19,01:33:19.008,5789.008211,2761772802.0,,,,,,pass,"['back_pass', 'progressive_pass', 'short_or_medium_pass']",26.0,6.0,7055,Eskilsminne,4-4-2,6849,Jönköpings Södra,4-4-1,493674,C. Seger,RCMF,False,-172.0,,28.0,0.0,,,0.0,0.0,2761772976.0,5.5960385,[],5.0,3.0,3.0,19.0,0.0,0.0,7055.0,Eskilsminne,4-4-2,,,,,,,,,,,,,,,,,,,,,,,,,,,,,,,,,,,,,,,,,,,,,,,
2761772802,5678949,2H,93,20,01:33:20.085,5790.085294,,,,,,,game_interruption,['whistle'],,,6849,Jönköpings Södra,4-4-1,7055,Eskilsminne,4-4-2,0,,,,,,,,,,,,2761772976.0,5.5960385,[],5.0,4.0,3.0,19.0,0.0,0.0,7055.0,Eskilsminne,4-4-2,,,,,,,,,,,,,,,,,,,,,,,,,,,,,,,,,,,,,,,,,,,,,,,
2761772805,5678949,2H,95,5,01:35:05.706,5895.706902,,,,,,,infraction,['yellow_card'],92.0,72.0,6849,Jönköpings Södra,4-4-1,7055,Eskilsminne,4-4-2,674204,F. Benatallah,LW,,,,,,,,,,,,,,,,,,,,,,,,,,,,,,,,,,,,,,,,True,False,out_of_play_foul,,,,,,,,,,,,,,,,,,,,,,,,,,
2761772984,5678949,2H,95,5,01:35:05.863,5895.863615,,,,,,,infraction,['yellow_card'],11.0,27.0,7055,Eskilsminne,4-4-2,6849,Jönköpings Södra,4-4-1,434248,J. Larsson,RB,,,,,,,,,,,,,,,,,,,,,,,,,,,,,,,,,,,,,,,,True,False,out_of_play_foul,,,,,,,,,,,,,,,,,,,,,,,,,,
2761772978,5678949,2H,96,0,01:36:00.058,5950.058525,2761772806.0,,,,,,pass,"['forward_pass', 'long_pass', 'pass_to_final_third']",25.0,13.0,7055,Eskilsminne,4-4-2,6849,Jönköpings Södra,4-4-1,493674,C. Seger,RCMF,False,-8.0,high,62.0,0.0,,,83.0,0.0,2761772978.0,2.8043615,[],2.0,0.0,25.0,13.0,83.0,0.0,7055.0,Eskilsminne,4-4-2,,,,,,,,,,,,,,,,,,,,,,,,,,,,,,,,,,,,,,,,,,,,,,,
2761772806,5678949,2H,96,5,01:36:05.667,5955.667248,,,,,,,game_interruption,['ball_out'],17.0,100.0,6849,Jönköpings Södra,4-4-1,7055,Eskilsminne,4-4-2,0,,,,,,,,,,,,2761772978.0,2.8043615,[],2.0,1.0,25.0,13.0,83.0,0.0,7055.0,Eskilsminne,4-4-2,,,,,,,,,,,,,,,,,,,,,,,,,,,,,,,,,,,,,,,,,,,,,,,
2761772807,5678949,2H,96,16,01:36:16.412,5966.412674,2761772808.0,,,,,,throw_in,[],23.0,100.0,6849,Jönköpings Södra,4-4-1,7055,Eskilsminne,4-4-2,615319,A. Karlsson,RB,True,-16.0,,18.0,629185.0,K. Grauberg Lepik,RW,39.0,92.0,2761772807.0,1.573172,['throw_in'],2.0,0.0,23.0,100.0,39.0,92.0,6849.0,Jönköpings Södra,4-4-1,,,,,,,,,,,,,,,,,,,,,,,,,,,,,,,,,,,,,,,,,,,,,,,
2761772808,5678949,2H,96,17,01:36:17.985,5967.985846,2761772980.0,,,,,,duel,"['ground_duel', 'loss', 'offensive_duel']",39.0,92.0,6849,Jönköpings Södra,4-4-1,7055,Eskilsminne,4-4-2,629185,K. Grauberg Lepik,RW,,,,,,,,,,2761772807.0,1.573172,['throw_in'],2.0,1.0,23.0,100.0,39.0,92.0,6849.0,Jönköpings Södra,4-4-1,,,,,,,,271007.0,J. Lernesjö,LB,offensive_duel,False,False,,,False,,2761772979.0,,,,,,,,,,,,,,,,,,,,,,,,,,,,,
2761772979,5678949,2H,96,17,01:36:17.985,5967.985846,2761772980.0,,,,,,duel,"['defensive_duel', 'ground_duel', 'recovery', 'counterpressing_recovery']",61.0,8.0,7055,Eskilsminne,4-4-2,6849,Jönköpings Södra,4-4-1,271007,J. Lernesjö,LB,,,,,,,,,,2761772979.0,4.0595175,[],5.0,0.0,61.0,8.0,67.0,24.0,7055.0,Eskilsminne,4-4-2,,,,,,,,629185.0,K. Grauberg Lepik,RW,defensive_duel,,,True,True,False,,2761772808.0,,,,,,,,,,,,,,,,,,,,,,,,,,,,,
2761772980,5678949,2H,96,19,01:36:19.505,5969.505483,2761772981.0,,,,,,pass,['short_or_medium_pass'],64.0,14.0,7055,Eskilsminne,4-4-2,6849,Jönköpings Södra,4-4-1,517376,H. Norrby,LCMF,True,74.0,,8.0,517376.0,H. Norrby,LCMF,66.0,25.0,2761772979.0,4.0595175,[],5.0,1.0,61.0,8.0,67.0,24.0,7055.0,Eskilsminne,4-4-2,,,,,,,,,,,,,,,,,,,,,,,,,,,,,,,,,,,,,,,,,,,,,,,
2761772809,5678949,2H,96,21,01:36:21.789,5971.789238,2761772810.0,,,,,,duel,"['defensive_duel', 'ground_duel']",34.0,75.0,6849,Jönköpings Södra,4-4-1,7055,Eskilsminne,4-4-2,812471,A. Eriksson,LCMF,,,,,,,,,,2761772979.0,4.0595175,[],5.0,2.0,61.0,8.0,67.0,24.0,7055.0,Eskilsminne,4-4-2,,,,,,,,517376.0,H. Norrby,LCMF,defensive_duel,,,False,False,False,,2761772981.0,,,,,,,,,,,,,,,,,,,,,,,,,,,,,
2761772981,5678949,2H,96,21,01:36:21.789,5971.789238,2761772810.0,,,,,,duel,"['foul_suffered', 'ground_duel', 'offensive_duel']",66.0,25.0,7055,Eskilsminne,4-4-2,6849,Jönköpings Södra,4-4-1,517376,H. Norrby,LCMF,,,,,,,,,,2761772979.0,4.0595175,[],5.0,3.0,61.0,8.0,67.0,24.0,7055.0,Eskilsminne,4-4-2,,,,,,,,812471.0,A. Eriksson,LCMF,offensive_duel,True,True,,,False,,2761772809.0,,,,,,,,,,,,,,,,,,,,,,,,,,,,,
2761772810,5678949,2H,96,22,01:36:22.301,5972.301489,2761772981.0,,,,,,infraction,['foul'],33.0,76.0,6849,Jönköpings Södra,4-4-1,7055,Eskilsminne,4-4-2,812471,A. Eriksson,LCMF,,,,,,,,,,2761772979.0,4.0595175,[],5.0,4.0,61.0,8.0,67.0,24.0,7055.0,Eskilsminne,4-4-2,,,,,,,,,,,,,,,,,,,False,False,regular_foul,517376.0,H. Norrby,LCMF,,,,,,,,,,,,,,,,,,,,,,,
2761772982,5678949,2H,96,35,01:36:35.827,5985.827266,2761772983.0,,,,,,free_kick,[],71.0,18.0,7055,Eskilsminne,4-4-2,6849,Jönköpings Södra,4-4-1,517376,H. Norrby,LCMF,True,-162.0,,9.0,566323.0,F. Velander,LCB,63.0,13.0,2761772982.0,1.8242025,"['set_piece_attack', 'attack', 'free_kick']",2.0,0.0,71.0,18.0,63.0,13.0,7055.0,Eskilsminne,4-4-2,,,False,False,False,left,0.0,,,,,,,,,,,,,,,,,,,,,,,,,,,,,,,,,,,,,,,,
2761772983,5678949,2H,96,39,01:36:39.475,5989.475671,,,,,,,pass,"['progressive_pass', 'short_or_medium_pass']",63.0,13.0,7055,Eskilsminne,4-4-2,6849,Jönköpings Södra,4-4-1,566323,F. Velander,LCB,False,-172.0,,67.0,0.0,,,0.0,0.0,2761772982.0,1.8242025,"['set_piece_attack', 'attack', 'free_kick']",2.0,1.0,71.0,18.0,63.0,13.0,7055.0,Eskilsminne,4-4-2,,,False,False,False,left,0.0,,,,,,,,,,,,,,,,,,,,,,,,,,,,,,,,,,,,,,,,
